/*
Navicat MySQL Data Transfer

Source Server         : wh
Source Server Version : 50624
Source Host           : 127.0.0.1:3307
Source Database       : wh

Target Server Type    : MYSQL
Target Server Version : 50624
File Encoding         : 65001

Date: 2015-11-20 15:08:26
*/

SET FOREIGN_KEY_CHECKS=0;
-- ----------------------------
-- Table structure for `sys_arena_prize`
-- ----------------------------
DROP TABLE IF EXISTS `sys_arena_prize`;
CREATE TABLE `sys_arena_prize` (
  `rank` int(10) unsigned NOT NULL COMMENT '>= 此排名',
  `prize` varchar(511) NOT NULL COMMENT '奖励',
  PRIMARY KEY (`rank`)
) ENGINE=InnoDB DEFAULT CHARSET=utf8;

-- ----------------------------
-- Records of sys_arena_prize
-- ----------------------------
INSERT INTO sys_arena_prize VALUES ('1', '13-0-600|16-0-800');
INSERT INTO sys_arena_prize VALUES ('2', '13-0-550|16-0-750');
INSERT INTO sys_arena_prize VALUES ('3', '13-0-500|16-0-700');
INSERT INTO sys_arena_prize VALUES ('4', '13-0-450|16-0-650');
INSERT INTO sys_arena_prize VALUES ('5', '13-0-400|16-0-635');
INSERT INTO sys_arena_prize VALUES ('6', '13-0-360|16-0-620');
INSERT INTO sys_arena_prize VALUES ('7', '13-0-330|16-0-605');
INSERT INTO sys_arena_prize VALUES ('8', '13-0-320|16-0-590');
INSERT INTO sys_arena_prize VALUES ('9', '13-0-310|16-0-575');
INSERT INTO sys_arena_prize VALUES ('10', '13-0-300|16-0-560');
INSERT INTO sys_arena_prize VALUES ('11', '13-0-240|16-0-540');
INSERT INTO sys_arena_prize VALUES ('21', '13-0-220|16-0-520');
INSERT INTO sys_arena_prize VALUES ('31', '13-0-200|16-0-500');
INSERT INTO sys_arena_prize VALUES ('41', '13-0-180|16-0-480');
INSERT INTO sys_arena_prize VALUES ('51', '13-0-160|16-0-460');
INSERT INTO sys_arena_prize VALUES ('71', '13-0-140|16-0-430');
INSERT INTO sys_arena_prize VALUES ('101', '13-0-120|16-0-380');
INSERT INTO sys_arena_prize VALUES ('201', '13-0-90|16-0-350');
INSERT INTO sys_arena_prize VALUES ('301', '13-0-80|16-0-320');
INSERT INTO sys_arena_prize VALUES ('401', '13-0-75|16-0-270');
INSERT INTO sys_arena_prize VALUES ('501', '13-0-70|16-0-230');
INSERT INTO sys_arena_prize VALUES ('701', '13-0-60|16-0-200');
INSERT INTO sys_arena_prize VALUES ('1001', '13-0-50|16-0-150');
INSERT INTO sys_arena_prize VALUES ('2001', '13-0-40|16-0-130');
INSERT INTO sys_arena_prize VALUES ('4001', '13-0-30|16-0-100');
INSERT INTO sys_arena_prize VALUES ('7001', '13-0-20|16-0-50');

-- ----------------------------
-- Table structure for `sys_battle`
-- ----------------------------
DROP TABLE IF EXISTS `sys_battle`;
CREATE TABLE `sys_battle` (
  `battle_id` int(10) unsigned NOT NULL COMMENT '战斗ID',
  PRIMARY KEY (`battle_id`)
) ENGINE=InnoDB DEFAULT CHARSET=utf8;

-- ----------------------------
-- Records of sys_battle
-- ----------------------------
INSERT INTO sys_battle VALUES ('1');
INSERT INTO sys_battle VALUES ('2');
INSERT INTO sys_battle VALUES ('3');
INSERT INTO sys_battle VALUES ('4');
INSERT INTO sys_battle VALUES ('5');
INSERT INTO sys_battle VALUES ('6');
INSERT INTO sys_battle VALUES ('7');
INSERT INTO sys_battle VALUES ('8');
INSERT INTO sys_battle VALUES ('9');
INSERT INTO sys_battle VALUES ('10');
INSERT INTO sys_battle VALUES ('11');
INSERT INTO sys_battle VALUES ('12');
INSERT INTO sys_battle VALUES ('13');
INSERT INTO sys_battle VALUES ('14');
INSERT INTO sys_battle VALUES ('15');
INSERT INTO sys_battle VALUES ('16');
INSERT INTO sys_battle VALUES ('17');
INSERT INTO sys_battle VALUES ('18');
INSERT INTO sys_battle VALUES ('19');
INSERT INTO sys_battle VALUES ('20');
INSERT INTO sys_battle VALUES ('21');
INSERT INTO sys_battle VALUES ('22');
INSERT INTO sys_battle VALUES ('23');
INSERT INTO sys_battle VALUES ('24');
INSERT INTO sys_battle VALUES ('25');
INSERT INTO sys_battle VALUES ('26');
INSERT INTO sys_battle VALUES ('27');
INSERT INTO sys_battle VALUES ('28');
INSERT INTO sys_battle VALUES ('29');
INSERT INTO sys_battle VALUES ('30');
INSERT INTO sys_battle VALUES ('31');
INSERT INTO sys_battle VALUES ('32');
INSERT INTO sys_battle VALUES ('33');
INSERT INTO sys_battle VALUES ('34');
INSERT INTO sys_battle VALUES ('35');
INSERT INTO sys_battle VALUES ('36');
INSERT INTO sys_battle VALUES ('37');
INSERT INTO sys_battle VALUES ('38');
INSERT INTO sys_battle VALUES ('39');
INSERT INTO sys_battle VALUES ('40');
INSERT INTO sys_battle VALUES ('41');
INSERT INTO sys_battle VALUES ('42');
INSERT INTO sys_battle VALUES ('43');
INSERT INTO sys_battle VALUES ('44');
INSERT INTO sys_battle VALUES ('45');
INSERT INTO sys_battle VALUES ('46');
INSERT INTO sys_battle VALUES ('47');
INSERT INTO sys_battle VALUES ('48');
INSERT INTO sys_battle VALUES ('49');
INSERT INTO sys_battle VALUES ('50');
INSERT INTO sys_battle VALUES ('51');
INSERT INTO sys_battle VALUES ('52');
INSERT INTO sys_battle VALUES ('53');
INSERT INTO sys_battle VALUES ('54');
INSERT INTO sys_battle VALUES ('55');
INSERT INTO sys_battle VALUES ('56');
INSERT INTO sys_battle VALUES ('57');
INSERT INTO sys_battle VALUES ('58');
INSERT INTO sys_battle VALUES ('59');
INSERT INTO sys_battle VALUES ('60');
INSERT INTO sys_battle VALUES ('61');
INSERT INTO sys_battle VALUES ('62');
INSERT INTO sys_battle VALUES ('63');
INSERT INTO sys_battle VALUES ('64');
INSERT INTO sys_battle VALUES ('65');
INSERT INTO sys_battle VALUES ('66');
INSERT INTO sys_battle VALUES ('67');
INSERT INTO sys_battle VALUES ('68');
INSERT INTO sys_battle VALUES ('69');
INSERT INTO sys_battle VALUES ('70');
INSERT INTO sys_battle VALUES ('71');
INSERT INTO sys_battle VALUES ('72');
INSERT INTO sys_battle VALUES ('73');
INSERT INTO sys_battle VALUES ('74');
INSERT INTO sys_battle VALUES ('75');
INSERT INTO sys_battle VALUES ('76');
INSERT INTO sys_battle VALUES ('77');
INSERT INTO sys_battle VALUES ('78');
INSERT INTO sys_battle VALUES ('79');
INSERT INTO sys_battle VALUES ('80');
INSERT INTO sys_battle VALUES ('81');
INSERT INTO sys_battle VALUES ('82');
INSERT INTO sys_battle VALUES ('83');
INSERT INTO sys_battle VALUES ('84');
INSERT INTO sys_battle VALUES ('85');
INSERT INTO sys_battle VALUES ('86');
INSERT INTO sys_battle VALUES ('87');
INSERT INTO sys_battle VALUES ('88');
INSERT INTO sys_battle VALUES ('89');
INSERT INTO sys_battle VALUES ('90');
INSERT INTO sys_battle VALUES ('91');
INSERT INTO sys_battle VALUES ('92');
INSERT INTO sys_battle VALUES ('93');
INSERT INTO sys_battle VALUES ('94');
INSERT INTO sys_battle VALUES ('95');
INSERT INTO sys_battle VALUES ('96');
INSERT INTO sys_battle VALUES ('97');
INSERT INTO sys_battle VALUES ('98');
INSERT INTO sys_battle VALUES ('99');
INSERT INTO sys_battle VALUES ('100');
INSERT INTO sys_battle VALUES ('101');
INSERT INTO sys_battle VALUES ('102');
INSERT INTO sys_battle VALUES ('103');
INSERT INTO sys_battle VALUES ('104');
INSERT INTO sys_battle VALUES ('105');
INSERT INTO sys_battle VALUES ('106');
INSERT INTO sys_battle VALUES ('107');
INSERT INTO sys_battle VALUES ('108');
INSERT INTO sys_battle VALUES ('109');
INSERT INTO sys_battle VALUES ('110');
INSERT INTO sys_battle VALUES ('111');
INSERT INTO sys_battle VALUES ('112');
INSERT INTO sys_battle VALUES ('113');
INSERT INTO sys_battle VALUES ('114');
INSERT INTO sys_battle VALUES ('115');
INSERT INTO sys_battle VALUES ('116');
INSERT INTO sys_battle VALUES ('117');
INSERT INTO sys_battle VALUES ('118');
INSERT INTO sys_battle VALUES ('119');
INSERT INTO sys_battle VALUES ('120');
INSERT INTO sys_battle VALUES ('121');
INSERT INTO sys_battle VALUES ('122');
INSERT INTO sys_battle VALUES ('123');
INSERT INTO sys_battle VALUES ('124');
INSERT INTO sys_battle VALUES ('125');
INSERT INTO sys_battle VALUES ('126');
INSERT INTO sys_battle VALUES ('127');
INSERT INTO sys_battle VALUES ('128');
INSERT INTO sys_battle VALUES ('129');
INSERT INTO sys_battle VALUES ('130');
INSERT INTO sys_battle VALUES ('131');
INSERT INTO sys_battle VALUES ('132');
INSERT INTO sys_battle VALUES ('133');
INSERT INTO sys_battle VALUES ('134');
INSERT INTO sys_battle VALUES ('135');
INSERT INTO sys_battle VALUES ('136');
INSERT INTO sys_battle VALUES ('137');
INSERT INTO sys_battle VALUES ('138');
INSERT INTO sys_battle VALUES ('139');
INSERT INTO sys_battle VALUES ('140');
INSERT INTO sys_battle VALUES ('141');
INSERT INTO sys_battle VALUES ('142');
INSERT INTO sys_battle VALUES ('143');
INSERT INTO sys_battle VALUES ('144');
INSERT INTO sys_battle VALUES ('145');
INSERT INTO sys_battle VALUES ('146');
INSERT INTO sys_battle VALUES ('147');
INSERT INTO sys_battle VALUES ('148');
INSERT INTO sys_battle VALUES ('149');
INSERT INTO sys_battle VALUES ('150');
INSERT INTO sys_battle VALUES ('151');
INSERT INTO sys_battle VALUES ('152');
INSERT INTO sys_battle VALUES ('153');
INSERT INTO sys_battle VALUES ('154');
INSERT INTO sys_battle VALUES ('155');
INSERT INTO sys_battle VALUES ('156');
INSERT INTO sys_battle VALUES ('157');
INSERT INTO sys_battle VALUES ('158');
INSERT INTO sys_battle VALUES ('159');
INSERT INTO sys_battle VALUES ('160');
INSERT INTO sys_battle VALUES ('161');
INSERT INTO sys_battle VALUES ('162');
INSERT INTO sys_battle VALUES ('163');
INSERT INTO sys_battle VALUES ('164');
INSERT INTO sys_battle VALUES ('165');
INSERT INTO sys_battle VALUES ('166');
INSERT INTO sys_battle VALUES ('167');
INSERT INTO sys_battle VALUES ('168');
INSERT INTO sys_battle VALUES ('169');
INSERT INTO sys_battle VALUES ('170');
INSERT INTO sys_battle VALUES ('171');
INSERT INTO sys_battle VALUES ('172');
INSERT INTO sys_battle VALUES ('173');
INSERT INTO sys_battle VALUES ('174');
INSERT INTO sys_battle VALUES ('175');
INSERT INTO sys_battle VALUES ('176');
INSERT INTO sys_battle VALUES ('177');
INSERT INTO sys_battle VALUES ('178');
INSERT INTO sys_battle VALUES ('179');
INSERT INTO sys_battle VALUES ('180');
INSERT INTO sys_battle VALUES ('181');
INSERT INTO sys_battle VALUES ('182');
INSERT INTO sys_battle VALUES ('183');
INSERT INTO sys_battle VALUES ('184');
INSERT INTO sys_battle VALUES ('185');
INSERT INTO sys_battle VALUES ('186');
INSERT INTO sys_battle VALUES ('187');
INSERT INTO sys_battle VALUES ('188');
INSERT INTO sys_battle VALUES ('189');
INSERT INTO sys_battle VALUES ('190');
INSERT INTO sys_battle VALUES ('191');
INSERT INTO sys_battle VALUES ('192');
INSERT INTO sys_battle VALUES ('193');
INSERT INTO sys_battle VALUES ('194');
INSERT INTO sys_battle VALUES ('195');
INSERT INTO sys_battle VALUES ('196');
INSERT INTO sys_battle VALUES ('197');
INSERT INTO sys_battle VALUES ('198');
INSERT INTO sys_battle VALUES ('199');
INSERT INTO sys_battle VALUES ('200');
INSERT INTO sys_battle VALUES ('201');
INSERT INTO sys_battle VALUES ('202');
INSERT INTO sys_battle VALUES ('203');
INSERT INTO sys_battle VALUES ('204');
INSERT INTO sys_battle VALUES ('205');
INSERT INTO sys_battle VALUES ('206');
INSERT INTO sys_battle VALUES ('207');
INSERT INTO sys_battle VALUES ('208');
INSERT INTO sys_battle VALUES ('209');
INSERT INTO sys_battle VALUES ('210');
INSERT INTO sys_battle VALUES ('211');
INSERT INTO sys_battle VALUES ('212');
INSERT INTO sys_battle VALUES ('213');
INSERT INTO sys_battle VALUES ('214');
INSERT INTO sys_battle VALUES ('215');
INSERT INTO sys_battle VALUES ('216');
INSERT INTO sys_battle VALUES ('217');
INSERT INTO sys_battle VALUES ('218');
INSERT INTO sys_battle VALUES ('219');
INSERT INTO sys_battle VALUES ('220');
INSERT INTO sys_battle VALUES ('221');
INSERT INTO sys_battle VALUES ('222');
INSERT INTO sys_battle VALUES ('223');
INSERT INTO sys_battle VALUES ('224');
INSERT INTO sys_battle VALUES ('225');
INSERT INTO sys_battle VALUES ('226');
INSERT INTO sys_battle VALUES ('227');
INSERT INTO sys_battle VALUES ('228');
INSERT INTO sys_battle VALUES ('229');
INSERT INTO sys_battle VALUES ('230');
INSERT INTO sys_battle VALUES ('231');
INSERT INTO sys_battle VALUES ('232');
INSERT INTO sys_battle VALUES ('233');
INSERT INTO sys_battle VALUES ('234');
INSERT INTO sys_battle VALUES ('235');
INSERT INTO sys_battle VALUES ('236');
INSERT INTO sys_battle VALUES ('237');
INSERT INTO sys_battle VALUES ('238');
INSERT INTO sys_battle VALUES ('239');
INSERT INTO sys_battle VALUES ('240');
INSERT INTO sys_battle VALUES ('241');
INSERT INTO sys_battle VALUES ('242');
INSERT INTO sys_battle VALUES ('243');
INSERT INTO sys_battle VALUES ('244');
INSERT INTO sys_battle VALUES ('245');
INSERT INTO sys_battle VALUES ('246');
INSERT INTO sys_battle VALUES ('247');
INSERT INTO sys_battle VALUES ('248');
INSERT INTO sys_battle VALUES ('249');
INSERT INTO sys_battle VALUES ('250');
INSERT INTO sys_battle VALUES ('251');
INSERT INTO sys_battle VALUES ('252');
INSERT INTO sys_battle VALUES ('253');
INSERT INTO sys_battle VALUES ('254');
INSERT INTO sys_battle VALUES ('255');
INSERT INTO sys_battle VALUES ('256');
INSERT INTO sys_battle VALUES ('257');
INSERT INTO sys_battle VALUES ('258');
INSERT INTO sys_battle VALUES ('259');
INSERT INTO sys_battle VALUES ('260');
INSERT INTO sys_battle VALUES ('261');
INSERT INTO sys_battle VALUES ('262');
INSERT INTO sys_battle VALUES ('263');
INSERT INTO sys_battle VALUES ('264');
INSERT INTO sys_battle VALUES ('265');
INSERT INTO sys_battle VALUES ('266');
INSERT INTO sys_battle VALUES ('267');
INSERT INTO sys_battle VALUES ('268');
INSERT INTO sys_battle VALUES ('269');
INSERT INTO sys_battle VALUES ('270');
INSERT INTO sys_battle VALUES ('271');
INSERT INTO sys_battle VALUES ('272');
INSERT INTO sys_battle VALUES ('273');
INSERT INTO sys_battle VALUES ('274');
INSERT INTO sys_battle VALUES ('275');
INSERT INTO sys_battle VALUES ('276');
INSERT INTO sys_battle VALUES ('277');
INSERT INTO sys_battle VALUES ('278');
INSERT INTO sys_battle VALUES ('279');
INSERT INTO sys_battle VALUES ('280');
INSERT INTO sys_battle VALUES ('281');
INSERT INTO sys_battle VALUES ('282');
INSERT INTO sys_battle VALUES ('283');
INSERT INTO sys_battle VALUES ('284');
INSERT INTO sys_battle VALUES ('285');
INSERT INTO sys_battle VALUES ('286');
INSERT INTO sys_battle VALUES ('287');
INSERT INTO sys_battle VALUES ('288');
INSERT INTO sys_battle VALUES ('289');
INSERT INTO sys_battle VALUES ('290');
INSERT INTO sys_battle VALUES ('291');
INSERT INTO sys_battle VALUES ('292');
INSERT INTO sys_battle VALUES ('293');
INSERT INTO sys_battle VALUES ('294');
INSERT INTO sys_battle VALUES ('295');
INSERT INTO sys_battle VALUES ('296');
INSERT INTO sys_battle VALUES ('297');
INSERT INTO sys_battle VALUES ('298');
INSERT INTO sys_battle VALUES ('299');
INSERT INTO sys_battle VALUES ('300');
INSERT INTO sys_battle VALUES ('301');
INSERT INTO sys_battle VALUES ('302');
INSERT INTO sys_battle VALUES ('303');
INSERT INTO sys_battle VALUES ('304');
INSERT INTO sys_battle VALUES ('305');
INSERT INTO sys_battle VALUES ('306');
INSERT INTO sys_battle VALUES ('307');
INSERT INTO sys_battle VALUES ('308');
INSERT INTO sys_battle VALUES ('309');
INSERT INTO sys_battle VALUES ('310');
INSERT INTO sys_battle VALUES ('311');
INSERT INTO sys_battle VALUES ('312');
INSERT INTO sys_battle VALUES ('313');
INSERT INTO sys_battle VALUES ('314');
INSERT INTO sys_battle VALUES ('315');
INSERT INTO sys_battle VALUES ('316');
INSERT INTO sys_battle VALUES ('317');
INSERT INTO sys_battle VALUES ('318');
INSERT INTO sys_battle VALUES ('319');
INSERT INTO sys_battle VALUES ('320');
INSERT INTO sys_battle VALUES ('321');
INSERT INTO sys_battle VALUES ('322');
INSERT INTO sys_battle VALUES ('323');
INSERT INTO sys_battle VALUES ('324');
INSERT INTO sys_battle VALUES ('325');
INSERT INTO sys_battle VALUES ('326');
INSERT INTO sys_battle VALUES ('327');
INSERT INTO sys_battle VALUES ('328');
INSERT INTO sys_battle VALUES ('329');
INSERT INTO sys_battle VALUES ('330');
INSERT INTO sys_battle VALUES ('331');
INSERT INTO sys_battle VALUES ('332');
INSERT INTO sys_battle VALUES ('333');
INSERT INTO sys_battle VALUES ('334');
INSERT INTO sys_battle VALUES ('335');
INSERT INTO sys_battle VALUES ('336');
INSERT INTO sys_battle VALUES ('337');
INSERT INTO sys_battle VALUES ('338');
INSERT INTO sys_battle VALUES ('339');
INSERT INTO sys_battle VALUES ('340');
INSERT INTO sys_battle VALUES ('341');
INSERT INTO sys_battle VALUES ('342');
INSERT INTO sys_battle VALUES ('343');
INSERT INTO sys_battle VALUES ('344');
INSERT INTO sys_battle VALUES ('345');
INSERT INTO sys_battle VALUES ('346');
INSERT INTO sys_battle VALUES ('347');
INSERT INTO sys_battle VALUES ('348');
INSERT INTO sys_battle VALUES ('349');
INSERT INTO sys_battle VALUES ('350');
INSERT INTO sys_battle VALUES ('351');
INSERT INTO sys_battle VALUES ('352');
INSERT INTO sys_battle VALUES ('353');
INSERT INTO sys_battle VALUES ('354');
INSERT INTO sys_battle VALUES ('355');
INSERT INTO sys_battle VALUES ('356');
INSERT INTO sys_battle VALUES ('357');
INSERT INTO sys_battle VALUES ('358');
INSERT INTO sys_battle VALUES ('359');
INSERT INTO sys_battle VALUES ('360');
INSERT INTO sys_battle VALUES ('361');
INSERT INTO sys_battle VALUES ('362');
INSERT INTO sys_battle VALUES ('363');
INSERT INTO sys_battle VALUES ('364');
INSERT INTO sys_battle VALUES ('365');
INSERT INTO sys_battle VALUES ('366');
INSERT INTO sys_battle VALUES ('367');
INSERT INTO sys_battle VALUES ('368');
INSERT INTO sys_battle VALUES ('369');
INSERT INTO sys_battle VALUES ('370');
INSERT INTO sys_battle VALUES ('371');
INSERT INTO sys_battle VALUES ('372');
INSERT INTO sys_battle VALUES ('373');
INSERT INTO sys_battle VALUES ('374');
INSERT INTO sys_battle VALUES ('375');
INSERT INTO sys_battle VALUES ('376');
INSERT INTO sys_battle VALUES ('377');
INSERT INTO sys_battle VALUES ('378');
INSERT INTO sys_battle VALUES ('379');
INSERT INTO sys_battle VALUES ('380');
INSERT INTO sys_battle VALUES ('381');
INSERT INTO sys_battle VALUES ('382');
INSERT INTO sys_battle VALUES ('383');
INSERT INTO sys_battle VALUES ('384');
INSERT INTO sys_battle VALUES ('385');
INSERT INTO sys_battle VALUES ('386');
INSERT INTO sys_battle VALUES ('387');
INSERT INTO sys_battle VALUES ('388');
INSERT INTO sys_battle VALUES ('389');
INSERT INTO sys_battle VALUES ('390');
INSERT INTO sys_battle VALUES ('391');
INSERT INTO sys_battle VALUES ('392');
INSERT INTO sys_battle VALUES ('393');
INSERT INTO sys_battle VALUES ('394');
INSERT INTO sys_battle VALUES ('395');
INSERT INTO sys_battle VALUES ('396');
INSERT INTO sys_battle VALUES ('397');
INSERT INTO sys_battle VALUES ('398');
INSERT INTO sys_battle VALUES ('399');
INSERT INTO sys_battle VALUES ('400');
INSERT INTO sys_battle VALUES ('401');
INSERT INTO sys_battle VALUES ('402');
INSERT INTO sys_battle VALUES ('403');
INSERT INTO sys_battle VALUES ('404');
INSERT INTO sys_battle VALUES ('405');
INSERT INTO sys_battle VALUES ('406');
INSERT INTO sys_battle VALUES ('407');
INSERT INTO sys_battle VALUES ('408');
INSERT INTO sys_battle VALUES ('409');
INSERT INTO sys_battle VALUES ('410');
INSERT INTO sys_battle VALUES ('411');
INSERT INTO sys_battle VALUES ('412');
INSERT INTO sys_battle VALUES ('413');
INSERT INTO sys_battle VALUES ('414');
INSERT INTO sys_battle VALUES ('415');
INSERT INTO sys_battle VALUES ('416');
INSERT INTO sys_battle VALUES ('417');
INSERT INTO sys_battle VALUES ('418');
INSERT INTO sys_battle VALUES ('419');
INSERT INTO sys_battle VALUES ('420');
INSERT INTO sys_battle VALUES ('421');
INSERT INTO sys_battle VALUES ('422');
INSERT INTO sys_battle VALUES ('423');
INSERT INTO sys_battle VALUES ('424');
INSERT INTO sys_battle VALUES ('425');
INSERT INTO sys_battle VALUES ('426');
INSERT INTO sys_battle VALUES ('427');
INSERT INTO sys_battle VALUES ('428');
INSERT INTO sys_battle VALUES ('429');
INSERT INTO sys_battle VALUES ('430');
INSERT INTO sys_battle VALUES ('431');
INSERT INTO sys_battle VALUES ('432');
INSERT INTO sys_battle VALUES ('433');
INSERT INTO sys_battle VALUES ('434');
INSERT INTO sys_battle VALUES ('435');
INSERT INTO sys_battle VALUES ('436');
INSERT INTO sys_battle VALUES ('437');
INSERT INTO sys_battle VALUES ('438');
INSERT INTO sys_battle VALUES ('439');
INSERT INTO sys_battle VALUES ('440');
INSERT INTO sys_battle VALUES ('441');
INSERT INTO sys_battle VALUES ('442');
INSERT INTO sys_battle VALUES ('443');
INSERT INTO sys_battle VALUES ('444');
INSERT INTO sys_battle VALUES ('445');
INSERT INTO sys_battle VALUES ('446');
INSERT INTO sys_battle VALUES ('447');
INSERT INTO sys_battle VALUES ('448');
INSERT INTO sys_battle VALUES ('449');
INSERT INTO sys_battle VALUES ('450');
INSERT INTO sys_battle VALUES ('451');
INSERT INTO sys_battle VALUES ('452');
INSERT INTO sys_battle VALUES ('453');
INSERT INTO sys_battle VALUES ('454');
INSERT INTO sys_battle VALUES ('455');
INSERT INTO sys_battle VALUES ('456');
INSERT INTO sys_battle VALUES ('457');
INSERT INTO sys_battle VALUES ('458');
INSERT INTO sys_battle VALUES ('459');
INSERT INTO sys_battle VALUES ('460');
INSERT INTO sys_battle VALUES ('461');
INSERT INTO sys_battle VALUES ('462');
INSERT INTO sys_battle VALUES ('463');
INSERT INTO sys_battle VALUES ('464');
INSERT INTO sys_battle VALUES ('465');
INSERT INTO sys_battle VALUES ('466');
INSERT INTO sys_battle VALUES ('467');
INSERT INTO sys_battle VALUES ('468');
INSERT INTO sys_battle VALUES ('469');
INSERT INTO sys_battle VALUES ('470');
INSERT INTO sys_battle VALUES ('471');
INSERT INTO sys_battle VALUES ('472');
INSERT INTO sys_battle VALUES ('473');
INSERT INTO sys_battle VALUES ('474');
INSERT INTO sys_battle VALUES ('475');
INSERT INTO sys_battle VALUES ('476');
INSERT INTO sys_battle VALUES ('477');
INSERT INTO sys_battle VALUES ('478');
INSERT INTO sys_battle VALUES ('479');
INSERT INTO sys_battle VALUES ('480');
INSERT INTO sys_battle VALUES ('481');
INSERT INTO sys_battle VALUES ('482');
INSERT INTO sys_battle VALUES ('483');
INSERT INTO sys_battle VALUES ('484');
INSERT INTO sys_battle VALUES ('485');
INSERT INTO sys_battle VALUES ('486');
INSERT INTO sys_battle VALUES ('487');
INSERT INTO sys_battle VALUES ('488');
INSERT INTO sys_battle VALUES ('489');
INSERT INTO sys_battle VALUES ('490');
INSERT INTO sys_battle VALUES ('491');
INSERT INTO sys_battle VALUES ('492');
INSERT INTO sys_battle VALUES ('493');
INSERT INTO sys_battle VALUES ('494');
INSERT INTO sys_battle VALUES ('495');
INSERT INTO sys_battle VALUES ('496');
INSERT INTO sys_battle VALUES ('497');
INSERT INTO sys_battle VALUES ('498');
INSERT INTO sys_battle VALUES ('499');
INSERT INTO sys_battle VALUES ('500');
INSERT INTO sys_battle VALUES ('501');
INSERT INTO sys_battle VALUES ('502');
INSERT INTO sys_battle VALUES ('503');
INSERT INTO sys_battle VALUES ('504');
INSERT INTO sys_battle VALUES ('505');
INSERT INTO sys_battle VALUES ('506');
INSERT INTO sys_battle VALUES ('507');
INSERT INTO sys_battle VALUES ('508');
INSERT INTO sys_battle VALUES ('509');
INSERT INTO sys_battle VALUES ('510');
INSERT INTO sys_battle VALUES ('511');
INSERT INTO sys_battle VALUES ('512');
INSERT INTO sys_battle VALUES ('513');
INSERT INTO sys_battle VALUES ('514');
INSERT INTO sys_battle VALUES ('515');
INSERT INTO sys_battle VALUES ('516');
INSERT INTO sys_battle VALUES ('517');
INSERT INTO sys_battle VALUES ('518');
INSERT INTO sys_battle VALUES ('519');
INSERT INTO sys_battle VALUES ('520');
INSERT INTO sys_battle VALUES ('521');
INSERT INTO sys_battle VALUES ('522');
INSERT INTO sys_battle VALUES ('523');
INSERT INTO sys_battle VALUES ('524');
INSERT INTO sys_battle VALUES ('525');
INSERT INTO sys_battle VALUES ('526');
INSERT INTO sys_battle VALUES ('527');
INSERT INTO sys_battle VALUES ('528');
INSERT INTO sys_battle VALUES ('529');
INSERT INTO sys_battle VALUES ('530');
INSERT INTO sys_battle VALUES ('531');
INSERT INTO sys_battle VALUES ('532');
INSERT INTO sys_battle VALUES ('533');
INSERT INTO sys_battle VALUES ('534');
INSERT INTO sys_battle VALUES ('535');
INSERT INTO sys_battle VALUES ('536');
INSERT INTO sys_battle VALUES ('537');
INSERT INTO sys_battle VALUES ('538');
INSERT INTO sys_battle VALUES ('539');
INSERT INTO sys_battle VALUES ('540');
INSERT INTO sys_battle VALUES ('541');
INSERT INTO sys_battle VALUES ('542');
INSERT INTO sys_battle VALUES ('543');
INSERT INTO sys_battle VALUES ('544');
INSERT INTO sys_battle VALUES ('545');
INSERT INTO sys_battle VALUES ('546');
INSERT INTO sys_battle VALUES ('547');
INSERT INTO sys_battle VALUES ('548');
INSERT INTO sys_battle VALUES ('549');
INSERT INTO sys_battle VALUES ('550');
INSERT INTO sys_battle VALUES ('551');
INSERT INTO sys_battle VALUES ('552');
INSERT INTO sys_battle VALUES ('553');
INSERT INTO sys_battle VALUES ('554');
INSERT INTO sys_battle VALUES ('555');
INSERT INTO sys_battle VALUES ('556');
INSERT INTO sys_battle VALUES ('557');
INSERT INTO sys_battle VALUES ('558');
INSERT INTO sys_battle VALUES ('559');
INSERT INTO sys_battle VALUES ('560');
INSERT INTO sys_battle VALUES ('561');
INSERT INTO sys_battle VALUES ('562');
INSERT INTO sys_battle VALUES ('563');
INSERT INTO sys_battle VALUES ('564');
INSERT INTO sys_battle VALUES ('565');
INSERT INTO sys_battle VALUES ('566');
INSERT INTO sys_battle VALUES ('567');
INSERT INTO sys_battle VALUES ('568');
INSERT INTO sys_battle VALUES ('569');
INSERT INTO sys_battle VALUES ('570');
INSERT INTO sys_battle VALUES ('571');
INSERT INTO sys_battle VALUES ('572');
INSERT INTO sys_battle VALUES ('573');
INSERT INTO sys_battle VALUES ('574');
INSERT INTO sys_battle VALUES ('575');
INSERT INTO sys_battle VALUES ('576');
INSERT INTO sys_battle VALUES ('577');
INSERT INTO sys_battle VALUES ('578');
INSERT INTO sys_battle VALUES ('579');
INSERT INTO sys_battle VALUES ('580');
INSERT INTO sys_battle VALUES ('581');
INSERT INTO sys_battle VALUES ('582');
INSERT INTO sys_battle VALUES ('583');
INSERT INTO sys_battle VALUES ('584');
INSERT INTO sys_battle VALUES ('585');
INSERT INTO sys_battle VALUES ('586');
INSERT INTO sys_battle VALUES ('587');
INSERT INTO sys_battle VALUES ('588');
INSERT INTO sys_battle VALUES ('589');
INSERT INTO sys_battle VALUES ('590');
INSERT INTO sys_battle VALUES ('591');
INSERT INTO sys_battle VALUES ('592');
INSERT INTO sys_battle VALUES ('593');
INSERT INTO sys_battle VALUES ('594');
INSERT INTO sys_battle VALUES ('595');
INSERT INTO sys_battle VALUES ('596');
INSERT INTO sys_battle VALUES ('597');
INSERT INTO sys_battle VALUES ('598');
INSERT INTO sys_battle VALUES ('599');
INSERT INTO sys_battle VALUES ('600');
INSERT INTO sys_battle VALUES ('601');
INSERT INTO sys_battle VALUES ('602');
INSERT INTO sys_battle VALUES ('603');
INSERT INTO sys_battle VALUES ('604');
INSERT INTO sys_battle VALUES ('605');
INSERT INTO sys_battle VALUES ('606');
INSERT INTO sys_battle VALUES ('607');
INSERT INTO sys_battle VALUES ('608');
INSERT INTO sys_battle VALUES ('609');
INSERT INTO sys_battle VALUES ('610');
INSERT INTO sys_battle VALUES ('611');
INSERT INTO sys_battle VALUES ('612');
INSERT INTO sys_battle VALUES ('613');
INSERT INTO sys_battle VALUES ('614');
INSERT INTO sys_battle VALUES ('615');
INSERT INTO sys_battle VALUES ('616');
INSERT INTO sys_battle VALUES ('617');
INSERT INTO sys_battle VALUES ('618');
INSERT INTO sys_battle VALUES ('619');
INSERT INTO sys_battle VALUES ('620');
INSERT INTO sys_battle VALUES ('621');
INSERT INTO sys_battle VALUES ('622');
INSERT INTO sys_battle VALUES ('623');
INSERT INTO sys_battle VALUES ('624');
INSERT INTO sys_battle VALUES ('625');
INSERT INTO sys_battle VALUES ('626');
INSERT INTO sys_battle VALUES ('627');
INSERT INTO sys_battle VALUES ('628');
INSERT INTO sys_battle VALUES ('629');
INSERT INTO sys_battle VALUES ('630');
INSERT INTO sys_battle VALUES ('631');
INSERT INTO sys_battle VALUES ('632');
INSERT INTO sys_battle VALUES ('633');
INSERT INTO sys_battle VALUES ('634');
INSERT INTO sys_battle VALUES ('635');
INSERT INTO sys_battle VALUES ('636');
INSERT INTO sys_battle VALUES ('637');
INSERT INTO sys_battle VALUES ('638');
INSERT INTO sys_battle VALUES ('639');
INSERT INTO sys_battle VALUES ('640');
INSERT INTO sys_battle VALUES ('641');
INSERT INTO sys_battle VALUES ('642');
INSERT INTO sys_battle VALUES ('643');
INSERT INTO sys_battle VALUES ('644');
INSERT INTO sys_battle VALUES ('645');
INSERT INTO sys_battle VALUES ('646');
INSERT INTO sys_battle VALUES ('647');
INSERT INTO sys_battle VALUES ('648');
INSERT INTO sys_battle VALUES ('649');
INSERT INTO sys_battle VALUES ('650');
INSERT INTO sys_battle VALUES ('651');
INSERT INTO sys_battle VALUES ('652');
INSERT INTO sys_battle VALUES ('653');
INSERT INTO sys_battle VALUES ('654');
INSERT INTO sys_battle VALUES ('655');
INSERT INTO sys_battle VALUES ('656');
INSERT INTO sys_battle VALUES ('657');
INSERT INTO sys_battle VALUES ('658');
INSERT INTO sys_battle VALUES ('659');
INSERT INTO sys_battle VALUES ('660');
INSERT INTO sys_battle VALUES ('661');
INSERT INTO sys_battle VALUES ('662');
INSERT INTO sys_battle VALUES ('663');
INSERT INTO sys_battle VALUES ('664');
INSERT INTO sys_battle VALUES ('665');
INSERT INTO sys_battle VALUES ('666');

-- ----------------------------
-- Table structure for `sys_burst_packet`
-- ----------------------------
DROP TABLE IF EXISTS `sys_burst_packet`;
CREATE TABLE `sys_burst_packet` (
  `id` int(10) unsigned NOT NULL AUTO_INCREMENT,
  `packet_id` int(10) unsigned NOT NULL COMMENT '包的id',
  `burst_type` tinyint(1) NOT NULL COMMENT '爆落类型 1 N选1  2N选N',
  `element_type_id_arr` varchar(511) NOT NULL COMMENT '[类型-id]列表 可能为道具 也可能为packet或者英雄等等 形如 1-203|2-15|3-33',
  `element_probability_arr` varchar(511) NOT NULL COMMENT '概率列表，每个元素的概率值 形如 5000|1000|20000',
  `element_num_range_arr` varchar(511) NOT NULL COMMENT '每种元素的数量范围  形如 0-1|2-4',
  PRIMARY KEY (`id`),
  UNIQUE KEY `packet_id` (`packet_id`)
) ENGINE=InnoDB AUTO_INCREMENT=723 DEFAULT CHARSET=utf8;

-- ----------------------------
-- Records of sys_burst_packet
-- ----------------------------
INSERT INTO sys_burst_packet VALUES ('1', '1', '3', '8-1|8-21|8-41|8-61|8-81|8-101', '', '1-3|1-3|1-3|1-3|1-3|1-3');
INSERT INTO sys_burst_packet VALUES ('2', '2', '3', '8-2|8-22|8-42|8-62|8-82|8-102', '', '1-3|1-3|1-3|1-3|1-3|1-3');
INSERT INTO sys_burst_packet VALUES ('3', '3', '3', '8-3|8-23|8-43|8-63|8-83|8-103', '', '1-3|1-3|1-3|1-3|1-3|1-3');
INSERT INTO sys_burst_packet VALUES ('4', '4', '3', '8-4|8-24|8-44|8-64|8-84|8-104', '', '1-3|1-3|1-3|1-3|1-3|1-3');
INSERT INTO sys_burst_packet VALUES ('5', '5', '3', '8-5|8-25|8-45|8-65|8-85|8-105', '', '1-3|1-3|1-3|1-3|1-3|1-3');
INSERT INTO sys_burst_packet VALUES ('6', '6', '3', '8-6|8-26|8-46|8-66|8-86|8-106', '', '1-3|1-3|1-3|1-3|1-3|1-3');
INSERT INTO sys_burst_packet VALUES ('7', '7', '3', '8-7|8-27|8-47|8-67|8-87|8-107', '', '1-3|1-3|1-3|1-3|1-3|1-3');
INSERT INTO sys_burst_packet VALUES ('8', '8', '3', '8-8|8-28|8-48|8-68|8-88|8-108', '', '1-3|1-3|1-3|1-3|1-3|1-3');
INSERT INTO sys_burst_packet VALUES ('9', '9', '3', '8-9|8-29|8-49|8-69|8-89|8-109', '', '1-3|1-3|1-3|1-3|1-3|1-3');
INSERT INTO sys_burst_packet VALUES ('10', '10', '3', '8-10|8-30|8-50|8-70|8-90|8-110', '', '1-3|1-3|1-3|1-3|1-3|1-3');
INSERT INTO sys_burst_packet VALUES ('11', '11', '3', '8-1|8-21|8-41|8-61|8-81|8-101', '', '4-8|4-8|4-8|4-8|4-8|4-8');
INSERT INTO sys_burst_packet VALUES ('12', '12', '3', '8-2|8-22|8-42|8-62|8-82|8-102', '', '4-8|4-8|4-8|4-8|4-8|4-8');
INSERT INTO sys_burst_packet VALUES ('13', '13', '3', '8-3|8-23|8-43|8-63|8-83|8-103', '', '4-8|4-8|4-8|4-8|4-8|4-8');
INSERT INTO sys_burst_packet VALUES ('14', '14', '3', '8-4|8-24|8-44|8-64|8-84|8-104', '', '4-8|4-8|4-8|4-8|4-8|4-8');
INSERT INTO sys_burst_packet VALUES ('15', '15', '3', '8-5|8-25|8-45|8-65|8-85|8-105', '', '4-8|4-8|4-8|4-8|4-8|4-8');
INSERT INTO sys_burst_packet VALUES ('16', '16', '3', '8-6|8-26|8-46|8-66|8-86|8-106', '', '4-8|4-8|4-8|4-8|4-8|4-8');
INSERT INTO sys_burst_packet VALUES ('17', '17', '3', '8-7|8-27|8-47|8-67|8-87|8-107', '', '4-8|4-8|4-8|4-8|4-8|4-8');
INSERT INTO sys_burst_packet VALUES ('18', '18', '3', '8-8|8-28|8-48|8-68|8-88|8-108', '', '4-8|4-8|4-8|4-8|4-8|4-8');
INSERT INTO sys_burst_packet VALUES ('19', '19', '3', '8-9|8-29|8-49|8-69|8-89|8-109', '', '4-8|4-8|4-8|4-8|4-8|4-8');
INSERT INTO sys_burst_packet VALUES ('20', '20', '3', '8-10|8-30|8-50|8-70|8-90|8-110', '', '4-8|4-8|4-8|4-8|4-8|4-8');
INSERT INTO sys_burst_packet VALUES ('21', '101', '3', '8-2004|8-2007|8-2010|8-2013|8-2006', '', '1-1|1-1|1-1|1-1|1-1');
INSERT INTO sys_burst_packet VALUES ('22', '102', '3', '8-2004|8-2007|8-2010|8-2013|8-2006', '', '2-2|2-2|2-2|2-2|2-2');
INSERT INTO sys_burst_packet VALUES ('23', '103', '3', '8-2004|8-2007|8-2010|8-2013|8-2006', '', '3-3|3-3|3-3|3-3|3-3');
INSERT INTO sys_burst_packet VALUES ('24', '104', '3', '8-2004|8-2007|8-2010|8-2013|8-2006', '', '4-4|4-4|4-4|4-4|4-4');
INSERT INTO sys_burst_packet VALUES ('25', '105', '3', '8-2004|8-2007|8-2010|8-2013|8-2006', '', '5-5|5-5|5-5|5-5|5-5');
INSERT INTO sys_burst_packet VALUES ('26', '106', '3', '8-2004|8-2007|8-2010|8-2013|8-2018', '', '7-7|7-7|7-7|7-7|7-7');
INSERT INTO sys_burst_packet VALUES ('27', '111', '3', '8-2001|8-2002|8-2005|8-2009|8-2011|8-2012|8-2014|8-2015', '', '1-1|1-1|1-1|1-1|1-1|1-1|1-1|1-1');
INSERT INTO sys_burst_packet VALUES ('28', '112', '3', '8-2001|8-2002|8-2005|8-2009|8-2011|8-2012|8-2014|8-2015', '', '2-2|2-2|2-2|2-2|2-2|2-2|2-2|2-2');
INSERT INTO sys_burst_packet VALUES ('29', '113', '3', '8-2001|8-2002|8-2005|8-2009|8-2011|8-2012|8-2014|8-2015', '', '3-3|3-3|3-3|3-3|3-3|3-3|3-3|3-3');
INSERT INTO sys_burst_packet VALUES ('30', '114', '3', '8-2001|8-2002|8-2005|8-2009|8-2011|8-2012|8-2014|8-2015', '', '4-4|4-4|4-4|4-4|4-4|4-4|4-4|4-4');
INSERT INTO sys_burst_packet VALUES ('31', '115', '3', '8-2001|8-2002|8-2005|8-2009|8-2011|8-2012|8-2014|8-2015', '', '5-5|5-5|5-5|5-5|5-5|5-5|5-5|5-5');
INSERT INTO sys_burst_packet VALUES ('32', '116', '3', '8-2001|8-2002|8-2005|8-2009|8-2011|8-2012|8-2014|8-2015', '', '7-7|7-7|7-7|7-7|7-7|7-7|7-7|7-7');
INSERT INTO sys_burst_packet VALUES ('33', '121', '3', '8-2003|8-2018|8-2017|8-2021|8-2023', '', '1-1|1-1|1-1|1-1|1-1');
INSERT INTO sys_burst_packet VALUES ('34', '122', '3', '8-2003|8-2018|8-2017|8-2021|8-2023', '', '2-2|2-2|2-2|2-2|2-2');
INSERT INTO sys_burst_packet VALUES ('35', '123', '3', '8-2003|8-2018|8-2017|8-2021|8-2023', '', '3-3|3-3|3-3|3-3|3-3');
INSERT INTO sys_burst_packet VALUES ('36', '124', '3', '8-2003|8-2018|8-2017|8-2021|8-2023', '', '4-4|4-4|4-4|4-4|4-4');
INSERT INTO sys_burst_packet VALUES ('37', '125', '3', '8-2003|8-2018|8-2017|8-2021|8-2023', '', '5-5|5-5|5-5|5-5|5-5');
INSERT INTO sys_burst_packet VALUES ('38', '126', '3', '8-2003|8-2006|8-2017|8-2021|8-2023', '', '7-7|7-7|7-7|7-7|7-7');
INSERT INTO sys_burst_packet VALUES ('39', '131', '3', '8-2008|8-2016', '', '1-1|1-1');
INSERT INTO sys_burst_packet VALUES ('40', '132', '3', '8-2008|8-2016', '', '2-2|2-2');
INSERT INTO sys_burst_packet VALUES ('41', '133', '3', '8-2008|8-2016', '', '3-3|3-3');
INSERT INTO sys_burst_packet VALUES ('42', '134', '3', '8-2008|8-2016', '', '4-4|4-4');
INSERT INTO sys_burst_packet VALUES ('43', '135', '3', '8-2008|8-2016', '', '5-5|5-5');
INSERT INTO sys_burst_packet VALUES ('44', '201', '3', '5-4|5-7|5-10|5-13|5-6', '', '1-1|1-1|1-1|1-1|1-1');
INSERT INTO sys_burst_packet VALUES ('45', '202', '3', '5-1|5-2|5-5|5-9|5-11|5-12|5-14|5-15', '', '1-1|1-1|1-1|1-1|1-1|1-1|1-1|1-1');
INSERT INTO sys_burst_packet VALUES ('46', '203', '3', '5-3|5-18|5-17|5-21|5-23', '', '1-1|1-1|1-1|1-1|1-1');
INSERT INTO sys_burst_packet VALUES ('47', '204', '3', '5-8|5-16', '', '1-1|1-1');
INSERT INTO sys_burst_packet VALUES ('48', '501', '1', '17-1|17-2|17-3|17-4|17-5|17-6|8-401|8-402|8-403|8-701|8-702|8-501|8-502|8-503|8-504', '4000|4400|5000|2000|1000|1000|2000|400|200|10000|10000|40000|10000|7000|3000', '1-1|1-1|1-1|1-1|1-1|1-1|1-3|1-3|1-3|1-3|1-3|1-5|1-5|1-2|1-2');
INSERT INTO sys_burst_packet VALUES ('49', '502', '1', '17-1|17-2|17-3|17-4|17-5|17-6|8-401|8-402|8-403|8-701|8-702|8-501|8-502|8-503|8-504', '8000|8800|10000|4000|2000|2000|4000|800|400|20000|20000|6000|6000|5000|3000', '1-1|1-1|1-1|1-1|1-1|1-1|1-3|1-3|1-3|1-3|1-3|1-5|1-5|1-5|1-3');
INSERT INTO sys_burst_packet VALUES ('50', '503', '3', '17-502', '', '10-10');
INSERT INTO sys_burst_packet VALUES ('51', '504', '1', '17-14|17-15|17-16|17-17|17-18|17-19|17-20|8-401|8-402|8-403|17-101|17-102|17-103|17-104|17-105|17-111|17-112|17-113|17-114|17-115|17-121|17-122|17-123|17-124|17-125|17-201|17-202|17-203|8-701|8-702|8-703|8-704|8-705|8-502|8-503|8-504|8-505', '3000|3000|8000|8000|3000|3000|3000|3000|3000|3000|2400|3000|3600|4200|4200|1200|1500|1800|2100|2100|400|500|600|700|700|3000|1500|500|2000|2000|2000|5000|5000|2000|2000|3000|3000', '1-1|1-1|1-1|1-1|1-1|1-1|1-1|4-8|4-8|4-8|1-1|1-1|1-1|1-1|1-1|1-1|1-1|1-1|1-1|1-1|1-1|1-1|1-1|1-1|1-1|1-1|1-1|1-1|1-5|1-5|1-5|1-5|1-4|4-6|4-6|3-5|4-6');
INSERT INTO sys_burst_packet VALUES ('52', '505', '1', '17-14|17-15|17-16|17-17|17-18|17-19|17-20|8-401|8-402|8-403|17-106|17-104|17-105|17-116|17-114|17-115|17-126|17-124|17-125|17-201|17-202|17-203|8-702|8-703|8-704|8-705|8-502|8-503|8-504|8-505', '1500|1500|4000|4000|1500|1500|1500|1500|1500|1500|10600|4000|4600|6300|3000|3300|2100|1500|1600|7000|3000|1000|3000|5000|6000|7000|2000|2000|3000|4000', '1-1|1-1|1-1|1-1|1-1|1-1|1-1|4-8|4-8|4-8|1-1|1-1|1-1|1-1|1-1|1-1|1-1|1-1|1-1|1-1|1-1|1-1|3-5|3-5|3-5|3-5|3-5|3-5|3-5|3-5');
INSERT INTO sys_burst_packet VALUES ('53', '506', '1', '17-201|17-202|17-203', '50000|35000|15000', '1-1|1-1|1-1');
INSERT INTO sys_burst_packet VALUES ('54', '507', '4', '17-505|17-506', '', '9-9|1-1');
INSERT INTO sys_burst_packet VALUES ('55', '508', '4', '5-10', '', '1-1');
INSERT INTO sys_burst_packet VALUES ('56', '509', '4', '5-7', '', '1-1');
INSERT INTO sys_burst_packet VALUES ('57', '1001', '4', '8-1|8-501', '', '1-1|5-5');
INSERT INTO sys_burst_packet VALUES ('58', '1002', '2', '8-101', '80000', '1-1');
INSERT INTO sys_burst_packet VALUES ('59', '1003', '2', '8-61', '80000', '1-1');
INSERT INTO sys_burst_packet VALUES ('60', '1004', '2', '8-41', '80000', '1-1');
INSERT INTO sys_burst_packet VALUES ('61', '1005', '2', '8-103|8-401|8-101', '25000|50000|80000', '1-1|1-1|1-1');
INSERT INTO sys_burst_packet VALUES ('62', '1006', '2', '8-2006|8-401|8-61', '25000|50000|80000', '1-1|1-1|1-1');
INSERT INTO sys_burst_packet VALUES ('63', '1007', '2', '8-2006|8-401|8-41', '25000|50000|80000', '1-1|1-1|1-1');
INSERT INTO sys_burst_packet VALUES ('64', '1008', '2', '8-63|8-401|8-81', '25000|50000|80000', '1-1|1-1|1-1');
INSERT INTO sys_burst_packet VALUES ('65', '1009', '2', '8-2006|8-401|8-21|8-1', '25000|50000|50000|50000', '1-1|1-1|1-1|1-1');
INSERT INTO sys_burst_packet VALUES ('66', '1010', '2', '8-21', '100000', '1-1');
INSERT INTO sys_burst_packet VALUES ('67', '1011', '2', '8-81', '100000', '1-1');
INSERT INTO sys_burst_packet VALUES ('68', '1012', '2', '8-81', '80000', '1-1');
INSERT INTO sys_burst_packet VALUES ('69', '1013', '2', '8-21', '80000', '1-1');
INSERT INTO sys_burst_packet VALUES ('70', '1014', '2', '8-1', '80000', '1-1');
INSERT INTO sys_burst_packet VALUES ('71', '1015', '2', '8-81|8-41', '50000|50000', '1-1|1-1');
INSERT INTO sys_burst_packet VALUES ('72', '1016', '2', '8-43|8-401|8-102', '25000|50000|80000', '1-1|1-1|1-1');
INSERT INTO sys_burst_packet VALUES ('73', '1017', '2', '8-83|8-401|8-62', '25000|50000|80000', '1-1|1-1|1-1');
INSERT INTO sys_burst_packet VALUES ('74', '1018', '2', '8-2005|8-401|8-42', '25000|50000|80000', '1-1|1-1|1-1');
INSERT INTO sys_burst_packet VALUES ('75', '1019', '2', '8-23|8-401|8-82', '25000|50000|80000', '1-1|1-1|1-1');
INSERT INTO sys_burst_packet VALUES ('76', '1020', '2', '8-2005|8-401|8-22', '25000|50000|80000', '1-1|1-1|1-1');
INSERT INTO sys_burst_packet VALUES ('77', '1021', '2', '8-2005|8-401|8-2', '25000|50000|80000', '1-1|1-1|1-1');
INSERT INTO sys_burst_packet VALUES ('78', '1022', '2', '8-102', '100000', '1-1');
INSERT INTO sys_burst_packet VALUES ('79', '1023', '2', '8-62', '100000', '1-1');
INSERT INTO sys_burst_packet VALUES ('80', '1024', '2', '8-21|8-61', '50000|50000', '1-1|1-1');
INSERT INTO sys_burst_packet VALUES ('81', '1025', '2', '8-1|8-101', '50000|50000', '1-1|1-1');
INSERT INTO sys_burst_packet VALUES ('82', '1026', '2', '8-81|8-101|8-21', '40000|40000|40000', '1-1|1-1|1-1');
INSERT INTO sys_burst_packet VALUES ('83', '1027', '2', '8-3|8-401|8-102', '25000|50000|80000', '1-1|1-1|1-1');
INSERT INTO sys_burst_packet VALUES ('84', '1028', '2', '8-2007|8-401|8-62|8-42', '25000|50000|50000|50000', '1-1|1-1|1-1|1-1');
INSERT INTO sys_burst_packet VALUES ('85', '1029', '2', '8-2007|8-401|8-82', '25000|50000|80000', '1-1|1-1|1-1');
INSERT INTO sys_burst_packet VALUES ('86', '1030', '2', '8-2007|8-401|8-22|8-2', '25000|50000|50000|50000', '1-1|1-1|1-1|1-1');
INSERT INTO sys_burst_packet VALUES ('87', '1031', '2', '8-42', '100000', '1-1');
INSERT INTO sys_burst_packet VALUES ('88', '1032', '2', '8-82', '100000', '1-1');
INSERT INTO sys_burst_packet VALUES ('89', '1033', '2', '8-1|8-41|8-61', '40000|40000|40000', '1-1|1-1|1-1');
INSERT INTO sys_burst_packet VALUES ('90', '1034', '2', '8-102', '80000', '1-1');
INSERT INTO sys_burst_packet VALUES ('91', '1035', '2', '8-62', '80000', '1-1');
INSERT INTO sys_burst_packet VALUES ('92', '1036', '4', '8-501|8-502|8-503|8-501|8-502|8-503', '', '2-2|5-5|4-4|0-4|0-8|0-6');
INSERT INTO sys_burst_packet VALUES ('93', '1037', '4', '8-501|8-502|8-503|8-504|8-502|8-503|8-504', '', '2-2|3-3|2-2|3-3|0-6|0-4|0-6');
INSERT INTO sys_burst_packet VALUES ('94', '1038', '4', '8-502|8-503|8-504|8-502|8-503|8-504', '', '4-4|4-4|4-4|0-9|0-8|0-8');
INSERT INTO sys_burst_packet VALUES ('95', '1039', '4', '8-502|8-503|8-504|8-505|8-503|8-504|8-505', '', '5-5|3-3|3-3|3-3|0-6|0-6|0-6');
INSERT INTO sys_burst_packet VALUES ('96', '1040', '4', '8-503|8-504|8-505|8-503|8-504|8-505', '', '3-3|4-4|4-4|0-7|0-8|0-8');
INSERT INTO sys_burst_packet VALUES ('97', '1041', '4', '8-701|8-702|8-701|8-702', '', '3-3|2-2|0-2|0-2');
INSERT INTO sys_burst_packet VALUES ('98', '1042', '4', '8-701|8-702|8-701|8-702', '', '8-8|2-2|0-8|0-2');
INSERT INTO sys_burst_packet VALUES ('99', '1043', '4', '8-701|8-702|8-703|8-701|8-702', '', '2-2|1-1|1-1|0-2|0-2');
INSERT INTO sys_burst_packet VALUES ('100', '1044', '4', '8-701|8-702|8-703|8-701|8-702', '', '3-3|1-1|1-1|0-6|0-3');
INSERT INTO sys_burst_packet VALUES ('101', '1045', '4', '8-701|8-702|8-703|8-701|8-702', '', '3-3|2-2|1-1|0-4|0-3');
INSERT INTO sys_burst_packet VALUES ('102', '1046', '2', '8-22', '100000', '1-1');
INSERT INTO sys_burst_packet VALUES ('103', '1047', '2', '8-2', '100000', '1-1');
INSERT INTO sys_burst_packet VALUES ('104', '1048', '2', '8-42', '80000', '1-1');
INSERT INTO sys_burst_packet VALUES ('105', '1049', '2', '8-82', '80000', '1-1');
INSERT INTO sys_burst_packet VALUES ('106', '1050', '2', '8-22', '80000', '1-1');
INSERT INTO sys_burst_packet VALUES ('107', '1051', '2', '8-2', '80000', '1-1');
INSERT INTO sys_burst_packet VALUES ('108', '1052', '2', '8-2018|8-401|8-103', '25000|50000|80000', '1-1|1-1|1-1');
INSERT INTO sys_burst_packet VALUES ('109', '1053', '2', '8-2018|8-401|8-63', '25000|50000|80000', '1-1|1-1|1-1');
INSERT INTO sys_burst_packet VALUES ('110', '1054', '2', '8-2001|8-401|8-43', '25000|50000|80000', '1-1|1-1|1-1');
INSERT INTO sys_burst_packet VALUES ('111', '1055', '2', '8-2018|8-401|8-83', '25000|50000|80000', '1-1|1-1|1-1');
INSERT INTO sys_burst_packet VALUES ('112', '1056', '2', '8-2001|8-401|8-23', '25000|50000|80000', '1-1|1-1|1-1');
INSERT INTO sys_burst_packet VALUES ('113', '1057', '2', '8-2001|8-401|8-3', '25000|50000|80000', '1-1|1-1|1-1');
INSERT INTO sys_burst_packet VALUES ('114', '1058', '2', '8-82|8-42', '100000|100000', '1-1|1-1');
INSERT INTO sys_burst_packet VALUES ('115', '1059', '2', '8-22|8-62', '100000|100000', '1-1|1-1');
INSERT INTO sys_burst_packet VALUES ('116', '1060', '2', '8-82|8-42', '50000|50000', '1-1|1-1');
INSERT INTO sys_burst_packet VALUES ('117', '1061', '2', '8-22|8-62', '50000|50000', '1-1|1-1');
INSERT INTO sys_burst_packet VALUES ('118', '1062', '2', '8-2|8-102', '50000|50000', '1-1|1-1');
INSERT INTO sys_burst_packet VALUES ('119', '1063', '2', '8-2004|8-401|8-103|8-63', '25000|50000|50000|50000', '1-1|1-1|1-1|1-1');
INSERT INTO sys_burst_packet VALUES ('120', '1064', '2', '8-2004|8-401|8-43|8-83', '25000|50000|50000|50000', '1-1|1-1|1-1|1-1');
INSERT INTO sys_burst_packet VALUES ('121', '1065', '2', '8-2004|8-401|8-23|8-3', '25000|50000|50000|50000', '1-1|1-1|1-1|1-1');
INSERT INTO sys_burst_packet VALUES ('122', '1066', '2', '8-2|8-102', '100000|100000', '1-1|1-1');
INSERT INTO sys_burst_packet VALUES ('123', '1067', '2', '8-83|8-43', '100000|100000', '1-1|1-1');
INSERT INTO sys_burst_packet VALUES ('124', '1068', '2', '8-103|8-2', '30000|50000', '1-1|1-1');
INSERT INTO sys_burst_packet VALUES ('125', '1069', '2', '8-63|8-22', '30000|50000', '1-1|1-1');
INSERT INTO sys_burst_packet VALUES ('126', '1070', '2', '8-43|8-82', '30000|50000', '1-1|1-1');
INSERT INTO sys_burst_packet VALUES ('127', '1071', '2', '8-2013|8-401|8-104', '25000|50000|80000', '1-1|1-1|1-1');
INSERT INTO sys_burst_packet VALUES ('128', '1072', '2', '8-2013|8-401|8-64', '25000|50000|80000', '1-1|1-1|1-1');
INSERT INTO sys_burst_packet VALUES ('129', '1073', '2', '8-2002|8-401|8-44', '25000|50000|80000', '1-1|1-1|1-1');
INSERT INTO sys_burst_packet VALUES ('130', '1074', '2', '8-2013|8-401|8-84', '25000|50000|80000', '1-1|1-1|1-1');
INSERT INTO sys_burst_packet VALUES ('131', '1075', '2', '8-2002|8-401|8-24', '25000|50000|80000', '1-1|1-1|1-1');
INSERT INTO sys_burst_packet VALUES ('132', '1076', '2', '8-2002|8-401|8-4', '25000|50000|80000', '1-1|1-1|1-1');
INSERT INTO sys_burst_packet VALUES ('133', '1077', '2', '8-23|8-63', '100000|100000', '1-1|1-1');
INSERT INTO sys_burst_packet VALUES ('134', '1078', '2', '8-3|8-103', '100000|100000', '1-1|1-1');
INSERT INTO sys_burst_packet VALUES ('135', '1079', '2', '8-83|8-42', '30000|50000', '1-1|1-1');
INSERT INTO sys_burst_packet VALUES ('136', '1080', '2', '8-23|8-62', '30000|50000', '1-1|1-1');
INSERT INTO sys_burst_packet VALUES ('137', '1081', '2', '8-3|8-102', '30000|50000', '1-1|1-1');
INSERT INTO sys_burst_packet VALUES ('138', '1082', '2', '8-83|8-43', '100000|100000', '1-1|1-1');
INSERT INTO sys_burst_packet VALUES ('139', '1083', '2', '8-23|8-63', '100000|100000', '1-1|1-1');
INSERT INTO sys_burst_packet VALUES ('140', '1084', '2', '8-103|8-2', '60000|40000', '1-1|1-1');
INSERT INTO sys_burst_packet VALUES ('141', '1085', '2', '8-63|8-22', '60000|40000', '1-1|1-1');
INSERT INTO sys_burst_packet VALUES ('142', '1086', '2', '8-43|8-82', '60000|40000', '1-1|1-1');
INSERT INTO sys_burst_packet VALUES ('143', '1087', '2', '8-83|8-42', '60000|40000', '1-1|1-1');
INSERT INTO sys_burst_packet VALUES ('144', '1088', '2', '8-2009|8-401|8-104', '25000|50000|80000', '1-1|1-1|1-1');
INSERT INTO sys_burst_packet VALUES ('145', '1089', '2', '8-2009|8-401|8-64', '25000|50000|80000', '1-1|1-1|1-1');
INSERT INTO sys_burst_packet VALUES ('146', '1090', '2', '8-2009|8-401|8-44', '25000|50000|80000', '1-1|1-1|1-1');
INSERT INTO sys_burst_packet VALUES ('147', '1091', '2', '8-3|8-103', '100000|100000', '1-1|1-1');
INSERT INTO sys_burst_packet VALUES ('148', '1092', '2', '8-104|8-401', '100000|100000', '1-1|1-1');
INSERT INTO sys_burst_packet VALUES ('149', '1093', '2', '8-23|8-62', '60000|40000', '1-1|1-1');
INSERT INTO sys_burst_packet VALUES ('150', '1094', '2', '8-3|8-102', '60000|40000', '1-1|1-1');
INSERT INTO sys_burst_packet VALUES ('151', '1095', '2', '8-83|8-43', '60000|60000', '1-1|1-1');
INSERT INTO sys_burst_packet VALUES ('152', '1096', '2', '8-23|8-63', '60000|60000', '1-1|1-1');
INSERT INTO sys_burst_packet VALUES ('153', '1097', '2', '8-3|8-103', '60000|60000', '1-1|1-1');
INSERT INTO sys_burst_packet VALUES ('154', '1098', '2', '8-104|8-3', '30000|50000', '1-1|1-1');
INSERT INTO sys_burst_packet VALUES ('155', '1099', '2', '8-2010|8-401|8-84', '25000|50000|80000', '1-1|1-1|1-1');
INSERT INTO sys_burst_packet VALUES ('156', '1100', '2', '8-2010|8-401|8-24', '25000|50000|80000', '1-1|1-1|1-1');
INSERT INTO sys_burst_packet VALUES ('157', '1101', '2', '8-2010|8-401|8-4', '25000|50000|80000', '1-1|1-1|1-1');
INSERT INTO sys_burst_packet VALUES ('158', '1102', '2', '8-64|8-401', '100000|100000', '1-1|1-1');
INSERT INTO sys_burst_packet VALUES ('159', '1103', '2', '8-44|8-401', '100000|100000', '1-1|1-1');
INSERT INTO sys_burst_packet VALUES ('160', '1104', '2', '8-64|8-23', '30000|50000', '1-1|1-1');
INSERT INTO sys_burst_packet VALUES ('161', '1105', '2', '8-44|8-83', '30000|50000', '1-1|1-1');
INSERT INTO sys_burst_packet VALUES ('162', '1106', '2', '8-84|8-43', '30000|50000', '1-1|1-1');
INSERT INTO sys_burst_packet VALUES ('163', '1107', '2', '8-2004|8-401|8-105', '25000|50000|80000', '1-1|1-1|1-1');
INSERT INTO sys_burst_packet VALUES ('164', '1108', '2', '8-2007|8-401|8-65', '25000|50000|80000', '1-1|1-1|1-1');
INSERT INTO sys_burst_packet VALUES ('165', '1109', '2', '8-2018|8-401|8-45', '25000|50000|80000', '1-1|1-1|1-1');
INSERT INTO sys_burst_packet VALUES ('166', '1110', '2', '8-84|8-401', '100000|100000', '1-1|1-1');
INSERT INTO sys_burst_packet VALUES ('167', '1111', '2', '8-24|8-401', '100000|100000', '1-1|1-1');
INSERT INTO sys_burst_packet VALUES ('168', '1112', '2', '8-24|8-63', '30000|50000', '1-1|1-1');
INSERT INTO sys_burst_packet VALUES ('169', '1113', '2', '8-4|8-103', '30000|50000', '1-1|1-1');
INSERT INTO sys_burst_packet VALUES ('170', '1114', '2', '8-104|8-3', '60000|40000', '1-1|1-1');
INSERT INTO sys_burst_packet VALUES ('171', '1115', '2', '8-64|8-23', '60000|40000', '1-1|1-1');
INSERT INTO sys_burst_packet VALUES ('172', '1116', '2', '8-44|8-83', '60000|40000', '1-1|1-1');
INSERT INTO sys_burst_packet VALUES ('173', '1117', '2', '8-2010|8-401|8-85', '25000|50000|80000', '1-1|1-1|1-1');
INSERT INTO sys_burst_packet VALUES ('174', '1118', '2', '8-2013|8-401|8-25', '25000|50000|80000', '1-1|1-1|1-1');
INSERT INTO sys_burst_packet VALUES ('175', '1119', '2', '8-2014|8-401|8-5', '25000|50000|80000', '1-1|1-1|1-1');
INSERT INTO sys_burst_packet VALUES ('176', '1120', '2', '8-84|8-44', '60000|60000', '1-1|1-1');
INSERT INTO sys_burst_packet VALUES ('177', '1121', '2', '8-24|8-64', '60000|60000', '1-1|1-1');
INSERT INTO sys_burst_packet VALUES ('178', '1122', '2', '8-4|8-104', '60000|60000', '1-1|1-1');
INSERT INTO sys_burst_packet VALUES ('179', '1123', '2', '8-84|8-104|8-24', '100000|100000|100000', '1-1|1-1|1-1');
INSERT INTO sys_burst_packet VALUES ('180', '1124', '2', '8-4|8-44|8-64', '100000|100000|100000', '1-1|1-1|1-1');
INSERT INTO sys_burst_packet VALUES ('181', '1125', '2', '8-105|8-4', '30000|50000', '1-1|1-1');
INSERT INTO sys_burst_packet VALUES ('182', '1126', '2', '8-65|8-24', '30000|50000', '1-1|1-1');
INSERT INTO sys_burst_packet VALUES ('183', '1127', '2', '8-45|8-84', '30000|50000', '1-1|1-1');
INSERT INTO sys_burst_packet VALUES ('184', '1128', '2', '8-85|8-44', '30000|50000', '1-1|1-1');
INSERT INTO sys_burst_packet VALUES ('185', '1129', '2', '8-25|8-64', '30000|50000', '1-1|1-1');
INSERT INTO sys_burst_packet VALUES ('186', '1130', '2', '8-5|8-104', '30000|50000', '1-1|1-1');
INSERT INTO sys_burst_packet VALUES ('187', '1131', '2', '8-2015|8-402|8-105', '25000|50000|80000', '1-1|1-1|1-1');
INSERT INTO sys_burst_packet VALUES ('188', '1132', '2', '8-2015|8-402|8-65', '25000|50000|80000', '1-1|1-1|1-1');
INSERT INTO sys_burst_packet VALUES ('189', '1133', '2', '8-2015|8-402|8-45', '25000|50000|80000', '1-1|1-1|1-1');
INSERT INTO sys_burst_packet VALUES ('190', '1134', '2', '8-5|8-25', '100000|100000', '1-1|1-1');
INSERT INTO sys_burst_packet VALUES ('191', '1135', '2', '8-85|8-45', '100000|100000', '1-1|1-1');
INSERT INTO sys_burst_packet VALUES ('192', '1136', '2', '8-105|8-4', '60000|40000', '1-1|1-1');
INSERT INTO sys_burst_packet VALUES ('193', '1137', '2', '8-65|8-24', '60000|40000', '1-1|1-1');
INSERT INTO sys_burst_packet VALUES ('194', '1138', '2', '8-45|8-84', '60000|40000', '1-1|1-1');
INSERT INTO sys_burst_packet VALUES ('195', '1139', '2', '8-85|8-44', '60000|40000', '1-1|1-1');
INSERT INTO sys_burst_packet VALUES ('196', '1140', '2', '8-25|8-64', '60000|40000', '1-1|1-1');
INSERT INTO sys_burst_packet VALUES ('197', '1141', '2', '8-5|8-104', '60000|40000', '1-1|1-1');
INSERT INTO sys_burst_packet VALUES ('198', '1142', '2', '8-67|8-107|8-402|8-85', '35000|35000|30000|80000', '1-1|1-1|1-1|1-1');
INSERT INTO sys_burst_packet VALUES ('199', '1143', '2', '8-87|8-47|8-402|8-25', '35000|35000|30000|80000', '1-1|1-1|1-1|1-1');
INSERT INTO sys_burst_packet VALUES ('200', '1144', '2', '8-7|8-27|8-402|8-5', '35000|35000|30000|80000', '1-1|1-1|1-1|1-1');
INSERT INTO sys_burst_packet VALUES ('201', '1145', '2', '8-65|8-401', '100000|100000', '1-1|1-1');
INSERT INTO sys_burst_packet VALUES ('202', '1146', '2', '8-105|8-401', '100000|100000', '1-1|1-1');
INSERT INTO sys_burst_packet VALUES ('203', '1147', '2', '8-105|8-401', '60000|40000', '1-1|1-1');
INSERT INTO sys_burst_packet VALUES ('204', '1148', '2', '8-65|8-401', '60000|40000', '1-1|1-1');
INSERT INTO sys_burst_packet VALUES ('205', '1149', '2', '8-45|8-401', '60000|40000', '1-1|1-1');
INSERT INTO sys_burst_packet VALUES ('206', '1150', '2', '8-85|8-401', '60000|40000', '1-1|1-1');
INSERT INTO sys_burst_packet VALUES ('207', '1151', '2', '8-25|8-401', '60000|40000', '1-1|1-1');
INSERT INTO sys_burst_packet VALUES ('208', '1152', '2', '8-5|8-401', '60000|40000', '1-1|1-1');
INSERT INTO sys_burst_packet VALUES ('209', '1153', '2', '8-2011|8-402|8-106', '25000|50000|80000', '1-1|1-1|1-1');
INSERT INTO sys_burst_packet VALUES ('210', '1154', '2', '8-2011|8-402|8-66', '25000|50000|80000', '1-1|1-1|1-1');
INSERT INTO sys_burst_packet VALUES ('211', '1155', '2', '8-2011|8-402|8-46', '25000|50000|80000', '1-1|1-1|1-1');
INSERT INTO sys_burst_packet VALUES ('212', '1156', '2', '8-6|8-26', '100000|100000', '1-1|1-1');
INSERT INTO sys_burst_packet VALUES ('213', '1157', '2', '8-86|8-46', '100000|100000', '1-1|1-1');
INSERT INTO sys_burst_packet VALUES ('214', '1158', '2', '8-401', '80000', '1-1');
INSERT INTO sys_burst_packet VALUES ('215', '1159', '2', '8-401', '80000', '1-1');
INSERT INTO sys_burst_packet VALUES ('216', '1160', '2', '8-401', '80000', '1-1');
INSERT INTO sys_burst_packet VALUES ('217', '1161', '2', '8-401', '80000', '1-1');
INSERT INTO sys_burst_packet VALUES ('218', '1162', '2', '8-401', '80000', '1-1');
INSERT INTO sys_burst_packet VALUES ('219', '1163', '2', '8-401', '80000', '1-1');
INSERT INTO sys_burst_packet VALUES ('220', '1164', '2', '8-401', '80000', '1-1');
INSERT INTO sys_burst_packet VALUES ('221', '1165', '2', '8-2014|8-402|8-86', '25000|50000|80000', '1-1|1-1|1-1');
INSERT INTO sys_burst_packet VALUES ('222', '1166', '2', '8-2014|8-402|8-26', '25000|50000|80000', '1-1|1-1|1-1');
INSERT INTO sys_burst_packet VALUES ('223', '1167', '2', '8-2014|8-402|8-6', '25000|50000|80000', '1-1|1-1|1-1');
INSERT INTO sys_burst_packet VALUES ('224', '1168', '2', '8-66|8-106', '100000|100000', '1-1|1-1');
INSERT INTO sys_burst_packet VALUES ('225', '1169', '2', '8-6|8-26', '100000|100000', '1-1|1-1');
INSERT INTO sys_burst_packet VALUES ('226', '1170', '2', '8-106', '80000', '1-1');
INSERT INTO sys_burst_packet VALUES ('227', '1171', '2', '8-66', '80000', '1-1');
INSERT INTO sys_burst_packet VALUES ('228', '1172', '2', '8-46', '80000', '1-1');
INSERT INTO sys_burst_packet VALUES ('229', '1173', '2', '8-86', '80000', '1-1');
INSERT INTO sys_burst_packet VALUES ('230', '1174', '2', '8-26', '80000', '1-1');
INSERT INTO sys_burst_packet VALUES ('231', '1175', '2', '8-6', '80000', '1-1');
INSERT INTO sys_burst_packet VALUES ('232', '1176', '2', '8-68|8-108|8-402|8-107', '35000|35000|30000|80000', '1-1|1-1|1-1|1-1');
INSERT INTO sys_burst_packet VALUES ('233', '1177', '2', '8-88|8-48|8-402|8-67', '35000|35000|30000|80000', '1-1|1-1|1-1|1-1');
INSERT INTO sys_burst_packet VALUES ('234', '1178', '2', '8-8|8-28|8-402|8-47', '35000|35000|30000|80000', '1-1|1-1|1-1|1-1');
INSERT INTO sys_burst_packet VALUES ('235', '1179', '2', '8-86|8-46', '100000|100000', '1-1|1-1');
INSERT INTO sys_burst_packet VALUES ('236', '1180', '2', '8-66|8-106', '100000|100000', '1-1|1-1');
INSERT INTO sys_burst_packet VALUES ('237', '1181', '2', '8-107|8-6', '30000|50000', '1-1|1-1');
INSERT INTO sys_burst_packet VALUES ('238', '1182', '2', '8-67|8-26', '30000|50000', '1-1|1-1');
INSERT INTO sys_burst_packet VALUES ('239', '1183', '2', '8-47|8-86', '30000|50000', '1-1|1-1');
INSERT INTO sys_burst_packet VALUES ('240', '1184', '2', '8-87|8-46', '30000|50000', '1-1|1-1');
INSERT INTO sys_burst_packet VALUES ('241', '1185', '2', '8-27|8-66', '30000|50000', '1-1|1-1');
INSERT INTO sys_burst_packet VALUES ('242', '1186', '2', '8-7|8-106', '30000|50000', '1-1|1-1');
INSERT INTO sys_burst_packet VALUES ('243', '1187', '2', '8-2012|8-402|8-87', '25000|50000|80000', '1-1|1-1|1-1');
INSERT INTO sys_burst_packet VALUES ('244', '1188', '2', '8-2012|8-402|8-27', '25000|50000|80000', '1-1|1-1|1-1');
INSERT INTO sys_burst_packet VALUES ('245', '1189', '2', '8-2012|8-402|8-7', '25000|50000|80000', '1-1|1-1|1-1');
INSERT INTO sys_burst_packet VALUES ('246', '1190', '2', '8-7|8-27', '100000|100000', '1-1|1-1');
INSERT INTO sys_burst_packet VALUES ('247', '1191', '2', '8-87|8-47', '100000|100000', '1-1|1-1');
INSERT INTO sys_burst_packet VALUES ('248', '1192', '2', '8-107|8-6', '60000|40000', '1-1|1-1');
INSERT INTO sys_burst_packet VALUES ('249', '1193', '2', '8-67|8-26', '60000|40000', '1-1|1-1');
INSERT INTO sys_burst_packet VALUES ('250', '1194', '2', '8-47|8-86', '60000|40000', '1-1|1-1');
INSERT INTO sys_burst_packet VALUES ('251', '1195', '2', '8-87|8-46', '60000|40000', '1-1|1-1');
INSERT INTO sys_burst_packet VALUES ('252', '1196', '2', '8-27|8-66', '60000|40000', '1-1|1-1');
INSERT INTO sys_burst_packet VALUES ('253', '1197', '2', '8-7|8-106', '60000|40000', '1-1|1-1');
INSERT INTO sys_burst_packet VALUES ('254', '1198', '2', '8-2021|8-402|8-108', '25000|50000|80000', '1-1|1-1|1-1');
INSERT INTO sys_burst_packet VALUES ('255', '1199', '2', '8-2021|8-402|8-68', '25000|50000|80000', '1-1|1-1|1-1');
INSERT INTO sys_burst_packet VALUES ('256', '1200', '2', '8-2021|8-402|8-48', '25000|50000|80000', '1-1|1-1|1-1');
INSERT INTO sys_burst_packet VALUES ('257', '1201', '2', '8-67|8-107', '100000|100000', '1-1|1-1');
INSERT INTO sys_burst_packet VALUES ('258', '1202', '2', '8-8|8-28', '100000|100000', '1-1|1-1');
INSERT INTO sys_burst_packet VALUES ('259', '1203', '2', '8-108|8-6', '30000|50000', '1-1|1-1');
INSERT INTO sys_burst_packet VALUES ('260', '1204', '2', '8-68|8-26', '30000|50000', '1-1|1-1');
INSERT INTO sys_burst_packet VALUES ('261', '1205', '2', '8-48|8-86', '30000|50000', '1-1|1-1');
INSERT INTO sys_burst_packet VALUES ('262', '1206', '2', '8-88|8-46', '30000|50000', '1-1|1-1');
INSERT INTO sys_burst_packet VALUES ('263', '1207', '2', '8-28|8-66', '30000|50000', '1-1|1-1');
INSERT INTO sys_burst_packet VALUES ('264', '1208', '2', '8-8|8-106', '30000|50000', '1-1|1-1');
INSERT INTO sys_burst_packet VALUES ('265', '1209', '2', '8-2023|8-402|8-88', '25000|50000|80000', '1-1|1-1|1-1');
INSERT INTO sys_burst_packet VALUES ('266', '1210', '2', '8-2023|8-402|8-28', '25000|50000|80000', '1-1|1-1|1-1');
INSERT INTO sys_burst_packet VALUES ('267', '1211', '2', '8-2023|8-402|8-8', '25000|50000|80000', '1-1|1-1|1-1');
INSERT INTO sys_burst_packet VALUES ('268', '1212', '2', '8-88|8-48', '100000|100000', '1-1|1-1');
INSERT INTO sys_burst_packet VALUES ('269', '1213', '2', '8-68|8-108', '100000|100000', '1-1|1-1');
INSERT INTO sys_burst_packet VALUES ('270', '1214', '2', '8-108|8-7', '50000|50000', '1-1|1-1');
INSERT INTO sys_burst_packet VALUES ('271', '1215', '2', '8-68|8-27', '50000|50000', '1-1|1-1');
INSERT INTO sys_burst_packet VALUES ('272', '1216', '2', '8-48|8-87', '50000|50000', '1-1|1-1');
INSERT INTO sys_burst_packet VALUES ('273', '1217', '2', '8-88|8-47', '50000|50000', '1-1|1-1');
INSERT INTO sys_burst_packet VALUES ('274', '1218', '2', '8-28|8-67', '50000|50000', '1-1|1-1');
INSERT INTO sys_burst_packet VALUES ('275', '1219', '2', '8-8|8-107', '50000|50000', '1-1|1-1');
INSERT INTO sys_burst_packet VALUES ('276', '1220', '2', '8-2011|8-402|8-108|8-68', '25000|50000|50000|50000', '1-1|1-1|1-1|1-1');
INSERT INTO sys_burst_packet VALUES ('277', '1221', '2', '8-2012|8-402|8-48|8-88', '25000|50000|50000|50000', '1-1|1-1|1-1|1-1');
INSERT INTO sys_burst_packet VALUES ('278', '1222', '2', '8-2015|8-402|8-28|8-8', '25000|50000|50000|50000', '1-1|1-1|1-1|1-1');
INSERT INTO sys_burst_packet VALUES ('279', '2001', '4', '17-1001|11-1|11-2|12-0', '', '1-1|6-6|10-10|500-500');
INSERT INTO sys_burst_packet VALUES ('280', '2002', '4', '17-1002|11-1|11-2|12-0', '', '1-1|6-6|12-12|520-520');
INSERT INTO sys_burst_packet VALUES ('281', '2003', '4', '17-1003|11-1|11-2|12-0', '', '1-1|6-6|14-14|540-540');
INSERT INTO sys_burst_packet VALUES ('282', '2004', '4', '17-1004|11-1|11-2|12-0', '', '1-1|6-6|16-16|560-560');
INSERT INTO sys_burst_packet VALUES ('283', '2005', '4', '17-1005|11-1|11-2|12-0', '', '1-1|12-12|22-22|1020-1020');
INSERT INTO sys_burst_packet VALUES ('284', '2006', '4', '17-1006|11-1|11-2|12-0', '', '1-1|12-12|26-26|1060-1060');
INSERT INTO sys_burst_packet VALUES ('285', '2007', '4', '17-1007|11-1|11-2|12-0', '', '1-1|12-12|30-30|1100-1100');
INSERT INTO sys_burst_packet VALUES ('286', '2008', '4', '17-1008|11-1|11-2|12-0', '', '1-1|12-12|24-24|1040-1040');
INSERT INTO sys_burst_packet VALUES ('287', '2009', '4', '17-1009|11-1|11-2|12-0', '', '1-1|12-12|32-32|1120-1120');
INSERT INTO sys_burst_packet VALUES ('288', '2010', '4', '17-1010|11-1|11-2|12-0', '', '1-1|6-6|17-17|570-570');
INSERT INTO sys_burst_packet VALUES ('289', '2011', '4', '17-1011|11-1|11-2|12-0', '', '1-1|6-6|17-17|570-570');
INSERT INTO sys_burst_packet VALUES ('290', '2012', '4', '17-1012|11-1|11-2|12-0', '', '1-1|6-6|18-18|580-580');
INSERT INTO sys_burst_packet VALUES ('291', '2013', '4', '17-1013|11-1|11-2|12-0', '', '1-1|6-6|20-20|600-600');
INSERT INTO sys_burst_packet VALUES ('292', '2014', '4', '17-1014|11-1|11-2|12-0', '', '1-1|6-6|20-20|600-600');
INSERT INTO sys_burst_packet VALUES ('293', '2015', '4', '17-1015|11-1|11-2|12-0', '', '1-1|6-6|22-22|620-620');
INSERT INTO sys_burst_packet VALUES ('294', '2016', '4', '17-1016|11-1|11-2|12-0', '', '1-1|12-12|34-34|1140-1140');
INSERT INTO sys_burst_packet VALUES ('295', '2017', '4', '17-1017|11-1|11-2|12-0', '', '1-1|12-12|38-38|1180-1180');
INSERT INTO sys_burst_packet VALUES ('296', '2018', '4', '17-1018|11-1|11-2|12-0', '', '1-1|12-12|42-42|1220-1220');
INSERT INTO sys_burst_packet VALUES ('297', '2019', '4', '17-1019|11-1|11-2|12-0', '', '1-1|12-12|36-36|1160-1160');
INSERT INTO sys_burst_packet VALUES ('298', '2020', '4', '17-1020|11-1|11-2|12-0', '', '1-1|12-12|40-40|1200-1200');
INSERT INTO sys_burst_packet VALUES ('299', '2021', '4', '17-1021|11-1|11-2|12-0', '', '1-1|12-12|44-44|1240-1240');
INSERT INTO sys_burst_packet VALUES ('300', '2022', '4', '17-1022|11-1|11-2|12-0', '', '1-1|6-6|23-23|630-630');
INSERT INTO sys_burst_packet VALUES ('301', '2023', '4', '17-1023|11-1|11-2|12-0', '', '1-1|6-6|23-23|630-630');
INSERT INTO sys_burst_packet VALUES ('302', '2024', '4', '17-1024|11-1|11-2|12-0', '', '1-1|6-6|24-24|640-640');
INSERT INTO sys_burst_packet VALUES ('303', '2025', '4', '17-1025|11-1|11-2|12-0', '', '1-1|6-6|26-26|660-660');
INSERT INTO sys_burst_packet VALUES ('304', '2026', '4', '17-1026|11-1|11-2|12-0', '', '1-1|6-6|28-28|680-680');
INSERT INTO sys_burst_packet VALUES ('305', '2027', '4', '17-1027|11-1|11-2|12-0', '', '1-1|12-12|48-48|1280-1280');
INSERT INTO sys_burst_packet VALUES ('306', '2028', '4', '17-1028|11-1|11-2|12-0', '', '1-1|12-12|52-52|1320-1320');
INSERT INTO sys_burst_packet VALUES ('307', '2029', '4', '17-1029|11-1|11-2|12-0', '', '1-1|12-12|48-48|1280-1280');
INSERT INTO sys_burst_packet VALUES ('308', '2030', '4', '17-1030|11-1|11-2|12-0', '', '1-1|12-12|56-56|1360-1360');
INSERT INTO sys_burst_packet VALUES ('309', '2031', '4', '17-1031|11-1|11-2|12-0', '', '1-1|6-6|29-29|690-690');
INSERT INTO sys_burst_packet VALUES ('310', '2032', '4', '17-1032|11-1|11-2|12-0', '', '1-1|6-6|29-29|690-690');
INSERT INTO sys_burst_packet VALUES ('311', '2033', '4', '17-1033|11-1|11-2|12-0', '', '1-1|6-6|30-30|700-700');
INSERT INTO sys_burst_packet VALUES ('312', '2034', '4', '17-1034|11-1|11-2|12-0', '', '1-1|6-6|32-32|720-720');
INSERT INTO sys_burst_packet VALUES ('313', '2035', '4', '17-1035|11-1|11-2|12-0', '', '1-1|6-6|34-34|740-740');
INSERT INTO sys_burst_packet VALUES ('314', '2036', '4', '17-1036|11-1|11-2|12-0', '', '1-1|6-6|0-0|1750-1750');
INSERT INTO sys_burst_packet VALUES ('315', '2037', '4', '17-1037|11-1|11-2|12-0', '', '1-1|6-6|0-0|2500-2500');
INSERT INTO sys_burst_packet VALUES ('316', '2038', '4', '17-1038|11-1|11-2|12-0', '', '1-1|6-6|0-0|3250-3250');
INSERT INTO sys_burst_packet VALUES ('317', '2039', '4', '17-1039|11-1|11-2|12-0', '', '1-1|6-6|0-0|4000-4000');
INSERT INTO sys_burst_packet VALUES ('318', '2040', '4', '17-1040|11-1|11-2|12-0', '', '1-1|6-6|0-0|4750-4750');
INSERT INTO sys_burst_packet VALUES ('319', '2041', '4', '17-1041|11-1|11-2|12-0', '', '1-1|6-6|0-0|1750-1750');
INSERT INTO sys_burst_packet VALUES ('320', '2042', '4', '17-1042|11-1|11-2|12-0', '', '1-1|6-6|0-0|2500-2500');
INSERT INTO sys_burst_packet VALUES ('321', '2043', '4', '17-1043|11-1|11-2|12-0', '', '1-1|6-6|0-0|3250-3250');
INSERT INTO sys_burst_packet VALUES ('322', '2044', '4', '17-1044|11-1|11-2|12-0', '', '1-1|6-6|0-0|4000-4000');
INSERT INTO sys_burst_packet VALUES ('323', '2045', '4', '17-1045|11-1|11-2|12-0', '', '1-1|6-6|0-0|4750-4750');
INSERT INTO sys_burst_packet VALUES ('324', '2046', '4', '17-1046|11-1|11-2|12-0', '', '1-1|6-6|35-35|750-750');
INSERT INTO sys_burst_packet VALUES ('325', '2047', '4', '17-1047|11-1|11-2|12-0', '', '1-1|6-6|35-35|750-750');
INSERT INTO sys_burst_packet VALUES ('326', '2048', '4', '17-1048|11-1|11-2|12-0', '', '1-1|6-6|36-36|760-760');
INSERT INTO sys_burst_packet VALUES ('327', '2049', '4', '17-1049|11-1|11-2|12-0', '', '1-1|6-6|38-38|780-780');
INSERT INTO sys_burst_packet VALUES ('328', '2050', '4', '17-1050|11-1|11-2|12-0', '', '1-1|6-6|38-38|780-780');
INSERT INTO sys_burst_packet VALUES ('329', '2051', '4', '17-1051|11-1|11-2|12-0', '', '1-1|6-6|40-40|800-800');
INSERT INTO sys_burst_packet VALUES ('330', '2052', '4', '17-1052|11-1|11-2|12-0', '', '1-1|12-12|68-68|1480-1480');
INSERT INTO sys_burst_packet VALUES ('331', '2053', '4', '17-1053|11-1|11-2|12-0', '', '1-1|12-12|72-72|1520-1520');
INSERT INTO sys_burst_packet VALUES ('332', '2054', '4', '17-1054|11-1|11-2|12-0', '', '1-1|12-12|76-76|1560-1560');
INSERT INTO sys_burst_packet VALUES ('333', '2055', '4', '17-1055|11-1|11-2|12-0', '', '1-1|12-12|72-72|1520-1520');
INSERT INTO sys_burst_packet VALUES ('334', '2056', '4', '17-1056|11-1|11-2|12-0', '', '1-1|12-12|76-76|1560-1560');
INSERT INTO sys_burst_packet VALUES ('335', '2057', '4', '17-1057|11-1|11-2|12-0', '', '1-1|12-12|80-80|1600-1600');
INSERT INTO sys_burst_packet VALUES ('336', '2058', '4', '17-1058|11-1|11-2|12-0', '', '1-1|6-6|41-41|810-810');
INSERT INTO sys_burst_packet VALUES ('337', '2059', '4', '17-1059|11-1|11-2|12-0', '', '1-1|6-6|41-41|810-810');
INSERT INTO sys_burst_packet VALUES ('338', '2060', '4', '17-1060|11-1|11-2|12-0', '', '1-1|6-6|42-42|820-820');
INSERT INTO sys_burst_packet VALUES ('339', '2061', '4', '17-1061|11-1|11-2|12-0', '', '1-1|6-6|44-44|840-840');
INSERT INTO sys_burst_packet VALUES ('340', '2062', '4', '17-1062|11-1|11-2|12-0', '', '1-1|6-6|46-46|860-860');
INSERT INTO sys_burst_packet VALUES ('341', '2063', '4', '17-1063|11-1|11-2|12-0', '', '1-1|12-12|84-84|1640-1640');
INSERT INTO sys_burst_packet VALUES ('342', '2064', '4', '17-1064|11-1|11-2|12-0', '', '1-1|12-12|88-88|1680-1680');
INSERT INTO sys_burst_packet VALUES ('343', '2065', '4', '17-1065|11-1|11-2|12-0', '', '1-1|12-12|92-92|1720-1720');
INSERT INTO sys_burst_packet VALUES ('344', '2066', '4', '17-1066|11-1|11-2|12-0', '', '1-1|6-6|47-47|870-870');
INSERT INTO sys_burst_packet VALUES ('345', '2067', '4', '17-1067|11-1|11-2|12-0', '', '1-1|6-6|47-47|870-870');
INSERT INTO sys_burst_packet VALUES ('346', '2068', '4', '17-1068|11-1|11-2|12-0', '', '1-1|6-6|48-48|880-880');
INSERT INTO sys_burst_packet VALUES ('347', '2069', '4', '17-1069|11-1|11-2|12-0', '', '1-1|6-6|50-50|900-900');
INSERT INTO sys_burst_packet VALUES ('348', '2070', '4', '17-1070|11-1|11-2|12-0', '', '1-1|6-6|52-52|920-920');
INSERT INTO sys_burst_packet VALUES ('349', '2071', '4', '17-1071|11-1|11-2|12-0', '', '1-1|12-12|92-92|1720-1720');
INSERT INTO sys_burst_packet VALUES ('350', '2072', '4', '17-1072|11-1|11-2|12-0', '', '1-1|12-12|96-96|1760-1760');
INSERT INTO sys_burst_packet VALUES ('351', '2073', '4', '17-1073|11-1|11-2|12-0', '', '1-1|12-12|100-100|1800-1800');
INSERT INTO sys_burst_packet VALUES ('352', '2074', '4', '17-1074|11-1|11-2|12-0', '', '1-1|12-12|96-96|1760-1760');
INSERT INTO sys_burst_packet VALUES ('353', '2075', '4', '17-1075|11-1|11-2|12-0', '', '1-1|12-12|100-100|1800-1800');
INSERT INTO sys_burst_packet VALUES ('354', '2076', '4', '17-1076|11-1|11-2|12-0', '', '1-1|12-12|104-104|1840-1840');
INSERT INTO sys_burst_packet VALUES ('355', '2077', '4', '17-1077|11-1|11-2|12-0', '', '1-1|6-6|53-53|930-930');
INSERT INTO sys_burst_packet VALUES ('356', '2078', '4', '17-1078|11-1|11-2|12-0', '', '1-1|6-6|53-53|930-930');
INSERT INTO sys_burst_packet VALUES ('357', '2079', '4', '17-1079|11-1|11-2|12-0', '', '1-1|6-6|54-54|940-940');
INSERT INTO sys_burst_packet VALUES ('358', '2080', '4', '17-1080|11-1|11-2|12-0', '', '1-1|6-6|56-56|960-960');
INSERT INTO sys_burst_packet VALUES ('359', '2081', '4', '17-1081|11-1|11-2|12-0', '', '1-1|6-6|58-58|980-980');
INSERT INTO sys_burst_packet VALUES ('360', '2082', '4', '17-1082|11-1|11-2|12-0', '', '1-1|6-6|59-59|990-990');
INSERT INTO sys_burst_packet VALUES ('361', '2083', '4', '17-1083|11-1|11-2|12-0', '', '1-1|6-6|59-59|990-990');
INSERT INTO sys_burst_packet VALUES ('362', '2084', '4', '17-1084|11-1|11-2|12-0', '', '1-1|6-6|60-60|1000-1000');
INSERT INTO sys_burst_packet VALUES ('363', '2085', '4', '17-1085|11-1|11-2|12-0', '', '1-1|6-6|62-62|1020-1020');
INSERT INTO sys_burst_packet VALUES ('364', '2086', '4', '17-1086|11-1|11-2|12-0', '', '1-1|6-6|62-62|1020-1020');
INSERT INTO sys_burst_packet VALUES ('365', '2087', '4', '17-1087|11-1|11-2|12-0', '', '1-1|6-6|64-64|1040-1040');
INSERT INTO sys_burst_packet VALUES ('366', '2088', '4', '17-1088|11-1|11-2|12-0', '', '1-1|12-12|120-120|2000-2000');
INSERT INTO sys_burst_packet VALUES ('367', '2089', '4', '17-1089|11-1|11-2|12-0', '', '1-1|12-12|124-124|2040-2040');
INSERT INTO sys_burst_packet VALUES ('368', '2090', '4', '17-1090|11-1|11-2|12-0', '', '1-1|12-12|128-128|2080-2080');
INSERT INTO sys_burst_packet VALUES ('369', '2091', '4', '17-1091|11-1|11-2|12-0', '', '1-1|6-6|65-65|1050-1050');
INSERT INTO sys_burst_packet VALUES ('370', '2092', '4', '17-1092|11-1|11-2|12-0', '', '1-1|6-6|65-65|1050-1050');
INSERT INTO sys_burst_packet VALUES ('371', '2093', '4', '17-1093|11-1|11-2|12-0', '', '1-1|6-6|66-66|1060-1060');
INSERT INTO sys_burst_packet VALUES ('372', '2094', '4', '17-1094|11-1|11-2|12-0', '', '1-1|6-6|68-68|1080-1080');
INSERT INTO sys_burst_packet VALUES ('373', '2095', '4', '17-1095|11-1|11-2|12-0', '', '1-1|6-6|70-70|1100-1100');
INSERT INTO sys_burst_packet VALUES ('374', '2096', '4', '17-1096|11-1|11-2|12-0', '', '1-1|6-6|68-68|1080-1080');
INSERT INTO sys_burst_packet VALUES ('375', '2097', '4', '17-1097|11-1|11-2|12-0', '', '1-1|6-6|70-70|1100-1100');
INSERT INTO sys_burst_packet VALUES ('376', '2098', '4', '17-1098|11-1|11-2|12-0', '', '1-1|6-6|72-72|1120-1120');
INSERT INTO sys_burst_packet VALUES ('377', '2099', '4', '17-1099|11-1|11-2|12-0', '', '1-1|12-12|136-136|2160-2160');
INSERT INTO sys_burst_packet VALUES ('378', '2100', '4', '17-1100|11-1|11-2|12-0', '', '1-1|12-12|140-140|2200-2200');
INSERT INTO sys_burst_packet VALUES ('379', '2101', '4', '17-1101|11-1|11-2|12-0', '', '1-1|12-12|144-144|2240-2240');
INSERT INTO sys_burst_packet VALUES ('380', '2102', '4', '17-1102|11-1|11-2|12-0', '', '1-1|6-6|73-73|1130-1130');
INSERT INTO sys_burst_packet VALUES ('381', '2103', '4', '17-1103|11-1|11-2|12-0', '', '1-1|6-6|73-73|1130-1130');
INSERT INTO sys_burst_packet VALUES ('382', '2104', '4', '17-1104|11-1|11-2|12-0', '', '1-1|6-6|74-74|1140-1140');
INSERT INTO sys_burst_packet VALUES ('383', '2105', '4', '17-1105|11-1|11-2|12-0', '', '1-1|6-6|76-76|1160-1160');
INSERT INTO sys_burst_packet VALUES ('384', '2106', '4', '17-1106|11-1|11-2|12-0', '', '1-1|6-6|78-78|1180-1180');
INSERT INTO sys_burst_packet VALUES ('385', '2107', '4', '17-1107|11-1|11-2|12-0', '', '1-1|12-12|148-148|2280-2280');
INSERT INTO sys_burst_packet VALUES ('386', '2108', '4', '17-1108|11-1|11-2|12-0', '', '1-1|12-12|152-152|2320-2320');
INSERT INTO sys_burst_packet VALUES ('387', '2109', '4', '17-1109|11-1|11-2|12-0', '', '1-1|12-12|156-156|2360-2360');
INSERT INTO sys_burst_packet VALUES ('388', '2110', '4', '17-1110|11-1|11-2|12-0', '', '1-1|6-6|79-79|1190-1190');
INSERT INTO sys_burst_packet VALUES ('389', '2111', '4', '17-1111|11-1|11-2|12-0', '', '1-1|6-6|79-79|1190-1190');
INSERT INTO sys_burst_packet VALUES ('390', '2112', '4', '17-1112|11-1|11-2|12-0', '', '1-1|6-6|80-80|1200-1200');
INSERT INTO sys_burst_packet VALUES ('391', '2113', '4', '17-1113|11-1|11-2|12-0', '', '1-1|6-6|82-82|1220-1220');
INSERT INTO sys_burst_packet VALUES ('392', '2114', '4', '17-1114|11-1|11-2|12-0', '', '1-1|6-6|84-84|1240-1240');
INSERT INTO sys_burst_packet VALUES ('393', '2115', '4', '17-1115|11-1|11-2|12-0', '', '1-1|6-6|84-84|1240-1240');
INSERT INTO sys_burst_packet VALUES ('394', '2116', '4', '17-1116|11-1|11-2|12-0', '', '1-1|6-6|86-86|1260-1260');
INSERT INTO sys_burst_packet VALUES ('395', '2117', '4', '17-1117|11-1|11-2|12-0', '', '1-1|12-12|164-164|2440-2440');
INSERT INTO sys_burst_packet VALUES ('396', '2118', '4', '17-1118|11-1|11-2|12-0', '', '1-1|12-12|168-168|2480-2480');
INSERT INTO sys_burst_packet VALUES ('397', '2119', '4', '17-1119|11-1|11-2|12-0', '', '1-1|12-12|172-172|2520-2520');
INSERT INTO sys_burst_packet VALUES ('398', '2120', '4', '17-1120|11-1|11-2|12-0', '', '1-1|6-6|88-88|1280-1280');
INSERT INTO sys_burst_packet VALUES ('399', '2121', '4', '17-1121|11-1|11-2|12-0', '', '1-1|6-6|90-90|1300-1300');
INSERT INTO sys_burst_packet VALUES ('400', '2122', '4', '17-1122|11-1|11-2|12-0', '', '1-1|6-6|92-92|1320-1320');
INSERT INTO sys_burst_packet VALUES ('401', '2123', '4', '17-1123|11-1|11-2|12-0', '', '1-1|6-6|93-93|1330-1330');
INSERT INTO sys_burst_packet VALUES ('402', '2124', '4', '17-1124|11-1|11-2|12-0', '', '1-1|6-6|93-93|1330-1330');
INSERT INTO sys_burst_packet VALUES ('403', '2125', '4', '17-1125|11-1|11-2|12-0', '', '1-1|6-6|94-94|1340-1340');
INSERT INTO sys_burst_packet VALUES ('404', '2126', '4', '17-1126|11-1|11-2|12-0', '', '1-1|6-6|96-96|1360-1360');
INSERT INTO sys_burst_packet VALUES ('405', '2127', '4', '17-1127|11-1|11-2|12-0', '', '1-1|6-6|98-98|1380-1380');
INSERT INTO sys_burst_packet VALUES ('406', '2128', '4', '17-1128|11-1|11-2|12-0', '', '1-1|6-6|96-96|1360-1360');
INSERT INTO sys_burst_packet VALUES ('407', '2129', '4', '17-1129|11-1|11-2|12-0', '', '1-1|6-6|98-98|1380-1380');
INSERT INTO sys_burst_packet VALUES ('408', '2130', '4', '17-1130|11-1|11-2|12-0', '', '1-1|6-6|100-100|1400-1400');
INSERT INTO sys_burst_packet VALUES ('409', '2131', '4', '17-1131|11-1|11-2|12-0', '', '1-1|12-12|192-192|2720-2720');
INSERT INTO sys_burst_packet VALUES ('410', '2132', '4', '17-1132|11-1|11-2|12-0', '', '1-1|12-12|196-196|2760-2760');
INSERT INTO sys_burst_packet VALUES ('411', '2133', '4', '17-1133|11-1|11-2|12-0', '', '1-1|12-12|200-200|2800-2800');
INSERT INTO sys_burst_packet VALUES ('412', '2134', '4', '17-1134|11-1|11-2|12-0', '', '1-1|6-6|101-101|1410-1410');
INSERT INTO sys_burst_packet VALUES ('413', '2135', '4', '17-1135|11-1|11-2|12-0', '', '1-1|6-6|101-101|1410-1410');
INSERT INTO sys_burst_packet VALUES ('414', '2136', '4', '17-1136|11-1|11-2|12-0', '', '1-1|6-6|102-102|1420-1420');
INSERT INTO sys_burst_packet VALUES ('415', '2137', '4', '17-1137|11-1|11-2|12-0', '', '1-1|6-6|104-104|1440-1440');
INSERT INTO sys_burst_packet VALUES ('416', '2138', '4', '17-1138|11-1|11-2|12-0', '', '1-1|6-6|106-106|1460-1460');
INSERT INTO sys_burst_packet VALUES ('417', '2139', '4', '17-1139|11-1|11-2|12-0', '', '1-1|6-6|104-104|1440-1440');
INSERT INTO sys_burst_packet VALUES ('418', '2140', '4', '17-1140|11-1|11-2|12-0', '', '1-1|6-6|106-106|1460-1460');
INSERT INTO sys_burst_packet VALUES ('419', '2141', '4', '17-1141|11-1|11-2|12-0', '', '1-1|6-6|108-108|1480-1480');
INSERT INTO sys_burst_packet VALUES ('420', '2142', '4', '17-1142|11-1|11-2|12-0', '', '1-1|12-12|208-208|2880-2880');
INSERT INTO sys_burst_packet VALUES ('421', '2143', '4', '17-1143|11-1|11-2|12-0', '', '1-1|12-12|212-212|2920-2920');
INSERT INTO sys_burst_packet VALUES ('422', '2144', '4', '17-1144|11-1|11-2|12-0', '', '1-1|12-12|216-216|2960-2960');
INSERT INTO sys_burst_packet VALUES ('423', '2145', '4', '17-1145|11-1|11-2|12-0', '', '1-1|6-6|109-109|1490-1490');
INSERT INTO sys_burst_packet VALUES ('424', '2146', '4', '17-1146|11-1|11-2|12-0', '', '1-1|6-6|109-109|1490-1490');
INSERT INTO sys_burst_packet VALUES ('425', '2147', '4', '17-1147|11-1|11-2|12-0', '', '1-1|6-6|110-110|1500-1500');
INSERT INTO sys_burst_packet VALUES ('426', '2148', '4', '17-1148|11-1|11-2|12-0', '', '1-1|6-6|112-112|1520-1520');
INSERT INTO sys_burst_packet VALUES ('427', '2149', '4', '17-1149|11-1|11-2|12-0', '', '1-1|6-6|114-114|1540-1540');
INSERT INTO sys_burst_packet VALUES ('428', '2150', '4', '17-1150|11-1|11-2|12-0', '', '1-1|6-6|112-112|1520-1520');
INSERT INTO sys_burst_packet VALUES ('429', '2151', '4', '17-1151|11-1|11-2|12-0', '', '1-1|6-6|114-114|1540-1540');
INSERT INTO sys_burst_packet VALUES ('430', '2152', '4', '17-1152|11-1|11-2|12-0', '', '1-1|6-6|116-116|1560-1560');
INSERT INTO sys_burst_packet VALUES ('431', '2153', '4', '17-1153|11-1|11-2|12-0', '', '1-1|12-12|224-224|3040-3040');
INSERT INTO sys_burst_packet VALUES ('432', '2154', '4', '17-1154|11-1|11-2|12-0', '', '1-1|12-12|228-228|3080-3080');
INSERT INTO sys_burst_packet VALUES ('433', '2155', '4', '17-1155|11-1|11-2|12-0', '', '1-1|12-12|232-232|3120-3120');
INSERT INTO sys_burst_packet VALUES ('434', '2156', '4', '17-1156|11-1|11-2|12-0', '', '1-1|6-6|117-117|1570-1570');
INSERT INTO sys_burst_packet VALUES ('435', '2157', '4', '17-1157|11-1|11-2|12-0', '', '1-1|6-6|117-117|1570-1570');
INSERT INTO sys_burst_packet VALUES ('436', '2158', '4', '17-1158|11-1|11-2|12-0', '', '1-1|6-6|118-118|1580-1580');
INSERT INTO sys_burst_packet VALUES ('437', '2159', '4', '17-1159|11-1|11-2|12-0', '', '1-1|6-6|120-120|1600-1600');
INSERT INTO sys_burst_packet VALUES ('438', '2160', '4', '17-1160|11-1|11-2|12-0', '', '1-1|6-6|122-122|1620-1620');
INSERT INTO sys_burst_packet VALUES ('439', '2161', '4', '17-1161|11-1|11-2|12-0', '', '1-1|6-6|124-124|1640-1640');
INSERT INTO sys_burst_packet VALUES ('440', '2162', '4', '17-1162|11-1|11-2|12-0', '', '1-1|6-6|122-122|1620-1620');
INSERT INTO sys_burst_packet VALUES ('441', '2163', '4', '17-1163|11-1|11-2|12-0', '', '1-1|6-6|124-124|1640-1640');
INSERT INTO sys_burst_packet VALUES ('442', '2164', '4', '17-1164|11-1|11-2|12-0', '', '1-1|6-6|126-126|1660-1660');
INSERT INTO sys_burst_packet VALUES ('443', '2165', '4', '17-1165|11-1|11-2|12-0', '', '1-1|12-12|244-244|3240-3240');
INSERT INTO sys_burst_packet VALUES ('444', '2166', '4', '17-1166|11-1|11-2|12-0', '', '1-1|12-12|248-248|3280-3280');
INSERT INTO sys_burst_packet VALUES ('445', '2167', '4', '17-1167|11-1|11-2|12-0', '', '1-1|12-12|252-252|3320-3320');
INSERT INTO sys_burst_packet VALUES ('446', '2168', '4', '17-1168|11-1|11-2|12-0', '', '1-1|6-6|127-127|1670-1670');
INSERT INTO sys_burst_packet VALUES ('447', '2169', '4', '17-1169|11-1|11-2|12-0', '', '1-1|6-6|127-127|1670-1670');
INSERT INTO sys_burst_packet VALUES ('448', '2170', '4', '17-1170|11-1|11-2|12-0', '', '1-1|6-6|128-128|1680-1680');
INSERT INTO sys_burst_packet VALUES ('449', '2171', '4', '17-1171|11-1|11-2|12-0', '', '1-1|6-6|130-130|1700-1700');
INSERT INTO sys_burst_packet VALUES ('450', '2172', '4', '17-1172|11-1|11-2|12-0', '', '1-1|6-6|132-132|1720-1720');
INSERT INTO sys_burst_packet VALUES ('451', '2173', '4', '17-1173|11-1|11-2|12-0', '', '1-1|6-6|130-130|1700-1700');
INSERT INTO sys_burst_packet VALUES ('452', '2174', '4', '17-1174|11-1|11-2|12-0', '', '1-1|6-6|132-132|1720-1720');
INSERT INTO sys_burst_packet VALUES ('453', '2175', '4', '17-1175|11-1|11-2|12-0', '', '1-1|6-6|134-134|1740-1740');
INSERT INTO sys_burst_packet VALUES ('454', '2176', '4', '17-1176|11-1|11-2|12-0', '', '1-1|12-12|260-260|3400-3400');
INSERT INTO sys_burst_packet VALUES ('455', '2177', '4', '17-1177|11-1|11-2|12-0', '', '1-1|12-12|264-264|3440-3440');
INSERT INTO sys_burst_packet VALUES ('456', '2178', '4', '17-1178|11-1|11-2|12-0', '', '1-1|12-12|268-268|3480-3480');
INSERT INTO sys_burst_packet VALUES ('457', '2179', '4', '17-1179|11-1|11-2|12-0', '', '1-1|6-6|135-135|1750-1750');
INSERT INTO sys_burst_packet VALUES ('458', '2180', '4', '17-1180|11-1|11-2|12-0', '', '1-1|6-6|135-135|1750-1750');
INSERT INTO sys_burst_packet VALUES ('459', '2181', '4', '17-1181|11-1|11-2|12-0', '', '1-1|6-6|136-136|1760-1760');
INSERT INTO sys_burst_packet VALUES ('460', '2182', '4', '17-1182|11-1|11-2|12-0', '', '1-1|6-6|138-138|1780-1780');
INSERT INTO sys_burst_packet VALUES ('461', '2183', '4', '17-1183|11-1|11-2|12-0', '', '1-1|6-6|140-140|1800-1800');
INSERT INTO sys_burst_packet VALUES ('462', '2184', '4', '17-1184|11-1|11-2|12-0', '', '1-1|6-6|138-138|1780-1780');
INSERT INTO sys_burst_packet VALUES ('463', '2185', '4', '17-1185|11-1|11-2|12-0', '', '1-1|6-6|140-140|1800-1800');
INSERT INTO sys_burst_packet VALUES ('464', '2186', '4', '17-1186|11-1|11-2|12-0', '', '1-1|6-6|142-142|1820-1820');
INSERT INTO sys_burst_packet VALUES ('465', '2187', '4', '17-1187|11-1|11-2|12-0', '', '1-1|12-12|276-276|3560-3560');
INSERT INTO sys_burst_packet VALUES ('466', '2188', '4', '17-1188|11-1|11-2|12-0', '', '1-1|12-12|280-280|3600-3600');
INSERT INTO sys_burst_packet VALUES ('467', '2189', '4', '17-1189|11-1|11-2|12-0', '', '1-1|12-12|284-284|3640-3640');
INSERT INTO sys_burst_packet VALUES ('468', '2190', '4', '17-1190|11-1|11-2|12-0', '', '1-1|6-6|143-143|1830-1830');
INSERT INTO sys_burst_packet VALUES ('469', '2191', '4', '17-1191|11-1|11-2|12-0', '', '1-1|6-6|143-143|1830-1830');
INSERT INTO sys_burst_packet VALUES ('470', '2192', '4', '17-1192|11-1|11-2|12-0', '', '1-1|6-6|144-144|1840-1840');
INSERT INTO sys_burst_packet VALUES ('471', '2193', '4', '17-1193|11-1|11-2|12-0', '', '1-1|6-6|146-146|1860-1860');
INSERT INTO sys_burst_packet VALUES ('472', '2194', '4', '17-1194|11-1|11-2|12-0', '', '1-1|6-6|148-148|1880-1880');
INSERT INTO sys_burst_packet VALUES ('473', '2195', '4', '17-1195|11-1|11-2|12-0', '', '1-1|6-6|146-146|1860-1860');
INSERT INTO sys_burst_packet VALUES ('474', '2196', '4', '17-1196|11-1|11-2|12-0', '', '1-1|6-6|148-148|1880-1880');
INSERT INTO sys_burst_packet VALUES ('475', '2197', '4', '17-1197|11-1|11-2|12-0', '', '1-1|6-6|150-150|1900-1900');
INSERT INTO sys_burst_packet VALUES ('476', '2198', '4', '17-1198|11-1|11-2|12-0', '', '1-1|12-12|292-292|3720-3720');
INSERT INTO sys_burst_packet VALUES ('477', '2199', '4', '17-1199|11-1|11-2|12-0', '', '1-1|12-12|296-296|3760-3760');
INSERT INTO sys_burst_packet VALUES ('478', '2200', '4', '17-1200|11-1|11-2|12-0', '', '1-1|12-12|300-300|3800-3800');
INSERT INTO sys_burst_packet VALUES ('479', '2201', '4', '17-1201|11-1|11-2|12-0', '', '1-1|6-6|151-151|1910-1910');
INSERT INTO sys_burst_packet VALUES ('480', '2202', '4', '17-1202|11-1|11-2|12-0', '', '1-1|6-6|151-151|1910-1910');
INSERT INTO sys_burst_packet VALUES ('481', '2203', '4', '17-1203|11-1|11-2|12-0', '', '1-1|6-6|152-152|1920-1920');
INSERT INTO sys_burst_packet VALUES ('482', '2204', '4', '17-1204|11-1|11-2|12-0', '', '1-1|6-6|154-154|1940-1940');
INSERT INTO sys_burst_packet VALUES ('483', '2205', '4', '17-1205|11-1|11-2|12-0', '', '1-1|6-6|156-156|1960-1960');
INSERT INTO sys_burst_packet VALUES ('484', '2206', '4', '17-1206|11-1|11-2|12-0', '', '1-1|6-6|154-154|1940-1940');
INSERT INTO sys_burst_packet VALUES ('485', '2207', '4', '17-1207|11-1|11-2|12-0', '', '1-1|6-6|156-156|1960-1960');
INSERT INTO sys_burst_packet VALUES ('486', '2208', '4', '17-1208|11-1|11-2|12-0', '', '1-1|6-6|158-158|1980-1980');
INSERT INTO sys_burst_packet VALUES ('487', '2209', '4', '17-1209|11-1|11-2|12-0', '', '1-1|12-12|308-308|3880-3880');
INSERT INTO sys_burst_packet VALUES ('488', '2210', '4', '17-1210|11-1|11-2|12-0', '', '1-1|12-12|312-312|3920-3920');
INSERT INTO sys_burst_packet VALUES ('489', '2211', '4', '17-1211|11-1|11-2|12-0', '', '1-1|12-12|316-316|3960-3960');
INSERT INTO sys_burst_packet VALUES ('490', '2212', '4', '17-1212|11-1|11-2|12-0', '', '1-1|6-6|159-159|1990-1990');
INSERT INTO sys_burst_packet VALUES ('491', '2213', '4', '17-1213|11-1|11-2|12-0', '', '1-1|6-6|159-159|1990-1990');
INSERT INTO sys_burst_packet VALUES ('492', '2214', '4', '17-1214|11-1|11-2|12-0', '', '1-1|6-6|160-160|2000-2000');
INSERT INTO sys_burst_packet VALUES ('493', '2215', '4', '17-1215|11-1|11-2|12-0', '', '1-1|6-6|162-162|2020-2020');
INSERT INTO sys_burst_packet VALUES ('494', '2216', '4', '17-1216|11-1|11-2|12-0', '', '1-1|6-6|164-164|2040-2040');
INSERT INTO sys_burst_packet VALUES ('495', '2217', '4', '17-1217|11-1|11-2|12-0', '', '1-1|6-6|162-162|2020-2020');
INSERT INTO sys_burst_packet VALUES ('496', '2218', '4', '17-1218|11-1|11-2|12-0', '', '1-1|6-6|164-164|2040-2040');
INSERT INTO sys_burst_packet VALUES ('497', '2219', '4', '17-1219|11-1|11-2|12-0', '', '1-1|6-6|166-166|2060-2060');
INSERT INTO sys_burst_packet VALUES ('498', '2220', '4', '17-1220|11-1|11-2|12-0', '', '1-1|12-12|324-324|4040-4040');
INSERT INTO sys_burst_packet VALUES ('499', '2221', '4', '17-1221|11-1|11-2|12-0', '', '1-1|12-12|328-328|4080-4080');
INSERT INTO sys_burst_packet VALUES ('500', '2222', '4', '17-1222|11-1|11-2|12-0', '', '1-1|12-12|332-332|4120-4120');
INSERT INTO sys_burst_packet VALUES ('501', '3001', '4', '17-1001|11-1|12-0|8-501', '', '1-1|6-6|500-500|1-1');
INSERT INTO sys_burst_packet VALUES ('502', '3002', '4', '17-1002|11-1|12-0|8-501', '', '1-1|6-6|520-520|1-1');
INSERT INTO sys_burst_packet VALUES ('503', '3003', '4', '17-1003|11-1|12-0|8-501', '', '1-1|6-6|540-540|1-1');
INSERT INTO sys_burst_packet VALUES ('504', '3004', '4', '17-1004|11-1|12-0|8-501', '', '1-1|6-6|560-560|1-1');
INSERT INTO sys_burst_packet VALUES ('505', '3005', '4', '17-1005|11-1|12-0|8-501', '', '1-1|12-12|1020-1020|2-2');
INSERT INTO sys_burst_packet VALUES ('506', '3006', '4', '17-1006|11-1|12-0|8-501', '', '1-1|12-12|1060-1060|2-2');
INSERT INTO sys_burst_packet VALUES ('507', '3007', '4', '17-1007|11-1|12-0|8-501', '', '1-1|12-12|1100-1100|3-3');
INSERT INTO sys_burst_packet VALUES ('508', '3008', '4', '17-1008|11-1|12-0|8-501', '', '1-1|12-12|1040-1040|2-2');
INSERT INTO sys_burst_packet VALUES ('509', '3009', '4', '17-1009|11-1|12-0|8-501', '', '1-1|12-12|1120-1120|3-3');
INSERT INTO sys_burst_packet VALUES ('510', '3010', '4', '17-1010|11-1|12-0|8-501', '', '1-1|6-6|570-570|1-1');
INSERT INTO sys_burst_packet VALUES ('511', '3011', '4', '17-1011|11-1|12-0|8-501', '', '1-1|6-6|570-570|1-1');
INSERT INTO sys_burst_packet VALUES ('512', '3012', '4', '17-1012|11-1|12-0|8-501', '', '1-1|6-6|580-580|1-1');
INSERT INTO sys_burst_packet VALUES ('513', '3013', '4', '17-1013|11-1|12-0|8-501', '', '1-1|6-6|600-600|2-2');
INSERT INTO sys_burst_packet VALUES ('514', '3014', '4', '17-1014|11-1|12-0|8-501', '', '1-1|6-6|600-600|2-2');
INSERT INTO sys_burst_packet VALUES ('515', '3015', '4', '17-1015|11-1|12-0|8-501', '', '1-1|6-6|620-620|2-2');
INSERT INTO sys_burst_packet VALUES ('516', '3016', '4', '17-1016|11-1|12-0|8-501', '', '1-1|12-12|1140-1140|3-3');
INSERT INTO sys_burst_packet VALUES ('517', '3017', '4', '17-1017|11-1|12-0|8-501', '', '1-1|12-12|1180-1180|3-3');
INSERT INTO sys_burst_packet VALUES ('518', '3018', '4', '17-1018|11-1|12-0|8-502', '', '1-1|12-12|1220-1220|1-1');
INSERT INTO sys_burst_packet VALUES ('519', '3019', '4', '17-1019|11-1|12-0|8-501', '', '1-1|12-12|1160-1160|3-3');
INSERT INTO sys_burst_packet VALUES ('520', '3020', '4', '17-1020|11-1|12-0|8-502', '', '1-1|12-12|1200-1200|1-1');
INSERT INTO sys_burst_packet VALUES ('521', '3021', '4', '17-1021|11-1|12-0|8-502', '', '1-1|12-12|1240-1240|1-1');
INSERT INTO sys_burst_packet VALUES ('522', '3022', '4', '17-1022|11-1|12-0|8-501', '', '1-1|6-6|630-630|2-2');
INSERT INTO sys_burst_packet VALUES ('523', '3023', '4', '17-1023|11-1|12-0|8-501', '', '1-1|6-6|630-630|2-2');
INSERT INTO sys_burst_packet VALUES ('524', '3024', '4', '17-1024|11-1|12-0|8-501', '', '1-1|6-6|640-640|2-2');
INSERT INTO sys_burst_packet VALUES ('525', '3025', '4', '17-1025|11-1|12-0|8-501', '', '1-1|6-6|660-660|2-2');
INSERT INTO sys_burst_packet VALUES ('526', '3026', '4', '17-1026|11-1|12-0|8-501', '', '1-1|6-6|680-680|2-2');
INSERT INTO sys_burst_packet VALUES ('527', '3027', '4', '17-1027|11-1|12-0|8-502', '', '1-1|12-12|1280-1280|1-1');
INSERT INTO sys_burst_packet VALUES ('528', '3028', '4', '17-1028|11-1|12-0|8-501|8-502', '', '1-1|12-12|1320-1320|1-1|1-1');
INSERT INTO sys_burst_packet VALUES ('529', '3029', '4', '17-1029|11-1|12-0|8-502', '', '1-1|12-12|1280-1280|1-1');
INSERT INTO sys_burst_packet VALUES ('530', '3030', '4', '17-1030|11-1|12-0|8-501|8-502', '', '1-1|12-12|1360-1360|1-1|1-1');
INSERT INTO sys_burst_packet VALUES ('531', '3031', '4', '17-1031|11-1|12-0|8-501', '', '1-1|6-6|690-690|2-2');
INSERT INTO sys_burst_packet VALUES ('532', '3032', '4', '17-1032|11-1|12-0|8-501', '', '1-1|6-6|690-690|2-2');
INSERT INTO sys_burst_packet VALUES ('533', '3033', '4', '17-1033|11-1|12-0|8-501', '', '1-1|6-6|700-700|3-3');
INSERT INTO sys_burst_packet VALUES ('534', '3034', '4', '17-1034|11-1|12-0|8-501', '', '1-1|6-6|720-720|3-3');
INSERT INTO sys_burst_packet VALUES ('535', '3035', '4', '17-1035|11-1|12-0|8-501', '', '1-1|6-6|740-740|3-3');
INSERT INTO sys_burst_packet VALUES ('536', '3036', '4', '17-1036|11-1|12-0', '', '1-1|6-6|1750-1750');
INSERT INTO sys_burst_packet VALUES ('537', '3037', '4', '17-1037|11-1|12-0', '', '1-1|6-6|2500-2500');
INSERT INTO sys_burst_packet VALUES ('538', '3038', '4', '17-1038|11-1|12-0', '', '1-1|6-6|3250-3250');
INSERT INTO sys_burst_packet VALUES ('539', '3039', '4', '17-1039|11-1|12-0', '', '1-1|6-6|4000-4000');
INSERT INTO sys_burst_packet VALUES ('540', '3040', '4', '17-1040|11-1|12-0', '', '1-1|6-6|4750-4750');
INSERT INTO sys_burst_packet VALUES ('541', '3041', '4', '17-1041|11-1|12-0', '', '1-1|6-6|1750-1750');
INSERT INTO sys_burst_packet VALUES ('542', '3042', '4', '17-1042|11-1|12-0', '', '1-1|6-6|2500-2500');
INSERT INTO sys_burst_packet VALUES ('543', '3043', '4', '17-1043|11-1|12-0', '', '1-1|6-6|3250-3250');
INSERT INTO sys_burst_packet VALUES ('544', '3044', '4', '17-1044|11-1|12-0', '', '1-1|6-6|4000-4000');
INSERT INTO sys_burst_packet VALUES ('545', '3045', '4', '17-1045|11-1|12-0', '', '1-1|6-6|4750-4750');
INSERT INTO sys_burst_packet VALUES ('546', '3046', '4', '17-1046|11-1|12-0|8-501', '', '1-1|6-6|750-750|3-3');
INSERT INTO sys_burst_packet VALUES ('547', '3047', '4', '17-1047|11-1|12-0|8-501', '', '1-1|6-6|750-750|3-3');
INSERT INTO sys_burst_packet VALUES ('548', '3048', '4', '17-1048|11-1|12-0|8-501', '', '1-1|6-6|760-760|3-3');
INSERT INTO sys_burst_packet VALUES ('549', '3049', '4', '17-1049|11-1|12-0|8-501', '', '1-1|6-6|780-780|3-3');
INSERT INTO sys_burst_packet VALUES ('550', '3050', '4', '17-1050|11-1|12-0|8-501', '', '1-1|6-6|780-780|3-3');
INSERT INTO sys_burst_packet VALUES ('551', '3051', '4', '17-1051|11-1|12-0|8-502', '', '1-1|6-6|800-800|1-1');
INSERT INTO sys_burst_packet VALUES ('552', '3052', '4', '17-1052|11-1|12-0|8-501|8-502', '', '1-1|12-12|1480-1480|2-2|1-1');
INSERT INTO sys_burst_packet VALUES ('553', '3053', '4', '17-1053|11-1|12-0|8-501|8-502', '', '1-1|12-12|1520-1520|3-3|1-1');
INSERT INTO sys_burst_packet VALUES ('554', '3054', '4', '17-1054|11-1|12-0|8-501|8-502', '', '1-1|12-12|1560-1560|3-3|1-1');
INSERT INTO sys_burst_packet VALUES ('555', '3055', '4', '17-1055|11-1|12-0|8-501|8-502', '', '1-1|12-12|1520-1520|3-3|1-1');
INSERT INTO sys_burst_packet VALUES ('556', '3056', '4', '17-1056|11-1|12-0|8-501|8-502', '', '1-1|12-12|1560-1560|3-3|1-1');
INSERT INTO sys_burst_packet VALUES ('557', '3057', '4', '17-1057|11-1|12-0|8-502', '', '1-1|12-12|1600-1600|2-2');
INSERT INTO sys_burst_packet VALUES ('558', '3058', '4', '17-1058|11-1|12-0|8-502', '', '1-1|6-6|810-810|1-1');
INSERT INTO sys_burst_packet VALUES ('559', '3059', '4', '17-1059|11-1|12-0|8-502', '', '1-1|6-6|810-810|1-1');
INSERT INTO sys_burst_packet VALUES ('560', '3060', '4', '17-1060|11-1|12-0|8-502', '', '1-1|6-6|820-820|1-1');
INSERT INTO sys_burst_packet VALUES ('561', '3061', '4', '17-1061|11-1|12-0|8-502', '', '1-1|6-6|840-840|1-1');
INSERT INTO sys_burst_packet VALUES ('562', '3062', '4', '17-1062|11-1|12-0|8-502', '', '1-1|6-6|860-860|1-1');
INSERT INTO sys_burst_packet VALUES ('563', '3063', '4', '17-1063|11-1|12-0|8-502', '', '1-1|12-12|1640-1640|2-2');
INSERT INTO sys_burst_packet VALUES ('564', '3064', '4', '17-1064|11-1|12-0|8-502', '', '1-1|12-12|1680-1680|2-2');
INSERT INTO sys_burst_packet VALUES ('565', '3065', '4', '17-1065|11-1|12-0|8-501|8-502', '', '1-1|12-12|1720-1720|1-1|2-2');
INSERT INTO sys_burst_packet VALUES ('566', '3066', '4', '17-1066|11-1|12-0|8-502', '', '1-1|6-6|870-870|1-1');
INSERT INTO sys_burst_packet VALUES ('567', '3067', '4', '17-1067|11-1|12-0|8-502', '', '1-1|6-6|870-870|1-1');
INSERT INTO sys_burst_packet VALUES ('568', '3068', '4', '17-1068|11-1|12-0|8-502', '', '1-1|6-6|880-880|1-1');
INSERT INTO sys_burst_packet VALUES ('569', '3069', '4', '17-1069|11-1|12-0|8-501|8-502', '', '1-1|6-6|900-900|1-1|1-1');
INSERT INTO sys_burst_packet VALUES ('570', '3070', '4', '17-1070|11-1|12-0|8-501|8-502', '', '1-1|6-6|920-920|1-1|1-1');
INSERT INTO sys_burst_packet VALUES ('571', '3071', '4', '17-1071|11-1|12-0|8-501|8-502', '', '1-1|12-12|1720-1720|1-1|2-2');
INSERT INTO sys_burst_packet VALUES ('572', '3072', '4', '17-1072|11-1|12-0|8-501|8-502', '', '1-1|12-12|1760-1760|1-1|2-2');
INSERT INTO sys_burst_packet VALUES ('573', '3073', '4', '17-1073|11-1|12-0|8-501|8-502', '', '1-1|12-12|1800-1800|2-2|2-2');
INSERT INTO sys_burst_packet VALUES ('574', '3074', '4', '17-1074|11-1|12-0|8-501|8-502', '', '1-1|12-12|1760-1760|1-1|2-2');
INSERT INTO sys_burst_packet VALUES ('575', '3075', '4', '17-1075|11-1|12-0|8-501|8-502', '', '1-1|12-12|1800-1800|2-2|2-2');
INSERT INTO sys_burst_packet VALUES ('576', '3076', '4', '17-1076|11-1|12-0|8-501|8-502', '', '1-1|12-12|1840-1840|2-2|2-2');
INSERT INTO sys_burst_packet VALUES ('577', '3077', '4', '17-1077|11-1|12-0|8-501|8-502', '', '1-1|6-6|930-930|1-1|1-1');
INSERT INTO sys_burst_packet VALUES ('578', '3078', '4', '17-1078|11-1|12-0|8-501|8-502', '', '1-1|6-6|930-930|1-1|1-1');
INSERT INTO sys_burst_packet VALUES ('579', '3079', '4', '17-1079|11-1|12-0|8-501|8-502', '', '1-1|6-6|940-940|1-1|1-1');
INSERT INTO sys_burst_packet VALUES ('580', '3080', '4', '17-1080|11-1|12-0|8-501|8-502', '', '1-1|6-6|960-960|1-1|1-1');
INSERT INTO sys_burst_packet VALUES ('581', '3081', '4', '17-1081|11-1|12-0|8-501|8-502', '', '1-1|6-6|980-980|1-1|1-1');
INSERT INTO sys_burst_packet VALUES ('582', '3082', '4', '17-1082|11-1|12-0|8-501|8-502', '', '1-1|6-6|990-990|1-1|1-1');
INSERT INTO sys_burst_packet VALUES ('583', '3083', '4', '17-1083|11-1|12-0|8-501|8-502', '', '1-1|6-6|990-990|1-1|1-1');
INSERT INTO sys_burst_packet VALUES ('584', '3084', '4', '17-1084|11-1|12-0|8-501|8-502', '', '1-1|6-6|1000-1000|2-2|1-1');
INSERT INTO sys_burst_packet VALUES ('585', '3085', '4', '17-1085|11-1|12-0|8-501|8-502', '', '1-1|6-6|1020-1020|2-2|1-1');
INSERT INTO sys_burst_packet VALUES ('586', '3086', '4', '17-1086|11-1|12-0|8-501|8-502', '', '1-1|6-6|1020-1020|2-2|1-1');
INSERT INTO sys_burst_packet VALUES ('587', '3087', '4', '17-1087|11-1|12-0|8-501|8-502', '', '1-1|6-6|1040-1040|2-2|1-1');
INSERT INTO sys_burst_packet VALUES ('588', '3088', '4', '17-1088|11-1|12-0|8-502', '', '1-1|12-12|2000-2000|3-3');
INSERT INTO sys_burst_packet VALUES ('589', '3089', '4', '17-1089|11-1|12-0|8-502', '', '1-1|12-12|2040-2040|3-3');
INSERT INTO sys_burst_packet VALUES ('590', '3090', '4', '17-1090|11-1|12-0|8-502', '', '1-1|12-12|2080-2080|3-3');
INSERT INTO sys_burst_packet VALUES ('591', '3091', '4', '17-1091|11-1|12-0|8-501|8-502', '', '1-1|6-6|1050-1050|2-2|1-1');
INSERT INTO sys_burst_packet VALUES ('592', '3092', '4', '17-1092|11-1|12-0|8-501|8-502', '', '1-1|6-6|1050-1050|2-2|1-1');
INSERT INTO sys_burst_packet VALUES ('593', '3093', '4', '17-1093|11-1|12-0|8-501|8-502', '', '1-1|6-6|1060-1060|2-2|1-1');
INSERT INTO sys_burst_packet VALUES ('594', '3094', '4', '17-1094|11-1|12-0|8-501|8-502', '', '1-1|6-6|1080-1080|2-2|1-1');
INSERT INTO sys_burst_packet VALUES ('595', '3095', '4', '17-1095|11-1|12-0|8-501|8-502', '', '1-1|6-6|1100-1100|3-3|1-1');
INSERT INTO sys_burst_packet VALUES ('596', '3096', '4', '17-1096|11-1|12-0|8-501|8-502', '', '1-1|6-6|1080-1080|2-2|1-1');
INSERT INTO sys_burst_packet VALUES ('597', '3097', '4', '17-1097|11-1|12-0|8-501|8-502', '', '1-1|6-6|1100-1100|3-3|1-1');
INSERT INTO sys_burst_packet VALUES ('598', '3098', '4', '17-1098|11-1|12-0|8-501|8-502', '', '1-1|6-6|1120-1120|3-3|1-1');
INSERT INTO sys_burst_packet VALUES ('599', '3099', '4', '17-1099|11-1|12-0|8-501|8-502', '', '1-1|12-12|2160-2160|1-1|3-3');
INSERT INTO sys_burst_packet VALUES ('600', '3100', '4', '17-1100|11-1|12-0|8-501|8-502', '', '1-1|12-12|2200-2200|2-2|3-3');
INSERT INTO sys_burst_packet VALUES ('601', '3101', '4', '17-1101|11-1|12-0|8-501|8-502', '', '1-1|12-12|2240-2240|2-2|3-3');
INSERT INTO sys_burst_packet VALUES ('602', '3102', '4', '17-1102|11-1|12-0|8-501|8-502', '', '1-1|6-6|1130-1130|3-3|1-1');
INSERT INTO sys_burst_packet VALUES ('603', '3103', '4', '17-1103|11-1|12-0|8-501|8-502', '', '1-1|6-6|1130-1130|3-3|1-1');
INSERT INTO sys_burst_packet VALUES ('604', '3104', '4', '17-1104|11-1|12-0|8-501|8-502', '', '1-1|6-6|1140-1140|3-3|1-1');
INSERT INTO sys_burst_packet VALUES ('605', '3105', '4', '17-1105|11-1|12-0|8-501|8-502', '', '1-1|6-6|1160-1160|3-3|1-1');
INSERT INTO sys_burst_packet VALUES ('606', '3106', '4', '17-1106|11-1|12-0|8-501|8-502', '', '1-1|6-6|1180-1180|3-3|1-1');
INSERT INTO sys_burst_packet VALUES ('607', '3107', '4', '17-1107|11-1|12-0|8-501|8-502', '', '1-1|12-12|2280-2280|2-2|3-3');
INSERT INTO sys_burst_packet VALUES ('608', '3108', '4', '17-1108|11-1|12-0|8-501|8-502', '', '1-1|12-12|2320-2320|3-3|3-3');
INSERT INTO sys_burst_packet VALUES ('609', '3109', '4', '17-1109|11-1|12-0|8-501|8-502', '', '1-1|12-12|2360-2360|3-3|3-3');
INSERT INTO sys_burst_packet VALUES ('610', '3110', '4', '17-1110|11-1|12-0|8-501|8-502', '', '1-1|6-6|1190-1190|3-3|1-1');
INSERT INTO sys_burst_packet VALUES ('611', '3111', '4', '17-1111|11-1|12-0|8-501|8-502', '', '1-1|6-6|1190-1190|3-3|1-1');
INSERT INTO sys_burst_packet VALUES ('612', '3112', '4', '17-1112|11-1|12-0|8-502', '', '1-1|6-6|1200-1200|2-2');
INSERT INTO sys_burst_packet VALUES ('613', '3113', '4', '17-1113|11-1|12-0|8-502', '', '1-1|6-6|1220-1220|2-2');
INSERT INTO sys_burst_packet VALUES ('614', '3114', '4', '17-1114|11-1|12-0|8-502', '', '1-1|6-6|1240-1240|2-2');
INSERT INTO sys_burst_packet VALUES ('615', '3115', '4', '17-1115|11-1|12-0|8-502', '', '1-1|6-6|1240-1240|2-2');
INSERT INTO sys_burst_packet VALUES ('616', '3116', '4', '17-1116|11-1|12-0|8-502', '', '1-1|6-6|1260-1260|2-2');
INSERT INTO sys_burst_packet VALUES ('617', '3117', '4', '17-1117|11-1|12-0|8-502', '', '1-1|12-12|2440-2440|4-4');
INSERT INTO sys_burst_packet VALUES ('618', '3118', '4', '17-1118|11-1|12-0|8-502', '', '1-1|12-12|2480-2480|4-4');
INSERT INTO sys_burst_packet VALUES ('619', '3119', '4', '17-1119|11-1|12-0|8-501|8-502', '', '1-1|12-12|2520-2520|1-1|4-4');
INSERT INTO sys_burst_packet VALUES ('620', '3120', '4', '17-1120|11-1|12-0|8-502', '', '1-1|6-6|1280-1280|2-2');
INSERT INTO sys_burst_packet VALUES ('621', '3121', '4', '17-1121|11-1|12-0|8-501|8-502', '', '1-1|6-6|1300-1300|1-1|2-2');
INSERT INTO sys_burst_packet VALUES ('622', '3122', '4', '17-1122|11-1|12-0|8-501|8-502', '', '1-1|6-6|1320-1320|1-1|2-2');
INSERT INTO sys_burst_packet VALUES ('623', '3123', '4', '17-1123|11-1|12-0|8-501|8-502', '', '1-1|6-6|1330-1330|1-1|2-2');
INSERT INTO sys_burst_packet VALUES ('624', '3124', '4', '17-1124|11-1|12-0|8-501|8-502', '', '1-1|6-6|1330-1330|1-1|2-2');
INSERT INTO sys_burst_packet VALUES ('625', '3125', '4', '17-1125|11-1|12-0|8-501|8-502', '', '1-1|6-6|1340-1340|1-1|2-2');
INSERT INTO sys_burst_packet VALUES ('626', '3126', '4', '17-1126|11-1|12-0|8-501|8-502', '', '1-1|6-6|1360-1360|1-1|2-2');
INSERT INTO sys_burst_packet VALUES ('627', '3127', '4', '17-1127|11-1|12-0|8-501|8-502', '', '1-1|6-6|1380-1380|1-1|2-2');
INSERT INTO sys_burst_packet VALUES ('628', '3128', '4', '17-1128|11-1|12-0|8-501|8-502', '', '1-1|6-6|1360-1360|1-1|2-2');
INSERT INTO sys_burst_packet VALUES ('629', '3129', '4', '17-1129|11-1|12-0|8-501|8-502', '', '1-1|6-6|1380-1380|1-1|2-2');
INSERT INTO sys_burst_packet VALUES ('630', '3130', '4', '17-1130|11-1|12-0|8-501|8-502', '', '1-1|6-6|1400-1400|2-2|2-2');
INSERT INTO sys_burst_packet VALUES ('631', '3131', '4', '17-1131|11-1|12-0|8-501|8-502', '', '1-1|12-12|2720-2720|3-3|4-4');
INSERT INTO sys_burst_packet VALUES ('632', '3132', '4', '17-1132|11-1|12-0|8-501|8-502', '', '1-1|12-12|2760-2760|3-3|4-4');
INSERT INTO sys_burst_packet VALUES ('633', '3133', '4', '17-1133|11-1|12-0|8-502', '', '1-1|12-12|2800-2800|5-5');
INSERT INTO sys_burst_packet VALUES ('634', '3134', '4', '17-1134|11-1|12-0|8-501|8-502', '', '1-1|6-6|1410-1410|2-2|2-2');
INSERT INTO sys_burst_packet VALUES ('635', '3135', '4', '17-1135|11-1|12-0|8-501|8-502', '', '1-1|6-6|1410-1410|2-2|2-2');
INSERT INTO sys_burst_packet VALUES ('636', '3136', '4', '17-1136|11-1|12-0|8-501|8-502', '', '1-1|6-6|1420-1420|2-2|2-2');
INSERT INTO sys_burst_packet VALUES ('637', '3137', '4', '17-1137|11-1|12-0|8-501|8-502', '', '1-1|6-6|1440-1440|2-2|2-2');
INSERT INTO sys_burst_packet VALUES ('638', '3138', '4', '17-1138|11-1|12-0|8-501|8-502', '', '1-1|6-6|1460-1460|2-2|2-2');
INSERT INTO sys_burst_packet VALUES ('639', '3139', '4', '17-1139|11-1|12-0|8-501|8-502', '', '1-1|6-6|1440-1440|2-2|2-2');
INSERT INTO sys_burst_packet VALUES ('640', '3140', '4', '17-1140|11-1|12-0|8-501|8-502', '', '1-1|6-6|1460-1460|2-2|2-2');
INSERT INTO sys_burst_packet VALUES ('641', '3141', '4', '17-1141|11-1|12-0|8-501|8-502', '', '1-1|6-6|1480-1480|2-2|2-2');
INSERT INTO sys_burst_packet VALUES ('642', '3142', '4', '17-1142|11-1|12-0|8-502', '', '1-1|12-12|2880-2880|5-5');
INSERT INTO sys_burst_packet VALUES ('643', '3143', '4', '17-1143|11-1|12-0|8-501|8-502', '', '1-1|12-12|2920-2920|1-1|5-5');
INSERT INTO sys_burst_packet VALUES ('644', '3144', '4', '17-1144|11-1|12-0|8-501|8-502', '', '1-1|12-12|2960-2960|1-1|5-5');
INSERT INTO sys_burst_packet VALUES ('645', '3145', '4', '17-1145|11-1|12-0|8-501|8-502', '', '1-1|6-6|1490-1490|2-2|2-2');
INSERT INTO sys_burst_packet VALUES ('646', '3146', '4', '17-1146|11-1|12-0|8-501|8-502', '', '1-1|6-6|1490-1490|2-2|2-2');
INSERT INTO sys_burst_packet VALUES ('647', '3147', '4', '17-1147|11-1|12-0|8-501|8-502', '', '1-1|6-6|1500-1500|3-3|2-2');
INSERT INTO sys_burst_packet VALUES ('648', '3148', '4', '17-1148|11-1|12-0|8-501|8-502', '', '1-1|6-6|1520-1520|3-3|2-2');
INSERT INTO sys_burst_packet VALUES ('649', '3149', '4', '17-1149|11-1|12-0|8-501|8-502', '', '1-1|6-6|1540-1540|3-3|2-2');
INSERT INTO sys_burst_packet VALUES ('650', '3150', '4', '17-1150|11-1|12-0|8-501|8-502', '', '1-1|6-6|1520-1520|3-3|2-2');
INSERT INTO sys_burst_packet VALUES ('651', '3151', '4', '17-1151|11-1|12-0|8-501|8-502', '', '1-1|6-6|1540-1540|3-3|2-2');
INSERT INTO sys_burst_packet VALUES ('652', '3152', '4', '17-1152|11-1|12-0|8-501|8-502', '', '1-1|6-6|1560-1560|3-3|2-2');
INSERT INTO sys_burst_packet VALUES ('653', '3153', '4', '17-1153|11-1|12-0|8-501|8-502', '', '1-1|12-12|3040-3040|2-2|5-5');
INSERT INTO sys_burst_packet VALUES ('654', '3154', '4', '17-1154|11-1|12-0|8-501|8-502', '', '1-1|12-12|3080-3080|2-2|5-5');
INSERT INTO sys_burst_packet VALUES ('655', '3155', '4', '17-1155|11-1|12-0|8-501|8-502', '', '1-1|12-12|3120-3120|3-3|5-5');
INSERT INTO sys_burst_packet VALUES ('656', '3156', '4', '17-1156|11-1|12-0|8-501|8-502', '', '1-1|6-6|1570-1570|3-3|2-2');
INSERT INTO sys_burst_packet VALUES ('657', '3157', '4', '17-1157|11-1|12-0|8-501|8-502', '', '1-1|6-6|1570-1570|3-3|2-2');
INSERT INTO sys_burst_packet VALUES ('658', '3158', '4', '17-1158|11-1|12-0|8-501|8-502', '', '1-1|6-6|1580-1580|3-3|2-2');
INSERT INTO sys_burst_packet VALUES ('659', '3159', '4', '17-1159|11-1|12-0|8-502', '', '1-1|6-6|1600-1600|3-3');
INSERT INTO sys_burst_packet VALUES ('660', '3160', '4', '17-1160|11-1|12-0|8-502', '', '1-1|6-6|1620-1620|3-3');
INSERT INTO sys_burst_packet VALUES ('661', '3161', '4', '17-1161|11-1|12-0|8-502', '', '1-1|6-6|1640-1640|3-3');
INSERT INTO sys_burst_packet VALUES ('662', '3162', '4', '17-1162|11-1|12-0|8-502', '', '1-1|6-6|1620-1620|3-3');
INSERT INTO sys_burst_packet VALUES ('663', '3163', '4', '17-1163|11-1|12-0|8-502', '', '1-1|6-6|1640-1640|3-3');
INSERT INTO sys_burst_packet VALUES ('664', '3164', '4', '17-1164|11-1|12-0|8-502', '', '1-1|6-6|1660-1660|3-3');
INSERT INTO sys_burst_packet VALUES ('665', '3165', '4', '17-1165|11-1|12-0|8-502', '', '1-1|12-12|3240-3240|6-6');
INSERT INTO sys_burst_packet VALUES ('666', '3166', '4', '17-1166|11-1|12-0|8-502', '', '1-1|12-12|3280-3280|6-6');
INSERT INTO sys_burst_packet VALUES ('667', '3167', '4', '17-1167|11-1|12-0|8-501|8-502', '', '1-1|12-12|3320-3320|1-1|6-6');
INSERT INTO sys_burst_packet VALUES ('668', '3168', '4', '17-1168|11-1|12-0|8-502', '', '1-1|6-6|1670-1670|3-3');
INSERT INTO sys_burst_packet VALUES ('669', '3169', '4', '17-1169|11-1|12-0|8-502', '', '1-1|6-6|1670-1670|3-3');
INSERT INTO sys_burst_packet VALUES ('670', '3170', '4', '17-1170|11-1|12-0|8-502', '', '1-1|6-6|1680-1680|3-3');
INSERT INTO sys_burst_packet VALUES ('671', '3171', '4', '17-1171|11-1|12-0|8-501|8-502', '', '1-1|6-6|1700-1700|1-1|3-3');
INSERT INTO sys_burst_packet VALUES ('672', '3172', '4', '17-1172|11-1|12-0|8-501|8-502', '', '1-1|6-6|1720-1720|1-1|3-3');
INSERT INTO sys_burst_packet VALUES ('673', '3173', '4', '17-1173|11-1|12-0|8-501|8-502', '', '1-1|6-6|1700-1700|1-1|3-3');
INSERT INTO sys_burst_packet VALUES ('674', '3174', '4', '17-1174|11-1|12-0|8-501|8-502', '', '1-1|6-6|1720-1720|1-1|3-3');
INSERT INTO sys_burst_packet VALUES ('675', '3175', '4', '17-1175|11-1|12-0|8-501|8-502', '', '1-1|6-6|1740-1740|1-1|3-3');
INSERT INTO sys_burst_packet VALUES ('676', '3176', '4', '17-1176|11-1|12-0|8-501|8-502', '', '1-1|12-12|3400-3400|2-2|6-6');
INSERT INTO sys_burst_packet VALUES ('677', '3177', '4', '17-1177|11-1|12-0|8-501|8-502', '', '1-1|12-12|3440-3440|2-2|6-6');
INSERT INTO sys_burst_packet VALUES ('678', '3178', '4', '17-1178|11-1|12-0|8-501|8-502', '', '1-1|12-12|3480-3480|2-2|6-6');
INSERT INTO sys_burst_packet VALUES ('679', '3179', '4', '17-1179|11-1|12-0|8-501|8-502', '', '1-1|6-6|1750-1750|1-1|3-3');
INSERT INTO sys_burst_packet VALUES ('680', '3180', '4', '17-1180|11-1|12-0|8-501|8-502', '', '1-1|6-6|1750-1750|1-1|3-3');
INSERT INTO sys_burst_packet VALUES ('681', '3181', '4', '17-1181|11-1|12-0|8-501|8-502', '', '1-1|6-6|1760-1760|1-1|3-3');
INSERT INTO sys_burst_packet VALUES ('682', '3182', '4', '17-1182|11-1|12-0|8-501|8-502', '', '1-1|6-6|1780-1780|1-1|3-3');
INSERT INTO sys_burst_packet VALUES ('683', '3183', '4', '17-1183|11-1|12-0|8-501|8-502', '', '1-1|6-6|1800-1800|2-2|3-3');
INSERT INTO sys_burst_packet VALUES ('684', '3184', '4', '17-1184|11-1|12-0|8-501|8-502', '', '1-1|6-6|1780-1780|1-1|3-3');
INSERT INTO sys_burst_packet VALUES ('685', '3185', '4', '17-1185|11-1|12-0|8-501|8-502', '', '1-1|6-6|1800-1800|2-2|3-3');
INSERT INTO sys_burst_packet VALUES ('686', '3186', '4', '17-1186|11-1|12-0|8-501|8-502', '', '1-1|6-6|1820-1820|2-2|3-3');
INSERT INTO sys_burst_packet VALUES ('687', '3187', '4', '17-1187|11-1|12-0|8-501|8-502', '', '1-1|12-12|3560-3560|3-3|6-6');
INSERT INTO sys_burst_packet VALUES ('688', '3188', '4', '17-1188|11-1|12-0|8-502', '', '1-1|12-12|3600-3600|7-7');
INSERT INTO sys_burst_packet VALUES ('689', '3189', '4', '17-1189|11-1|12-0|8-502', '', '1-1|12-12|3640-3640|7-7');
INSERT INTO sys_burst_packet VALUES ('690', '3190', '4', '17-1190|11-1|12-0|8-501|8-502', '', '1-1|6-6|1830-1830|2-2|3-3');
INSERT INTO sys_burst_packet VALUES ('691', '3191', '4', '17-1191|11-1|12-0|8-501|8-502', '', '1-1|6-6|1830-1830|2-2|3-3');
INSERT INTO sys_burst_packet VALUES ('692', '3192', '4', '17-1192|11-1|12-0|8-501|8-502', '', '1-1|6-6|1840-1840|2-2|3-3');
INSERT INTO sys_burst_packet VALUES ('693', '3193', '4', '17-1193|11-1|12-0|8-501|8-502', '', '1-1|6-6|1860-1860|2-2|3-3');
INSERT INTO sys_burst_packet VALUES ('694', '3194', '4', '17-1194|11-1|12-0|8-501|8-502', '', '1-1|6-6|1880-1880|2-2|3-3');
INSERT INTO sys_burst_packet VALUES ('695', '3195', '4', '17-1195|11-1|12-0|8-501|8-502', '', '1-1|6-6|1860-1860|2-2|3-3');
INSERT INTO sys_burst_packet VALUES ('696', '3196', '4', '17-1196|11-1|12-0|8-501|8-502', '', '1-1|6-6|1880-1880|2-2|3-3');
INSERT INTO sys_burst_packet VALUES ('697', '3197', '4', '17-1197|11-1|12-0|8-501|8-502', '', '1-1|6-6|1900-1900|3-3|3-3');
INSERT INTO sys_burst_packet VALUES ('698', '3198', '4', '17-1198|11-1|12-0|8-501|8-502', '', '1-1|12-12|3720-3720|1-1|7-7');
INSERT INTO sys_burst_packet VALUES ('699', '3199', '4', '17-1199|11-1|12-0|8-501|8-502', '', '1-1|12-12|3760-3760|1-1|7-7');
INSERT INTO sys_burst_packet VALUES ('700', '3200', '4', '17-1200|11-1|12-0|8-501|8-502', '', '1-1|12-12|3800-3800|2-2|7-7');
INSERT INTO sys_burst_packet VALUES ('701', '3201', '4', '17-1201|11-1|12-0|8-501|8-502', '', '1-1|6-6|1910-1910|3-3|3-3');
INSERT INTO sys_burst_packet VALUES ('702', '3202', '4', '17-1202|11-1|12-0|8-501|8-502', '', '1-1|6-6|1910-1910|3-3|3-3');
INSERT INTO sys_burst_packet VALUES ('703', '3203', '4', '17-1203|11-1|12-0|8-501|8-502', '', '1-1|6-6|1920-1920|3-3|3-3');
INSERT INTO sys_burst_packet VALUES ('704', '3204', '4', '17-1204|11-1|12-0|8-501|8-502', '', '1-1|6-6|1940-1940|3-3|3-3');
INSERT INTO sys_burst_packet VALUES ('705', '3205', '4', '17-1205|11-1|12-0|8-501|8-502', '', '1-1|6-6|1960-1960|3-3|3-3');
INSERT INTO sys_burst_packet VALUES ('706', '3206', '4', '17-1206|11-1|12-0|8-501|8-502', '', '1-1|6-6|1940-1940|3-3|3-3');
INSERT INTO sys_burst_packet VALUES ('707', '3207', '4', '17-1207|11-1|12-0|8-501|8-502', '', '1-1|6-6|1960-1960|3-3|3-3');
INSERT INTO sys_burst_packet VALUES ('708', '3208', '4', '17-1208|11-1|12-0|8-501|8-502', '', '1-1|6-6|1980-1980|3-3|3-3');
INSERT INTO sys_burst_packet VALUES ('709', '3209', '4', '17-1209|11-1|12-0|8-501|8-502', '', '1-1|12-12|3880-3880|2-2|7-7');
INSERT INTO sys_burst_packet VALUES ('710', '3210', '4', '17-1210|11-1|12-0|8-501|8-502', '', '1-1|12-12|3920-3920|3-3|7-7');
INSERT INTO sys_burst_packet VALUES ('711', '3211', '4', '17-1211|11-1|12-0|8-501|8-502', '', '1-1|12-12|3960-3960|3-3|7-7');
INSERT INTO sys_burst_packet VALUES ('712', '3212', '4', '17-1212|11-1|12-0|8-501|8-502', '', '1-1|6-6|1990-1990|3-3|3-3');
INSERT INTO sys_burst_packet VALUES ('713', '3213', '4', '17-1213|11-1|12-0|8-501|8-502', '', '1-1|6-6|1990-1990|3-3|3-3');
INSERT INTO sys_burst_packet VALUES ('714', '3214', '4', '17-1214|11-1|12-0|8-502', '', '1-1|6-6|2000-2000|4-4');
INSERT INTO sys_burst_packet VALUES ('715', '3215', '4', '17-1215|11-1|12-0|8-502', '', '1-1|6-6|2020-2020|4-4');
INSERT INTO sys_burst_packet VALUES ('716', '3216', '4', '17-1216|11-1|12-0|8-502', '', '1-1|6-6|2040-2040|4-4');
INSERT INTO sys_burst_packet VALUES ('717', '3217', '4', '17-1217|11-1|12-0|8-502', '', '1-1|6-6|2020-2020|4-4');
INSERT INTO sys_burst_packet VALUES ('718', '3218', '4', '17-1218|11-1|12-0|8-502', '', '1-1|6-6|2040-2040|4-4');
INSERT INTO sys_burst_packet VALUES ('719', '3219', '4', '17-1219|11-1|12-0|8-502', '', '1-1|6-6|2060-2060|4-4');
INSERT INTO sys_burst_packet VALUES ('720', '3220', '4', '17-1220|11-1|12-0|8-502', '', '1-1|12-12|4040-4040|8-8');
INSERT INTO sys_burst_packet VALUES ('721', '3221', '4', '17-1221|11-1|12-0|8-502', '', '1-1|12-12|4080-4080|8-8');
INSERT INTO sys_burst_packet VALUES ('722', '3222', '4', '17-1222|11-1|12-0|8-501|8-502', '', '1-1|12-12|4120-4120|1-1|8-8');

-- ----------------------------
-- Table structure for `sys_chapter`
-- ----------------------------
DROP TABLE IF EXISTS `sys_chapter`;
CREATE TABLE `sys_chapter` (
  `id` int(10) unsigned NOT NULL AUTO_INCREMENT COMMENT '为了运营后台容易增删改， 不代表chapter_id是因为excel表格上的顺序经常改变',
  `chapter_id` tinyint(3) unsigned NOT NULL COMMENT '章节id， 独立出来 而不用自增id字段 是因为表格顺序经常会改动 导致id会改变！但是这些数据会存储在玩家那里 所以要保证不能因为插入顺序而改变',
  `name` varchar(63) NOT NULL,
  PRIMARY KEY (`id`),
  UNIQUE KEY `chapter_id` (`chapter_id`)
) ENGINE=InnoDB AUTO_INCREMENT=4 DEFAULT CHARSET=utf8;

-- ----------------------------
-- Records of sys_chapter
-- ----------------------------
INSERT INTO sys_chapter VALUES ('1', '1', '华夏');
INSERT INTO sys_chapter VALUES ('2', '2', '欧美');
INSERT INTO sys_chapter VALUES ('3', '3', '大和之章');

-- ----------------------------
-- Table structure for `sys_chapter_mappoint`
-- ----------------------------
DROP TABLE IF EXISTS `sys_chapter_mappoint`;
CREATE TABLE `sys_chapter_mappoint` (
  `id` int(10) unsigned NOT NULL AUTO_INCREMENT COMMENT '据点id 可以是城市 也可以小点',
  `mappoint_id` int(10) unsigned NOT NULL COMMENT '据点id  城市或者小点的唯一标识！',
  `chapter_id` tinyint(3) unsigned NOT NULL COMMENT '所属章节id',
  `type` tinyint(3) unsigned NOT NULL COMMENT '类型 1.城市 2.小点',
  `name` varchar(63) DEFAULT NULL COMMENT '据点的名字 城市需要 小点不需要',
  `joined_mappoint_id_arr` varchar(255) DEFAULT NULL COMMENT '最大255字节 也就是说 连接点最多 255/4 = 63个！',
  `enter_level` smallint(5) unsigned NOT NULL COMMENT '此据点允许进入玩家等级 小于此等级的时候 不允许进入 任务也不允许开始',
  `hidden` tinyint(1) unsigned NOT NULL DEFAULT '0' COMMENT '是否隐藏 0否 1是。 当隐藏的时候 即使有边链接到这个点，客户端判断这个点隐藏了 也要取消掉这些连线！',
  PRIMARY KEY (`id`),
  UNIQUE KEY `mappoint_id` (`mappoint_id`),
  KEY `chapter_id` (`chapter_id`)
) ENGINE=InnoDB AUTO_INCREMENT=64 DEFAULT CHARSET=utf8;

-- ----------------------------
-- Records of sys_chapter_mappoint
-- ----------------------------
INSERT INTO sys_chapter_mappoint VALUES ('1', '1', '1', '2', '逐鹿', '2', '0', '0');
INSERT INTO sys_chapter_mappoint VALUES ('2', '2', '1', '1', '钜鹿', '1|3', '1', '0');
INSERT INTO sys_chapter_mappoint VALUES ('3', '3', '1', '2', '平原', '2|4', '0', '0');
INSERT INTO sys_chapter_mappoint VALUES ('4', '4', '1', '2', '北海', '3|5', '0', '0');
INSERT INTO sys_chapter_mappoint VALUES ('5', '5', '1', '1', '徐州', '4|6', '1', '0');
INSERT INTO sys_chapter_mappoint VALUES ('6', '6', '1', '2', '小沛', '5|7', '0', '0');
INSERT INTO sys_chapter_mappoint VALUES ('7', '7', '1', '2', '许昌', '6|8', '0', '0');
INSERT INTO sys_chapter_mappoint VALUES ('8', '8', '1', '1', '洛阳', '7|9', '1', '0');
INSERT INTO sys_chapter_mappoint VALUES ('9', '9', '1', '2', '函谷关', '8|10', '0', '0');
INSERT INTO sys_chapter_mappoint VALUES ('10', '10', '1', '2', '潼关', '9|11', '0', '0');
INSERT INTO sys_chapter_mappoint VALUES ('11', '11', '1', '1', '长安', '10|12', '1', '0');
INSERT INTO sys_chapter_mappoint VALUES ('12', '12', '1', '2', '渭南', '11|13', '0', '0');
INSERT INTO sys_chapter_mappoint VALUES ('13', '13', '1', '2', '泾阳', '12|14', '0', '0');
INSERT INTO sys_chapter_mappoint VALUES ('14', '14', '1', '1', '咸阳', '13|15', '1', '0');
INSERT INTO sys_chapter_mappoint VALUES ('15', '15', '1', '2', '汉中', '14|16', '0', '0');
INSERT INTO sys_chapter_mappoint VALUES ('16', '16', '1', '2', '剑阁', '15|17', '0', '0');
INSERT INTO sys_chapter_mappoint VALUES ('17', '17', '1', '1', '成都', '16|18', '10', '0');
INSERT INTO sys_chapter_mappoint VALUES ('18', '18', '1', '2', '昆仑关', '17|19', '0', '0');
INSERT INTO sys_chapter_mappoint VALUES ('19', '19', '1', '2', '神农架', '18|20', '0', '0');
INSERT INTO sys_chapter_mappoint VALUES ('20', '20', '1', '1', '襄阳', '19|21', '10', '0');
INSERT INTO sys_chapter_mappoint VALUES ('21', '21', '1', '2', '乌林', '20|22', '0', '0');
INSERT INTO sys_chapter_mappoint VALUES ('22', '22', '1', '2', '洞庭', '21|23', '0', '0');
INSERT INTO sys_chapter_mappoint VALUES ('23', '23', '1', '1', '长沙', '22|24', '10', '0');
INSERT INTO sys_chapter_mappoint VALUES ('24', '24', '1', '2', '赤壁', '23|25', '0', '0');
INSERT INTO sys_chapter_mappoint VALUES ('25', '25', '1', '2', '庐陵', '24|26', '0', '0');
INSERT INTO sys_chapter_mappoint VALUES ('26', '26', '1', '1', '金陵', '25|27', '10', '0');
INSERT INTO sys_chapter_mappoint VALUES ('27', '27', '1', '2', '钱塘', '26|28', '0', '0');
INSERT INTO sys_chapter_mappoint VALUES ('28', '28', '1', '2', '澎湖', '27|29', '0', '0');
INSERT INTO sys_chapter_mappoint VALUES ('29', '29', '1', '1', '台湾', '28|30', '20', '0');
INSERT INTO sys_chapter_mappoint VALUES ('30', '30', '1', '2', '钓鱼岛', '29|31', '0', '0');
INSERT INTO sys_chapter_mappoint VALUES ('31', '31', '1', '2', '蓬莱', '30|32', '0', '0');
INSERT INTO sys_chapter_mappoint VALUES ('32', '32', '1', '1', '汉城', '31|33', '20', '0');
INSERT INTO sys_chapter_mappoint VALUES ('33', '33', '1', '2', '辽东', '32|34', '0', '0');
INSERT INTO sys_chapter_mappoint VALUES ('34', '34', '1', '2', '山海关', '33|35', '0', '0');
INSERT INTO sys_chapter_mappoint VALUES ('35', '35', '1', '1', '京城', '34', '20', '0');
INSERT INTO sys_chapter_mappoint VALUES ('36', '36', '2', '1', '结界', '37', '23', '0');
INSERT INTO sys_chapter_mappoint VALUES ('37', '37', '2', '2', '壹岐', '36|38', '0', '0');
INSERT INTO sys_chapter_mappoint VALUES ('38', '38', '2', '2', '长崎', '37|39', '0', '0');
INSERT INTO sys_chapter_mappoint VALUES ('39', '39', '2', '1', '邪马台', '38|40', '26', '0');
INSERT INTO sys_chapter_mappoint VALUES ('40', '40', '2', '2', '日向', '39|41', '0', '0');
INSERT INTO sys_chapter_mappoint VALUES ('41', '41', '2', '2', '北九州', '42|40', '0', '0');
INSERT INTO sys_chapter_mappoint VALUES ('42', '42', '2', '1', '广岛', '41|43', '29', '0');
INSERT INTO sys_chapter_mappoint VALUES ('43', '43', '2', '2', '松山', '42|44', '0', '0');
INSERT INTO sys_chapter_mappoint VALUES ('44', '44', '2', '2', '南国', '43|45', '0', '0');
INSERT INTO sys_chapter_mappoint VALUES ('45', '45', '2', '1', '大阪', '46|44', '32', '0');
INSERT INTO sys_chapter_mappoint VALUES ('46', '46', '2', '2', '神户', '45|47', '0', '0');
INSERT INTO sys_chapter_mappoint VALUES ('47', '47', '2', '2', '冈山', '48|46', '0', '0');
INSERT INTO sys_chapter_mappoint VALUES ('48', '48', '2', '1', '京都', '47|49', '35', '0');
INSERT INTO sys_chapter_mappoint VALUES ('49', '49', '2', '2', '甲贺', '48|50', '0', '0');
INSERT INTO sys_chapter_mappoint VALUES ('50', '50', '2', '2', '伊贺', '49|51', '0', '0');
INSERT INTO sys_chapter_mappoint VALUES ('51', '51', '2', '1', '名古屋', '50|52', '38', '0');
INSERT INTO sys_chapter_mappoint VALUES ('52', '52', '2', '2', '长野', '51|53', '0', '0');
INSERT INTO sys_chapter_mappoint VALUES ('53', '53', '2', '2', '静冈', '52|54', '0', '0');
INSERT INTO sys_chapter_mappoint VALUES ('54', '54', '2', '1', '东京', '53|55', '41', '0');
INSERT INTO sys_chapter_mappoint VALUES ('55', '55', '2', '2', '千叶', '54|56', '0', '0');
INSERT INTO sys_chapter_mappoint VALUES ('56', '56', '2', '2', '相马', '55|57', '0', '0');
INSERT INTO sys_chapter_mappoint VALUES ('57', '57', '2', '1', '仙台', '58|56', '44', '0');
INSERT INTO sys_chapter_mappoint VALUES ('58', '58', '2', '2', '青森', '57|59', '0', '0');
INSERT INTO sys_chapter_mappoint VALUES ('59', '59', '2', '2', '秋田', '58|60', '0', '0');
INSERT INTO sys_chapter_mappoint VALUES ('60', '60', '2', '1', '新泻', '59|61', '47', '0');
INSERT INTO sys_chapter_mappoint VALUES ('61', '61', '2', '2', '富山', '62|60', '0', '0');
INSERT INTO sys_chapter_mappoint VALUES ('62', '62', '2', '2', '七尾', '61|63', '0', '0');
INSERT INTO sys_chapter_mappoint VALUES ('63', '63', '2', '1', '魔海域', '62', '49', '0');

-- ----------------------------
-- Table structure for `sys_crusade_prize`
-- ----------------------------
DROP TABLE IF EXISTS `sys_crusade_prize`;
CREATE TABLE `sys_crusade_prize` (
  `level` int(10) NOT NULL COMMENT '玩家等级',
  `prize` varchar(512) NOT NULL COMMENT '每一波奖励每波以|隔开，一波中多个奖励以,分开，如8-14-9,8-14-10|8-14-9,8-14-10|',
  PRIMARY KEY (`level`)
) ENGINE=InnoDB DEFAULT CHARSET=utf8;

-- ----------------------------
-- Records of sys_crusade_prize
-- ----------------------------
INSERT INTO sys_crusade_prize VALUES ('20', '8-1-9,8-1-10|8-1-9,8-1-10|8-1-9,8-1-10|8-1-9,8-1-10|8-1-9,8-1-10|8-1-9,8-1-10|8-1-9,8-1-10|8-1-9,8-1-10|8-1-9,8-1-10|8-1-9,8-1-10|8-1-9,8-1-10|8-1-9,8-1-10|8-1-9,8-1-10|8-1-9,8-1-10|8-1-9,8-1-10');
INSERT INTO sys_crusade_prize VALUES ('21', '8-1-9,8-1-10|8-1-9,8-1-10|8-1-9,8-1-10|8-1-9,8-1-10|8-1-9,8-1-10|8-1-9,8-1-10|8-1-9,8-1-10|8-1-9,8-1-10|8-1-9,8-1-10|8-1-9,8-1-10|8-1-9,8-1-10|8-1-9,8-1-10|8-1-9,8-1-10|8-1-9,8-1-10|8-1-9,8-1-10');
INSERT INTO sys_crusade_prize VALUES ('22', '8-1-9,8-1-10|8-1-9,8-1-10|8-1-9,8-1-10|8-1-9,8-1-10|8-1-9,8-1-10|8-1-9,8-1-10|8-1-9,8-1-10|8-1-9,8-1-10|8-1-9,8-1-10|8-1-9,8-1-10|8-1-9,8-1-10|8-1-9,8-1-10|8-1-9,8-1-10|8-1-9,8-1-10|8-1-9,8-1-10');
INSERT INTO sys_crusade_prize VALUES ('23', '8-1-9,8-1-10|8-1-9,8-1-10|8-1-9,8-1-10|8-1-9,8-1-10|8-1-9,8-1-10|8-1-9,8-1-10|8-1-9,8-1-10|8-1-9,8-1-10|8-1-9,8-1-10|8-1-9,8-1-10|8-1-9,8-1-10|8-1-9,8-1-10|8-1-9,8-1-10|8-1-9,8-1-10|8-1-9,8-1-10');
INSERT INTO sys_crusade_prize VALUES ('24', '8-1-9,8-1-10|8-1-9,8-1-10|8-1-9,8-1-10|8-1-9,8-1-10|8-1-9,8-1-10|8-1-9,8-1-10|8-1-9,8-1-10|8-1-9,8-1-10|8-1-9,8-1-10|8-1-9,8-1-10|8-1-9,8-1-10|8-1-9,8-1-10|8-1-9,8-1-10|8-1-9,8-1-10|8-1-9,8-1-10');
INSERT INTO sys_crusade_prize VALUES ('25', '8-1-9,8-1-10|8-1-9,8-1-10|8-1-9,8-1-10|8-1-9,8-1-10|8-1-9,8-1-10|8-1-9,8-1-10|8-1-9,8-1-10|8-1-9,8-1-10|8-1-9,8-1-10|8-1-9,8-1-10|8-1-9,8-1-10|8-1-9,8-1-10|8-1-9,8-1-10|8-1-9,8-1-10|8-1-9,8-1-10');
INSERT INTO sys_crusade_prize VALUES ('26', '8-1-9,8-1-10|8-1-9,8-1-10|8-1-9,8-1-10|8-1-9,8-1-10|8-1-9,8-1-10|8-1-9,8-1-10|8-1-9,8-1-10|8-1-9,8-1-10|8-1-9,8-1-10|8-1-9,8-1-10|8-1-9,8-1-10|8-1-9,8-1-10|8-1-9,8-1-10|8-1-9,8-1-10|8-1-9,8-1-10');
INSERT INTO sys_crusade_prize VALUES ('27', '8-1-9,8-1-10|8-1-9,8-1-10|8-1-9,8-1-10|8-1-9,8-1-10|8-1-9,8-1-10|8-1-9,8-1-10|8-1-9,8-1-10|8-1-9,8-1-10|8-1-9,8-1-10|8-1-9,8-1-10|8-1-9,8-1-10|8-1-9,8-1-10|8-1-9,8-1-10|8-1-9,8-1-10|8-1-9,8-1-10');
INSERT INTO sys_crusade_prize VALUES ('28', '8-1-9,8-1-10|8-1-9,8-1-10|8-1-9,8-1-10|8-1-9,8-1-10|8-1-9,8-1-10|8-1-9,8-1-10|8-1-9,8-1-10|8-1-9,8-1-10|8-1-9,8-1-10|8-1-9,8-1-10|8-1-9,8-1-10|8-1-9,8-1-10|8-1-9,8-1-10|8-1-9,8-1-10|8-1-9,8-1-10');
INSERT INTO sys_crusade_prize VALUES ('29', '8-1-9,8-1-10|8-1-9,8-1-10|8-1-9,8-1-10|8-1-9,8-1-10|8-1-9,8-1-10|8-1-9,8-1-10|8-1-9,8-1-10|8-1-9,8-1-10|8-1-9,8-1-10|8-1-9,8-1-10|8-1-9,8-1-10|8-1-9,8-1-10|8-1-9,8-1-10|8-1-9,8-1-10|8-1-9,8-1-10');
INSERT INTO sys_crusade_prize VALUES ('30', '8-1-9,8-1-10|8-1-9,8-1-10|8-1-9,8-1-10|8-1-9,8-1-10|8-1-9,8-1-10|8-1-9,8-1-10|8-1-9,8-1-10|8-1-9,8-1-10|8-1-9,8-1-10|8-1-9,8-1-10|8-1-9,8-1-10|8-1-9,8-1-10|8-1-9,8-1-10|8-1-9,8-1-10|8-1-9,8-1-10');
INSERT INTO sys_crusade_prize VALUES ('31', '8-1-9,8-1-10|8-1-9,8-1-10|8-1-9,8-1-10|8-1-9,8-1-10|8-1-9,8-1-10|8-1-9,8-1-10|8-1-9,8-1-10|8-1-9,8-1-10|8-1-9,8-1-10|8-1-9,8-1-10|8-1-9,8-1-10|8-1-9,8-1-10|8-1-9,8-1-10|8-1-9,8-1-10|8-1-9,8-1-10');
INSERT INTO sys_crusade_prize VALUES ('32', '8-1-9,8-1-10|8-1-9,8-1-10|8-1-9,8-1-10|8-1-9,8-1-10|8-1-9,8-1-10|8-1-9,8-1-10|8-1-9,8-1-10|8-1-9,8-1-10|8-1-9,8-1-10|8-1-9,8-1-10|8-1-9,8-1-10|8-1-9,8-1-10|8-1-9,8-1-10|8-1-9,8-1-10|8-1-9,8-1-10');
INSERT INTO sys_crusade_prize VALUES ('33', '8-1-9,8-1-10|8-1-9,8-1-10|8-1-9,8-1-10|8-1-9,8-1-10|8-1-9,8-1-10|8-1-9,8-1-10|8-1-9,8-1-10|8-1-9,8-1-10|8-1-9,8-1-10|8-1-9,8-1-10|8-1-9,8-1-10|8-1-9,8-1-10|8-1-9,8-1-10|8-1-9,8-1-10|8-1-9,8-1-10');
INSERT INTO sys_crusade_prize VALUES ('34', '8-1-9,8-1-10|8-1-9,8-1-10|8-1-9,8-1-10|8-1-9,8-1-10|8-1-9,8-1-10|8-1-9,8-1-10|8-1-9,8-1-10|8-1-9,8-1-10|8-1-9,8-1-10|8-1-9,8-1-10|8-1-9,8-1-10|8-1-9,8-1-10|8-1-9,8-1-10|8-1-9,8-1-10|8-1-9,8-1-10');
INSERT INTO sys_crusade_prize VALUES ('35', '8-1-9,8-1-10|8-1-9,8-1-10|8-1-9,8-1-10|8-1-9,8-1-10|8-1-9,8-1-10|8-1-9,8-1-10|8-1-9,8-1-10|8-1-9,8-1-10|8-1-9,8-1-10|8-1-9,8-1-10|8-1-9,8-1-10|8-1-9,8-1-10|8-1-9,8-1-10|8-1-9,8-1-10|8-1-9,8-1-10');
INSERT INTO sys_crusade_prize VALUES ('36', '8-1-9,8-1-10|8-1-9,8-1-10|8-1-9,8-1-10|8-1-9,8-1-10|8-1-9,8-1-10|8-1-9,8-1-10|8-1-9,8-1-10|8-1-9,8-1-10|8-1-9,8-1-10|8-1-9,8-1-10|8-1-9,8-1-10|8-1-9,8-1-10|8-1-9,8-1-10|8-1-9,8-1-10|8-1-9,8-1-10');
INSERT INTO sys_crusade_prize VALUES ('37', '8-1-9,8-1-10|8-1-9,8-1-10|8-1-9,8-1-10|8-1-9,8-1-10|8-1-9,8-1-10|8-1-9,8-1-10|8-1-9,8-1-10|8-1-9,8-1-10|8-1-9,8-1-10|8-1-9,8-1-10|8-1-9,8-1-10|8-1-9,8-1-10|8-1-9,8-1-10|8-1-9,8-1-10|8-1-9,8-1-10');
INSERT INTO sys_crusade_prize VALUES ('38', '8-1-9,8-1-10|8-1-9,8-1-10|8-1-9,8-1-10|8-1-9,8-1-10|8-1-9,8-1-10|8-1-9,8-1-10|8-1-9,8-1-10|8-1-9,8-1-10|8-1-9,8-1-10|8-1-9,8-1-10|8-1-9,8-1-10|8-1-9,8-1-10|8-1-9,8-1-10|8-1-9,8-1-10|8-1-9,8-1-10');
INSERT INTO sys_crusade_prize VALUES ('39', '8-1-9,8-1-10|8-1-9,8-1-10|8-1-9,8-1-10|8-1-9,8-1-10|8-1-9,8-1-10|8-1-9,8-1-10|8-1-9,8-1-10|8-1-9,8-1-10|8-1-9,8-1-10|8-1-9,8-1-10|8-1-9,8-1-10|8-1-9,8-1-10|8-1-9,8-1-10|8-1-9,8-1-10|8-1-9,8-1-10');
INSERT INTO sys_crusade_prize VALUES ('40', '8-1-9,8-1-10|8-1-9,8-1-10|8-1-9,8-1-10|8-1-9,8-1-10|8-1-9,8-1-10|8-1-9,8-1-10|8-1-9,8-1-10|8-1-9,8-1-10|8-1-9,8-1-10|8-1-9,8-1-10|8-1-9,8-1-10|8-1-9,8-1-10|8-1-9,8-1-10|8-1-9,8-1-10|8-1-9,8-1-10');
INSERT INTO sys_crusade_prize VALUES ('41', '8-1-9,8-1-10|8-1-9,8-1-10|8-1-9,8-1-10|8-1-9,8-1-10|8-1-9,8-1-10|8-1-9,8-1-10|8-1-9,8-1-10|8-1-9,8-1-10|8-1-9,8-1-10|8-1-9,8-1-10|8-1-9,8-1-10|8-1-9,8-1-10|8-1-9,8-1-10|8-1-9,8-1-10|8-1-9,8-1-10');
INSERT INTO sys_crusade_prize VALUES ('42', '8-1-9,8-1-10|8-1-9,8-1-10|8-1-9,8-1-10|8-1-9,8-1-10|8-1-9,8-1-10|8-1-9,8-1-10|8-1-9,8-1-10|8-1-9,8-1-10|8-1-9,8-1-10|8-1-9,8-1-10|8-1-9,8-1-10|8-1-9,8-1-10|8-1-9,8-1-10|8-1-9,8-1-10|8-1-9,8-1-10');
INSERT INTO sys_crusade_prize VALUES ('43', '8-1-9,8-1-10|8-1-9,8-1-10|8-1-9,8-1-10|8-1-9,8-1-10|8-1-9,8-1-10|8-1-9,8-1-10|8-1-9,8-1-10|8-1-9,8-1-10|8-1-9,8-1-10|8-1-9,8-1-10|8-1-9,8-1-10|8-1-9,8-1-10|8-1-9,8-1-10|8-1-9,8-1-10|8-1-9,8-1-10');
INSERT INTO sys_crusade_prize VALUES ('44', '8-1-9,8-1-10|8-1-9,8-1-10|8-1-9,8-1-10|8-1-9,8-1-10|8-1-9,8-1-10|8-1-9,8-1-10|8-1-9,8-1-10|8-1-9,8-1-10|8-1-9,8-1-10|8-1-9,8-1-10|8-1-9,8-1-10|8-1-9,8-1-10|8-1-9,8-1-10|8-1-9,8-1-10|8-1-9,8-1-10');
INSERT INTO sys_crusade_prize VALUES ('45', '8-1-9,8-1-10|8-1-9,8-1-10|8-1-9,8-1-10|8-1-9,8-1-10|8-1-9,8-1-10|8-1-9,8-1-10|8-1-9,8-1-10|8-1-9,8-1-10|8-1-9,8-1-10|8-1-9,8-1-10|8-1-9,8-1-10|8-1-9,8-1-10|8-1-9,8-1-10|8-1-9,8-1-10|8-1-9,8-1-10');
INSERT INTO sys_crusade_prize VALUES ('46', '8-1-9,8-1-10|8-1-9,8-1-10|8-1-9,8-1-10|8-1-9,8-1-10|8-1-9,8-1-10|8-1-9,8-1-10|8-1-9,8-1-10|8-1-9,8-1-10|8-1-9,8-1-10|8-1-9,8-1-10|8-1-9,8-1-10|8-1-9,8-1-10|8-1-9,8-1-10|8-1-9,8-1-10|8-1-9,8-1-10');
INSERT INTO sys_crusade_prize VALUES ('47', '8-1-9,8-1-10|8-1-9,8-1-10|8-1-9,8-1-10|8-1-9,8-1-10|8-1-9,8-1-10|8-1-9,8-1-10|8-1-9,8-1-10|8-1-9,8-1-10|8-1-9,8-1-10|8-1-9,8-1-10|8-1-9,8-1-10|8-1-9,8-1-10|8-1-9,8-1-10|8-1-9,8-1-10|8-1-9,8-1-10');
INSERT INTO sys_crusade_prize VALUES ('48', '8-1-9,8-1-10|8-1-9,8-1-10|8-1-9,8-1-10|8-1-9,8-1-10|8-1-9,8-1-10|8-1-9,8-1-10|8-1-9,8-1-10|8-1-9,8-1-10|8-1-9,8-1-10|8-1-9,8-1-10|8-1-9,8-1-10|8-1-9,8-1-10|8-1-9,8-1-10|8-1-9,8-1-10|8-1-9,8-1-10');
INSERT INTO sys_crusade_prize VALUES ('49', '8-1-9,8-1-10|8-1-9,8-1-10|8-1-9,8-1-10|8-1-9,8-1-10|8-1-9,8-1-10|8-1-9,8-1-10|8-1-9,8-1-10|8-1-9,8-1-10|8-1-9,8-1-10|8-1-9,8-1-10|8-1-9,8-1-10|8-1-9,8-1-10|8-1-9,8-1-10|8-1-9,8-1-10|8-1-9,8-1-10');
INSERT INTO sys_crusade_prize VALUES ('50', '8-1-9,8-1-10|8-1-9,8-1-10|8-1-9,8-1-10|8-1-9,8-1-10|8-1-9,8-1-10|8-1-9,8-1-10|8-1-9,8-1-10|8-1-9,8-1-10|8-1-9,8-1-10|8-1-9,8-1-10|8-1-9,8-1-10|8-1-9,8-1-10|8-1-9,8-1-10|8-1-9,8-1-10|8-1-9,8-1-10');
INSERT INTO sys_crusade_prize VALUES ('51', '8-1-9,8-1-10|8-1-9,8-1-10|8-1-9,8-1-10|8-1-9,8-1-10|8-1-9,8-1-10|8-1-9,8-1-10|8-1-9,8-1-10|8-1-9,8-1-10|8-1-9,8-1-10|8-1-9,8-1-10|8-1-9,8-1-10|8-1-9,8-1-10|8-1-9,8-1-10|8-1-9,8-1-10|8-1-9,8-1-10');
INSERT INTO sys_crusade_prize VALUES ('52', '8-1-9,8-1-10|8-1-9,8-1-10|8-1-9,8-1-10|8-1-9,8-1-10|8-1-9,8-1-10|8-1-9,8-1-10|8-1-9,8-1-10|8-1-9,8-1-10|8-1-9,8-1-10|8-1-9,8-1-10|8-1-9,8-1-10|8-1-9,8-1-10|8-1-9,8-1-10|8-1-9,8-1-10|8-1-9,8-1-10');
INSERT INTO sys_crusade_prize VALUES ('53', '8-1-9,8-1-10|8-1-9,8-1-10|8-1-9,8-1-10|8-1-9,8-1-10|8-1-9,8-1-10|8-1-9,8-1-10|8-1-9,8-1-10|8-1-9,8-1-10|8-1-9,8-1-10|8-1-9,8-1-10|8-1-9,8-1-10|8-1-9,8-1-10|8-1-9,8-1-10|8-1-9,8-1-10|8-1-9,8-1-10');
INSERT INTO sys_crusade_prize VALUES ('54', '8-1-9,8-1-10|8-1-9,8-1-10|8-1-9,8-1-10|8-1-9,8-1-10|8-1-9,8-1-10|8-1-9,8-1-10|8-1-9,8-1-10|8-1-9,8-1-10|8-1-9,8-1-10|8-1-9,8-1-10|8-1-9,8-1-10|8-1-9,8-1-10|8-1-9,8-1-10|8-1-9,8-1-10|8-1-9,8-1-10');
INSERT INTO sys_crusade_prize VALUES ('55', '8-1-9,8-1-10|8-1-9,8-1-10|8-1-9,8-1-10|8-1-9,8-1-10|8-1-9,8-1-10|8-1-9,8-1-10|8-1-9,8-1-10|8-1-9,8-1-10|8-1-9,8-1-10|8-1-9,8-1-10|8-1-9,8-1-10|8-1-9,8-1-10|8-1-9,8-1-10|8-1-9,8-1-10|8-1-9,8-1-10');
INSERT INTO sys_crusade_prize VALUES ('56', '8-1-9,8-1-10|8-1-9,8-1-10|8-1-9,8-1-10|8-1-9,8-1-10|8-1-9,8-1-10|8-1-9,8-1-10|8-1-9,8-1-10|8-1-9,8-1-10|8-1-9,8-1-10|8-1-9,8-1-10|8-1-9,8-1-10|8-1-9,8-1-10|8-1-9,8-1-10|8-1-9,8-1-10|8-1-9,8-1-10');
INSERT INTO sys_crusade_prize VALUES ('57', '8-1-9,8-1-10|8-1-9,8-1-10|8-1-9,8-1-10|8-1-9,8-1-10|8-1-9,8-1-10|8-1-9,8-1-10|8-1-9,8-1-10|8-1-9,8-1-10|8-1-9,8-1-10|8-1-9,8-1-10|8-1-9,8-1-10|8-1-9,8-1-10|8-1-9,8-1-10|8-1-9,8-1-10|8-1-9,8-1-10');
INSERT INTO sys_crusade_prize VALUES ('58', '8-1-9,8-1-10|8-1-9,8-1-10|8-1-9,8-1-10|8-1-9,8-1-10|8-1-9,8-1-10|8-1-9,8-1-10|8-1-9,8-1-10|8-1-9,8-1-10|8-1-9,8-1-10|8-1-9,8-1-10|8-1-9,8-1-10|8-1-9,8-1-10|8-1-9,8-1-10|8-1-9,8-1-10|8-1-9,8-1-10');
INSERT INTO sys_crusade_prize VALUES ('59', '8-1-9,8-1-10|8-1-9,8-1-10|8-1-9,8-1-10|8-1-9,8-1-10|8-1-9,8-1-10|8-1-9,8-1-10|8-1-9,8-1-10|8-1-9,8-1-10|8-1-9,8-1-10|8-1-9,8-1-10|8-1-9,8-1-10|8-1-9,8-1-10|8-1-9,8-1-10|8-1-9,8-1-10|8-1-9,8-1-10');
INSERT INTO sys_crusade_prize VALUES ('60', '8-1-9,8-1-10|8-1-9,8-1-10|8-1-9,8-1-10|8-1-9,8-1-10|8-1-9,8-1-10|8-1-9,8-1-10|8-1-9,8-1-10|8-1-9,8-1-10|8-1-9,8-1-10|8-1-9,8-1-10|8-1-9,8-1-10|8-1-9,8-1-10|8-1-9,8-1-10|8-1-9,8-1-10|8-1-9,8-1-10');
INSERT INTO sys_crusade_prize VALUES ('61', '8-1-9,8-1-10|8-1-9,8-1-10|8-1-9,8-1-10|8-1-9,8-1-10|8-1-9,8-1-10|8-1-9,8-1-10|8-1-9,8-1-10|8-1-9,8-1-10|8-1-9,8-1-10|8-1-9,8-1-10|8-1-9,8-1-10|8-1-9,8-1-10|8-1-9,8-1-10|8-1-9,8-1-10|8-1-9,8-1-10');
INSERT INTO sys_crusade_prize VALUES ('62', '8-1-9,8-1-10|8-1-9,8-1-10|8-1-9,8-1-10|8-1-9,8-1-10|8-1-9,8-1-10|8-1-9,8-1-10|8-1-9,8-1-10|8-1-9,8-1-10|8-1-9,8-1-10|8-1-9,8-1-10|8-1-9,8-1-10|8-1-9,8-1-10|8-1-9,8-1-10|8-1-9,8-1-10|8-1-9,8-1-10');
INSERT INTO sys_crusade_prize VALUES ('63', '8-1-9,8-1-10|8-1-9,8-1-10|8-1-9,8-1-10|8-1-9,8-1-10|8-1-9,8-1-10|8-1-9,8-1-10|8-1-9,8-1-10|8-1-9,8-1-10|8-1-9,8-1-10|8-1-9,8-1-10|8-1-9,8-1-10|8-1-9,8-1-10|8-1-9,8-1-10|8-1-9,8-1-10|8-1-9,8-1-10');
INSERT INTO sys_crusade_prize VALUES ('64', '8-1-9,8-1-10|8-1-9,8-1-10|8-1-9,8-1-10|8-1-9,8-1-10|8-1-9,8-1-10|8-1-9,8-1-10|8-1-9,8-1-10|8-1-9,8-1-10|8-1-9,8-1-10|8-1-9,8-1-10|8-1-9,8-1-10|8-1-9,8-1-10|8-1-9,8-1-10|8-1-9,8-1-10|8-1-9,8-1-10');
INSERT INTO sys_crusade_prize VALUES ('65', '8-1-9,8-1-10|8-1-9,8-1-10|8-1-9,8-1-10|8-1-9,8-1-10|8-1-9,8-1-10|8-1-9,8-1-10|8-1-9,8-1-10|8-1-9,8-1-10|8-1-9,8-1-10|8-1-9,8-1-10|8-1-9,8-1-10|8-1-9,8-1-10|8-1-9,8-1-10|8-1-9,8-1-10|8-1-9,8-1-10');
INSERT INTO sys_crusade_prize VALUES ('66', '8-1-9,8-1-10|8-1-9,8-1-10|8-1-9,8-1-10|8-1-9,8-1-10|8-1-9,8-1-10|8-1-9,8-1-10|8-1-9,8-1-10|8-1-9,8-1-10|8-1-9,8-1-10|8-1-9,8-1-10|8-1-9,8-1-10|8-1-9,8-1-10|8-1-9,8-1-10|8-1-9,8-1-10|8-1-9,8-1-10');
INSERT INTO sys_crusade_prize VALUES ('67', '8-1-9,8-1-10|8-1-9,8-1-10|8-1-9,8-1-10|8-1-9,8-1-10|8-1-9,8-1-10|8-1-9,8-1-10|8-1-9,8-1-10|8-1-9,8-1-10|8-1-9,8-1-10|8-1-9,8-1-10|8-1-9,8-1-10|8-1-9,8-1-10|8-1-9,8-1-10|8-1-9,8-1-10|8-1-9,8-1-10');
INSERT INTO sys_crusade_prize VALUES ('68', '8-1-9,8-1-10|8-1-9,8-1-10|8-1-9,8-1-10|8-1-9,8-1-10|8-1-9,8-1-10|8-1-9,8-1-10|8-1-9,8-1-10|8-1-9,8-1-10|8-1-9,8-1-10|8-1-9,8-1-10|8-1-9,8-1-10|8-1-9,8-1-10|8-1-9,8-1-10|8-1-9,8-1-10|8-1-9,8-1-10');
INSERT INTO sys_crusade_prize VALUES ('69', '8-1-9,8-1-10|8-1-9,8-1-10|8-1-9,8-1-10|8-1-9,8-1-10|8-1-9,8-1-10|8-1-9,8-1-10|8-1-9,8-1-10|8-1-9,8-1-10|8-1-9,8-1-10|8-1-9,8-1-10|8-1-9,8-1-10|8-1-9,8-1-10|8-1-9,8-1-10|8-1-9,8-1-10|8-1-9,8-1-10');
INSERT INTO sys_crusade_prize VALUES ('70', '8-1-9,8-1-10|8-1-9,8-1-10|8-1-9,8-1-10|8-1-9,8-1-10|8-1-9,8-1-10|8-1-9,8-1-10|8-1-9,8-1-10|8-1-9,8-1-10|8-1-9,8-1-10|8-1-9,8-1-10|8-1-9,8-1-10|8-1-9,8-1-10|8-1-9,8-1-10|8-1-9,8-1-10|8-1-9,8-1-10');
INSERT INTO sys_crusade_prize VALUES ('71', '8-1-9,8-1-10|8-1-9,8-1-10|8-1-9,8-1-10|8-1-9,8-1-10|8-1-9,8-1-10|8-1-9,8-1-10|8-1-9,8-1-10|8-1-9,8-1-10|8-1-9,8-1-10|8-1-9,8-1-10|8-1-9,8-1-10|8-1-9,8-1-10|8-1-9,8-1-10|8-1-9,8-1-10|8-1-9,8-1-10');
INSERT INTO sys_crusade_prize VALUES ('72', '8-1-9,8-1-10|8-1-9,8-1-10|8-1-9,8-1-10|8-1-9,8-1-10|8-1-9,8-1-10|8-1-9,8-1-10|8-1-9,8-1-10|8-1-9,8-1-10|8-1-9,8-1-10|8-1-9,8-1-10|8-1-9,8-1-10|8-1-9,8-1-10|8-1-9,8-1-10|8-1-9,8-1-10|8-1-9,8-1-10');
INSERT INTO sys_crusade_prize VALUES ('73', '8-1-9,8-1-10|8-1-9,8-1-10|8-1-9,8-1-10|8-1-9,8-1-10|8-1-9,8-1-10|8-1-9,8-1-10|8-1-9,8-1-10|8-1-9,8-1-10|8-1-9,8-1-10|8-1-9,8-1-10|8-1-9,8-1-10|8-1-9,8-1-10|8-1-9,8-1-10|8-1-9,8-1-10|8-1-9,8-1-10');
INSERT INTO sys_crusade_prize VALUES ('74', '8-1-9,8-1-10|8-1-9,8-1-10|8-1-9,8-1-10|8-1-9,8-1-10|8-1-9,8-1-10|8-1-9,8-1-10|8-1-9,8-1-10|8-1-9,8-1-10|8-1-9,8-1-10|8-1-9,8-1-10|8-1-9,8-1-10|8-1-9,8-1-10|8-1-9,8-1-10|8-1-9,8-1-10|8-1-9,8-1-10');
INSERT INTO sys_crusade_prize VALUES ('75', '8-1-9,8-1-10|8-1-9,8-1-10|8-1-9,8-1-10|8-1-9,8-1-10|8-1-9,8-1-10|8-1-9,8-1-10|8-1-9,8-1-10|8-1-9,8-1-10|8-1-9,8-1-10|8-1-9,8-1-10|8-1-9,8-1-10|8-1-9,8-1-10|8-1-9,8-1-10|8-1-9,8-1-10|8-1-9,8-1-10');
INSERT INTO sys_crusade_prize VALUES ('76', '8-1-9,8-1-10|8-1-9,8-1-10|8-1-9,8-1-10|8-1-9,8-1-10|8-1-9,8-1-10|8-1-9,8-1-10|8-1-9,8-1-10|8-1-9,8-1-10|8-1-9,8-1-10|8-1-9,8-1-10|8-1-9,8-1-10|8-1-9,8-1-10|8-1-9,8-1-10|8-1-9,8-1-10|8-1-9,8-1-10');
INSERT INTO sys_crusade_prize VALUES ('77', '8-1-9,8-1-10|8-1-9,8-1-10|8-1-9,8-1-10|8-1-9,8-1-10|8-1-9,8-1-10|8-1-9,8-1-10|8-1-9,8-1-10|8-1-9,8-1-10|8-1-9,8-1-10|8-1-9,8-1-10|8-1-9,8-1-10|8-1-9,8-1-10|8-1-9,8-1-10|8-1-9,8-1-10|8-1-9,8-1-10');
INSERT INTO sys_crusade_prize VALUES ('78', '8-1-9,8-1-10|8-1-9,8-1-10|8-1-9,8-1-10|8-1-9,8-1-10|8-1-9,8-1-10|8-1-9,8-1-10|8-1-9,8-1-10|8-1-9,8-1-10|8-1-9,8-1-10|8-1-9,8-1-10|8-1-9,8-1-10|8-1-9,8-1-10|8-1-9,8-1-10|8-1-9,8-1-10|8-1-9,8-1-10');
INSERT INTO sys_crusade_prize VALUES ('79', '8-1-9,8-1-10|8-1-9,8-1-10|8-1-9,8-1-10|8-1-9,8-1-10|8-1-9,8-1-10|8-1-9,8-1-10|8-1-9,8-1-10|8-1-9,8-1-10|8-1-9,8-1-10|8-1-9,8-1-10|8-1-9,8-1-10|8-1-9,8-1-10|8-1-9,8-1-10|8-1-9,8-1-10|8-1-9,8-1-10');
INSERT INTO sys_crusade_prize VALUES ('80', '8-1-9,8-1-10|8-1-9,8-1-10|8-1-9,8-1-10|8-1-9,8-1-10|8-1-9,8-1-10|8-1-9,8-1-10|8-1-9,8-1-10|8-1-9,8-1-10|8-1-9,8-1-10|8-1-9,8-1-10|8-1-9,8-1-10|8-1-9,8-1-10|8-1-9,8-1-10|8-1-9,8-1-10|8-1-9,8-1-10');

-- ----------------------------
-- Table structure for `sys_equip`
-- ----------------------------
DROP TABLE IF EXISTS `sys_equip`;
CREATE TABLE `sys_equip` (
  `id` int(10) unsigned NOT NULL,
  `equip_id` int(10) unsigned NOT NULL,
  `equip_type` int(10) unsigned NOT NULL DEFAULT '0' COMMENT '装备类型  武器 = 1, 项链 = 2 , 衣服 = 3, 腰带= 4, 戒指 = 5 , 鞋子 = 6',
  `name_cn` varchar(255) NOT NULL DEFAULT '' COMMENT '名字',
  `quality` tinyint(3) unsigned NOT NULL DEFAULT '0' COMMENT '品质',
  `evolution_equip_id` int(10) unsigned NOT NULL COMMENT '进化后的装备id',
  `evolution_input` varchar(511) NOT NULL DEFAULT '' COMMENT '进化所需要的消耗 形如  type-id-num|type-id-num : 1-555-10|2-5864-2',
  PRIMARY KEY (`id`)
) ENGINE=InnoDB DEFAULT CHARSET=utf8;

-- ----------------------------
-- Records of sys_equip
-- ----------------------------
INSERT INTO sys_equip VALUES ('1', '1', '1', '短剑', '1', '2', '8-1-1');
INSERT INTO sys_equip VALUES ('2', '2', '1', '青铜剑', '2', '3', '8-2-2');
INSERT INTO sys_equip VALUES ('3', '3', '1', '百炼铁剑', '3', '4', '8-2-4|8-3-4');
INSERT INTO sys_equip VALUES ('4', '4', '1', '流星剑', '4', '5', '8-3-5|8-4-5|8-401-6');
INSERT INTO sys_equip VALUES ('5', '5', '1', '含光剑', '5', '6', '8-4-6|8-5-6|8-401-8');
INSERT INTO sys_equip VALUES ('6', '6', '1', '承影剑', '6', '7', '8-5-8|8-6-8|8-401-12');
INSERT INTO sys_equip VALUES ('7', '7', '1', '龙泉宝剑', '7', '8', '8-6-10|8-7-10|8-402-10');
INSERT INTO sys_equip VALUES ('8', '8', '1', '断天青虹剑', '8', '9', '8-7-12|8-8-12|8-402-24');
INSERT INTO sys_equip VALUES ('9', '9', '1', '七星龙渊剑', '9', '10', '8-8-22|8-9-22|8-402-48');
INSERT INTO sys_equip VALUES ('10', '10', '1', '赤霄帝剑', '10', '11', '8-9-26|8-10-26|8-402-42|8-403-30');
INSERT INTO sys_equip VALUES ('11', '11', '1', '轩辕圣剑', '11', '0', '');
INSERT INTO sys_equip VALUES ('12', '21', '1', '竹弓', '1', '22', '8-1-1');
INSERT INTO sys_equip VALUES ('13', '22', '1', '反曲弓', '2', '23', '8-2-2');
INSERT INTO sys_equip VALUES ('14', '23', '1', '复合弓', '3', '24', '8-2-4|8-3-4');
INSERT INTO sys_equip VALUES ('15', '24', '1', '强弩', '4', '25', '8-3-5|8-4-5|8-401-6');
INSERT INTO sys_equip VALUES ('16', '25', '1', '十字弩', '5', '26', '8-4-6|8-5-6|8-401-8');
INSERT INTO sys_equip VALUES ('17', '26', '1', '连弩', '6', '27', '8-5-8|8-6-8|8-401-12');
INSERT INTO sys_equip VALUES ('18', '27', '1', '神臂弓', '7', '28', '8-6-10|8-7-10|8-402-10');
INSERT INTO sys_equip VALUES ('19', '28', '1', '霸王弓', '8', '29', '8-7-12|8-8-12|8-402-24');
INSERT INTO sys_equip VALUES ('20', '29', '1', '飞将灵宝弓', '9', '30', '8-8-22|8-9-22|8-402-48');
INSERT INTO sys_equip VALUES ('21', '30', '1', '穿云震天弓', '10', '31', '8-9-26|8-10-26|8-402-42|8-403-30');
INSERT INTO sys_equip VALUES ('22', '31', '1', '落日神弓', '11', '0', '');
INSERT INTO sys_equip VALUES ('23', '41', '1', '竹杖', '1', '42', '8-1-1');
INSERT INTO sys_equip VALUES ('24', '42', '1', '青铜杖', '2', '43', '8-2-2');
INSERT INTO sys_equip VALUES ('25', '43', '1', '梵谷铜杖', '3', '44', '8-2-4|8-3-4');
INSERT INTO sys_equip VALUES ('26', '44', '1', '玄铁杖', '4', '45', '8-3-5|8-4-5|8-401-6');
INSERT INTO sys_equip VALUES ('27', '45', '1', '伏魔铁杖', '5', '46', '8-4-6|8-5-6|8-401-8');
INSERT INTO sys_equip VALUES ('28', '46', '1', '达摩禅杖', '6', '47', '8-5-8|8-6-8|8-401-12');
INSERT INTO sys_equip VALUES ('29', '47', '1', '降龙神木杖', '7', '48', '8-6-10|8-7-10|8-402-10');
INSERT INTO sys_equip VALUES ('30', '48', '1', '龙魂夺魄杖', '8', '49', '8-7-12|8-8-12|8-402-24');
INSERT INTO sys_equip VALUES ('31', '49', '1', '四海神龙杖', '9', '50', '8-8-22|8-9-22|8-402-48');
INSERT INTO sys_equip VALUES ('32', '50', '1', '龙首拐杖', '10', '51', '8-9-26|8-10-26|8-402-42|8-403-30');
INSERT INTO sys_equip VALUES ('33', '51', '1', '九宝扶桑杖', '11', '0', '');
INSERT INTO sys_equip VALUES ('34', '61', '1', '纸扇', '1', '62', '8-1-1');
INSERT INTO sys_equip VALUES ('35', '62', '1', '竹木扇', '2', '63', '8-2-2');
INSERT INTO sys_equip VALUES ('36', '63', '1', '檀香木扇', '3', '64', '8-2-4|8-3-4');
INSERT INTO sys_equip VALUES ('37', '64', '1', '羽扇', '4', '65', '8-3-5|8-4-5|8-401-6');
INSERT INTO sys_equip VALUES ('38', '65', '1', '尘尾扇', '5', '66', '8-4-6|8-5-6|8-401-8');
INSERT INTO sys_equip VALUES ('39', '66', '1', '孔雀羽尾扇', '6', '67', '8-5-8|8-6-8|8-401-12');
INSERT INTO sys_equip VALUES ('40', '67', '1', '火翼翅扇', '7', '68', '8-6-10|8-7-10|8-402-10');
INSERT INTO sys_equip VALUES ('41', '68', '1', '雷光白羽扇', '8', '69', '8-7-12|8-8-12|8-402-24');
INSERT INTO sys_equip VALUES ('42', '69', '1', '玄冰翼扇', '9', '70', '8-8-22|8-9-22|8-402-48');
INSERT INTO sys_equip VALUES ('43', '70', '1', '疾风无影扇', '10', '71', '8-9-26|8-10-26|8-402-42|8-403-30');
INSERT INTO sys_equip VALUES ('44', '71', '1', '五火神焰扇', '11', '0', '');
INSERT INTO sys_equip VALUES ('45', '81', '1', '石矛', '1', '82', '8-1-1');
INSERT INTO sys_equip VALUES ('46', '82', '1', '铁矛', '2', '83', '8-2-2');
INSERT INTO sys_equip VALUES ('47', '83', '1', '镔铁矛', '3', '84', '8-2-4|8-3-4');
INSERT INTO sys_equip VALUES ('48', '84', '1', '短戟', '4', '85', '8-3-5|8-4-5|8-401-6');
INSERT INTO sys_equip VALUES ('49', '85', '1', '飞戟', '5', '86', '8-4-6|8-5-6|8-401-8');
INSERT INTO sys_equip VALUES ('50', '86', '1', '断刃戟', '6', '87', '8-5-8|8-6-8|8-401-12');
INSERT INTO sys_equip VALUES ('51', '87', '1', '烈风戟', '7', '88', '8-6-10|8-7-10|8-402-10');
INSERT INTO sys_equip VALUES ('52', '88', '1', '虎啸镇山戟', '8', '89', '8-7-12|8-8-12|8-402-24');
INSERT INTO sys_equip VALUES ('53', '89', '1', '风雷化神戟', '9', '90', '8-8-22|8-9-22|8-402-48');
INSERT INTO sys_equip VALUES ('54', '90', '1', '龙魄斩天戟', '10', '91', '8-9-26|8-10-26|8-402-42|8-403-30');
INSERT INTO sys_equip VALUES ('55', '91', '1', '天命神戟', '11', '0', '');
INSERT INTO sys_equip VALUES ('56', '101', '1', '硬木矛', '1', '102', '8-1-1');
INSERT INTO sys_equip VALUES ('57', '102', '1', '铜矛', '2', '103', '8-2-2');
INSERT INTO sys_equip VALUES ('58', '103', '1', '青铜矛', '3', '104', '8-2-4|8-3-4');
INSERT INTO sys_equip VALUES ('59', '104', '1', '手戟', '4', '105', '8-3-5|8-4-5|8-401-6');
INSERT INTO sys_equip VALUES ('60', '105', '1', '镔铁戟', '5', '106', '8-4-6|8-5-6|8-401-8');
INSERT INTO sys_equip VALUES ('61', '106', '1', '月牙戟', '6', '107', '8-5-8|8-6-8|8-401-12');
INSERT INTO sys_equip VALUES ('62', '107', '1', '斩魄银戟', '7', '108', '8-6-10|8-7-10|8-402-10');
INSERT INTO sys_equip VALUES ('63', '108', '1', '虎威破魂戟', '8', '109', '8-7-12|8-8-12|8-402-24');
INSERT INTO sys_equip VALUES ('64', '109', '1', '雷火震天戟', '9', '110', '8-8-22|8-9-22|8-402-48');
INSERT INTO sys_equip VALUES ('65', '110', '1', '化龙擎天戟', '10', '111', '8-9-26|8-10-26|8-402-42|8-403-30');
INSERT INTO sys_equip VALUES ('66', '111', '1', '天龙破城戟', '11', '0', '');
INSERT INTO sys_equip VALUES ('67', '121', '1', '木枪', '1', '122', '8-1-1');
INSERT INTO sys_equip VALUES ('68', '122', '1', '铜枪', '2', '123', '8-2-2');
INSERT INTO sys_equip VALUES ('69', '123', '1', '青铜枪', '3', '124', '8-2-4|8-3-4');
INSERT INTO sys_equip VALUES ('70', '124', '1', '长枪', '4', '125', '8-3-5|8-4-5|8-401-6');
INSERT INTO sys_equip VALUES ('71', '125', '1', '镔铁枪', '5', '126', '8-4-6|8-5-6|8-401-8');
INSERT INTO sys_equip VALUES ('72', '126', '1', '铁脊蛇矛', '6', '127', '8-5-8|8-6-8|8-401-12');
INSERT INTO sys_equip VALUES ('73', '127', '1', '霸王枪', '7', '128', '8-6-10|8-7-10|8-402-10');
INSERT INTO sys_equip VALUES ('74', '128', '1', '神威烈水枪', '8', '129', '8-7-12|8-8-12|8-402-24');
INSERT INTO sys_equip VALUES ('75', '129', '1', '风雪冰魄枪', '9', '130', '8-8-22|8-9-22|8-402-48');
INSERT INTO sys_equip VALUES ('76', '130', '1', '火龙断魂枪', '10', '131', '8-9-26|8-10-26|8-402-42|8-403-30');
INSERT INTO sys_equip VALUES ('77', '131', '1', '沥泉神枪', '11', '0', '');
INSERT INTO sys_equip VALUES ('78', '141', '1', '短统', '1', '142', '8-1-1');
INSERT INTO sys_equip VALUES ('79', '142', '1', '三眼统', '2', '143', '8-2-2');
INSERT INTO sys_equip VALUES ('80', '143', '1', '迅雷火统', '3', '144', '8-2-4|8-3-4');
INSERT INTO sys_equip VALUES ('81', '144', '1', '火绳枪', '4', '145', '8-3-5|8-4-5|8-401-6');
INSERT INTO sys_equip VALUES ('82', '145', '1', '鲁密统', '5', '146', '8-4-6|8-5-6|8-401-8');
INSERT INTO sys_equip VALUES ('83', '146', '1', '燧发枪', '6', '147', '8-5-8|8-6-8|8-401-12');
INSERT INTO sys_equip VALUES ('84', '147', '1', '弗朗机手统', '7', '148', '8-6-10|8-7-10|8-402-10');
INSERT INTO sys_equip VALUES ('85', '148', '1', '迅捷手统', '8', '149', '8-7-12|8-8-12|8-402-24');
INSERT INTO sys_equip VALUES ('86', '149', '1', '忏悔', '9', '150', '8-8-22|8-9-22|8-402-48');
INSERT INTO sys_equip VALUES ('87', '150', '1', '野心', '10', '151', '8-9-26|8-10-26|8-402-42|8-403-30');
INSERT INTO sys_equip VALUES ('88', '151', '1', '裁决', '11', '0', '');
INSERT INTO sys_equip VALUES ('89', '161', '1', '檀木球', '1', '162', '8-1-1');
INSERT INTO sys_equip VALUES ('90', '162', '1', '青铜珠', '2', '163', '8-2-2');
INSERT INTO sys_equip VALUES ('91', '163', '1', '闪光银珠', '3', '164', '8-2-4|8-3-4');
INSERT INTO sys_equip VALUES ('92', '164', '1', '祈福轮', '4', '165', '8-3-5|8-4-5|8-401-6');
INSERT INTO sys_equip VALUES ('93', '165', '1', '法王诵经轮', '5', '166', '8-4-6|8-5-6|8-401-8');
INSERT INTO sys_equip VALUES ('94', '166', '1', '转世经轮', '6', '167', '8-5-8|8-6-8|8-401-12');
INSERT INTO sys_equip VALUES ('95', '167', '1', '光耀戳目珠', '7', '168', '8-6-10|8-7-10|8-402-10');
INSERT INTO sys_equip VALUES ('96', '168', '1', '开天辟地珠', '8', '169', '8-7-12|8-8-12|8-402-24');
INSERT INTO sys_equip VALUES ('97', '169', '1', '混元宝珠', '9', '170', '8-8-22|8-9-22|8-402-48');
INSERT INTO sys_equip VALUES ('98', '170', '1', '立界定海珠', '10', '171', '8-9-26|8-10-26|8-402-42|8-403-30');
INSERT INTO sys_equip VALUES ('99', '171', '1', '日月神珠', '11', '0', '');
INSERT INTO sys_equip VALUES ('100', '181', '1', '木葫芦', '1', '182', '8-1-1');
INSERT INTO sys_equip VALUES ('101', '182', '1', '雕花葫芦', '2', '183', '8-2-2');
INSERT INTO sys_equip VALUES ('102', '183', '1', '符咒葫芦', '3', '184', '8-2-4|8-3-4');
INSERT INTO sys_equip VALUES ('103', '184', '1', '刻印铜葫芦', '4', '185', '8-3-5|8-4-5|8-401-6');
INSERT INTO sys_equip VALUES ('104', '185', '1', '风水葫芦', '5', '186', '8-4-6|8-5-6|8-401-8');
INSERT INTO sys_equip VALUES ('105', '186', '1', '八宝铜葫芦', '6', '187', '8-5-8|8-6-8|8-401-12');
INSERT INTO sys_equip VALUES ('106', '187', '1', '翡翠玉葫', '7', '188', '8-6-10|8-7-10|8-402-10');
INSERT INTO sys_equip VALUES ('107', '188', '1', '玄雷冰葫', '8', '189', '8-7-12|8-8-12|8-402-24');
INSERT INTO sys_equip VALUES ('108', '189', '1', '九九散魄葫芦', '9', '190', '8-8-22|8-9-22|8-402-48');
INSERT INTO sys_equip VALUES ('109', '190', '1', '紫金霹雳葫', '10', '191', '8-9-26|8-10-26|8-402-42|8-403-30');
INSERT INTO sys_equip VALUES ('110', '191', '1', '太极水火葫', '11', '0', '');
INSERT INTO sys_equip VALUES ('111', '201', '1', '纸面扇', '1', '202', '8-1-1');
INSERT INTO sys_equip VALUES ('112', '202', '1', '稠纸扇', '2', '203', '8-2-2');
INSERT INTO sys_equip VALUES ('113', '203', '1', '紫檀木扇', '3', '204', '8-2-4|8-3-4');
INSERT INTO sys_equip VALUES ('114', '204', '1', '清羽扇', '4', '205', '8-3-5|8-4-5|8-401-6');
INSERT INTO sys_equip VALUES ('115', '205', '1', '天鹅尾扇', '5', '206', '8-4-6|8-5-6|8-401-8');
INSERT INTO sys_equip VALUES ('116', '206', '1', '雕翎羽扇', '6', '207', '8-5-8|8-6-8|8-401-12');
INSERT INTO sys_equip VALUES ('117', '207', '1', '疾风扇羽', '7', '208', '8-6-10|8-7-10|8-402-10');
INSERT INTO sys_equip VALUES ('118', '208', '1', '雷切闪羽', '8', '209', '8-7-12|8-8-12|8-402-24');
INSERT INTO sys_equip VALUES ('119', '209', '1', '千羽光翼扇', '9', '210', '8-8-22|8-9-22|8-402-48');
INSERT INTO sys_equip VALUES ('120', '210', '1', '冰晶魔翼扇', '10', '211', '8-9-26|8-10-26|8-402-42|8-403-30');
INSERT INTO sys_equip VALUES ('121', '211', '1', '安倍晴明11', '11', '0', '');
INSERT INTO sys_equip VALUES ('122', '221', '1', '护手双刃', '1', '222', '8-1-1');
INSERT INTO sys_equip VALUES ('123', '222', '1', '刺钩双刀', '2', '223', '8-2-2');
INSERT INTO sys_equip VALUES ('124', '223', '1', '残忍双刃', '3', '224', '8-2-4|8-3-4');
INSERT INTO sys_equip VALUES ('125', '224', '1', '绝情双刀', '4', '225', '8-3-5|8-4-5|8-401-6');
INSERT INTO sys_equip VALUES ('126', '225', '1', '合金双刀', '5', '226', '8-4-6|8-5-6|8-401-8');
INSERT INTO sys_equip VALUES ('127', '226', '1', '高科技合金双刀', '6', '227', '8-5-8|8-6-8|8-401-12');
INSERT INTO sys_equip VALUES ('128', '227', '1', '狂风双刀', '7', '228', '8-6-10|8-7-10|8-402-10');
INSERT INTO sys_equip VALUES ('129', '228', '1', '怒雷双斩刃', '8', '229', '8-7-12|8-8-12|8-402-24');
INSERT INTO sys_equip VALUES ('130', '229', '1', '风雷怒斩双刀', '9', '230', '8-8-22|8-9-22|8-402-48');
INSERT INTO sys_equip VALUES ('131', '230', '1', '月斩.风.雷', '10', '231', '8-9-26|8-10-26|8-402-42|8-403-30');
INSERT INTO sys_equip VALUES ('132', '231', '1', '宫本武藏11', '11', '0', '');
INSERT INTO sys_equip VALUES ('133', '241', '1', '训练短刀', '1', '242', '8-1-1');
INSERT INTO sys_equip VALUES ('134', '242', '1', '小太刀', '2', '243', '8-2-2');
INSERT INTO sys_equip VALUES ('135', '243', '1', '野太刀', '3', '244', '8-2-4|8-3-4');
INSERT INTO sys_equip VALUES ('136', '244', '1', '小乌丸', '4', '245', '8-3-5|8-4-5|8-401-6');
INSERT INTO sys_equip VALUES ('137', '245', '1', '莳绘太刀', '5', '246', '8-4-6|8-5-6|8-401-8');
INSERT INTO sys_equip VALUES ('138', '246', '1', '餝太刀', '6', '247', '8-5-8|8-6-8|8-401-12');
INSERT INTO sys_equip VALUES ('139', '247', '1', '玉缠横刀', '7', '248', '8-6-10|8-7-10|8-402-10');
INSERT INTO sys_equip VALUES ('140', '248', '1', '童子切安纲', '8', '249', '8-7-12|8-8-12|8-402-24');
INSERT INTO sys_equip VALUES ('141', '249', '1', '鬼丸国纲', '9', '250', '8-8-22|8-9-22|8-402-48');
INSERT INTO sys_equip VALUES ('142', '250', '1', '大典太刀', '10', '251', '8-9-26|8-10-26|8-402-42|8-403-30');
INSERT INTO sys_equip VALUES ('143', '251', '1', '织田信长11', '11', '0', '');
INSERT INTO sys_equip VALUES ('144', '261', '1', '木刀', '1', '262', '8-1-1');
INSERT INTO sys_equip VALUES ('145', '262', '1', '训练刀', '2', '263', '8-2-2');
INSERT INTO sys_equip VALUES ('146', '263', '1', '短刀', '3', '264', '8-2-4|8-3-4');
INSERT INTO sys_equip VALUES ('147', '264', '1', '长刀', '4', '265', '8-3-5|8-4-5|8-401-6');
INSERT INTO sys_equip VALUES ('148', '265', '1', '武士刀', '5', '266', '8-4-6|8-5-6|8-401-8');
INSERT INTO sys_equip VALUES ('149', '266', '1', '大太刀', '6', '267', '8-5-8|8-6-8|8-401-12');
INSERT INTO sys_equip VALUES ('150', '267', '1', '天国刃', '7', '268', '8-6-10|8-7-10|8-402-10');
INSERT INTO sys_equip VALUES ('151', '268', '1', '肥前国中吉', '8', '269', '8-7-12|8-8-12|8-402-24');
INSERT INTO sys_equip VALUES ('152', '269', '1', '长船巨刃', '9', '270', '8-8-22|8-9-22|8-402-48');
INSERT INTO sys_equip VALUES ('153', '270', '1', '大般若正宗', '10', '271', '8-9-26|8-10-26|8-402-42|8-403-30');
INSERT INTO sys_equip VALUES ('154', '271', '1', '村正妖刀', '11', '0', '');
INSERT INTO sys_equip VALUES ('155', '281', '1', '水珠', '1', '282', '8-1-1');
INSERT INTO sys_equip VALUES ('156', '282', '1', '紫玉珠', '2', '283', '8-2-2');
INSERT INTO sys_equip VALUES ('157', '283', '1', '暗影丸', '3', '284', '8-2-4|8-3-4');
INSERT INTO sys_equip VALUES ('158', '284', '1', '转经轮', '4', '285', '8-3-5|8-4-5|8-401-6');
INSERT INTO sys_equip VALUES ('159', '285', '1', '炎铜藏经轮', '5', '286', '8-4-6|8-5-6|8-401-8');
INSERT INTO sys_equip VALUES ('160', '286', '1', '舍利子经轮', '6', '287', '8-5-8|8-6-8|8-401-12');
INSERT INTO sys_equip VALUES ('161', '287', '1', '水鲛珠', '7', '288', '8-6-10|8-7-10|8-402-10');
INSERT INTO sys_equip VALUES ('162', '288', '1', '风螺旋丸', '8', '289', '8-7-12|8-8-12|8-402-24');
INSERT INTO sys_equip VALUES ('163', '289', '1', '幻月珠', '9', '290', '8-8-22|8-9-22|8-402-48');
INSERT INTO sys_equip VALUES ('164', '290', '1', '万花螺旋珠', '10', '291', '8-9-26|8-10-26|8-402-42|8-403-30');
INSERT INTO sys_equip VALUES ('165', '291', '1', '辉夜姬11', '11', '0', '');
INSERT INTO sys_equip VALUES ('166', '301', '1', '双短刀', '1', '302', '8-1-1');
INSERT INTO sys_equip VALUES ('167', '302', '1', '蝙蝠双刃', '2', '303', '8-2-2');
INSERT INTO sys_equip VALUES ('168', '303', '1', '大马士革双刀', '3', '304', '8-2-4|8-3-4');
INSERT INTO sys_equip VALUES ('169', '304', '1', '残酷双钩', '4', '305', '8-3-5|8-4-5|8-401-6');
INSERT INTO sys_equip VALUES ('170', '305', '1', '蝎尾毒刃', '5', '306', '8-4-6|8-5-6|8-401-8');
INSERT INTO sys_equip VALUES ('171', '306', '1', '虎牙双刃', '6', '307', '8-5-8|8-6-8|8-401-12');
INSERT INTO sys_equip VALUES ('172', '307', '1', '武士双刀', '7', '308', '8-6-10|8-7-10|8-402-10');
INSERT INTO sys_equip VALUES ('173', '308', '1', '大小太刀', '8', '309', '8-7-12|8-8-12|8-402-24');
INSERT INTO sys_equip VALUES ('174', '309', '1', '秃鹫狂刃', '9', '310', '8-8-22|8-9-22|8-402-48');
INSERT INTO sys_equip VALUES ('175', '310', '1', '蝴蝶刃.影.流', '10', '311', '8-9-26|8-10-26|8-402-42|8-403-30');
INSERT INTO sys_equip VALUES ('176', '311', '1', '雪蓧双刀', '11', '0', '');
INSERT INTO sys_equip VALUES ('177', '321', '1', '短统', '1', '322', '8-1-1');
INSERT INTO sys_equip VALUES ('178', '322', '1', '三眼统', '2', '323', '8-2-2');
INSERT INTO sys_equip VALUES ('179', '323', '1', '迅雷火统', '3', '324', '8-2-4|8-3-4');
INSERT INTO sys_equip VALUES ('180', '324', '1', '火绳枪', '4', '325', '8-3-5|8-4-5|8-401-6');
INSERT INTO sys_equip VALUES ('181', '325', '1', '鲁密统', '5', '326', '8-4-6|8-5-6|8-401-8');
INSERT INTO sys_equip VALUES ('182', '326', '1', '燧发枪', '6', '327', '8-5-8|8-6-8|8-401-12');
INSERT INTO sys_equip VALUES ('183', '327', '1', '弗朗机手统', '7', '328', '8-6-10|8-7-10|8-402-10');
INSERT INTO sys_equip VALUES ('184', '328', '1', '迅捷手统', '8', '329', '8-7-12|8-8-12|8-402-24');
INSERT INTO sys_equip VALUES ('185', '329', '1', '忏悔', '9', '330', '8-8-22|8-9-22|8-402-48');
INSERT INTO sys_equip VALUES ('186', '330', '1', '野心', '10', '331', '8-9-26|8-10-26|8-402-42|8-403-30');
INSERT INTO sys_equip VALUES ('187', '331', '1', '裁决', '11', '0', '');
INSERT INTO sys_equip VALUES ('188', '341', '1', '短剑', '1', '342', '8-1-1');
INSERT INTO sys_equip VALUES ('189', '342', '1', '青铜剑', '2', '343', '8-2-2');
INSERT INTO sys_equip VALUES ('190', '343', '1', '百炼铁剑', '3', '344', '8-2-4|8-3-4');
INSERT INTO sys_equip VALUES ('191', '344', '1', '流星剑', '4', '345', '8-3-5|8-4-5|8-401-6');
INSERT INTO sys_equip VALUES ('192', '345', '1', '含光剑', '5', '346', '8-4-6|8-5-6|8-401-8');
INSERT INTO sys_equip VALUES ('193', '346', '1', '承影剑', '6', '347', '8-5-8|8-6-8|8-401-12');
INSERT INTO sys_equip VALUES ('194', '347', '1', '龙泉宝剑', '7', '348', '8-6-10|8-7-10|8-402-10');
INSERT INTO sys_equip VALUES ('195', '348', '1', '断天青虹剑', '8', '349', '8-7-12|8-8-12|8-402-24');
INSERT INTO sys_equip VALUES ('196', '349', '1', '七星龙渊剑', '9', '350', '8-8-22|8-9-22|8-402-48');
INSERT INTO sys_equip VALUES ('197', '350', '1', '赤霄帝剑', '10', '351', '8-9-26|8-10-26|8-402-42|8-403-30');
INSERT INTO sys_equip VALUES ('198', '351', '1', '轩辕圣剑', '11', '0', '');
INSERT INTO sys_equip VALUES ('199', '361', '1', '短统', '1', '362', '8-1-1');
INSERT INTO sys_equip VALUES ('200', '362', '1', '三眼统', '2', '363', '8-2-2');
INSERT INTO sys_equip VALUES ('201', '363', '1', '迅雷火统', '3', '364', '8-2-4|8-3-4');
INSERT INTO sys_equip VALUES ('202', '364', '1', '火绳枪', '4', '365', '8-3-5|8-4-5|8-401-6');
INSERT INTO sys_equip VALUES ('203', '365', '1', '鲁密统', '5', '366', '8-4-6|8-5-6|8-401-8');
INSERT INTO sys_equip VALUES ('204', '366', '1', '燧发枪', '6', '367', '8-5-8|8-6-8|8-401-12');
INSERT INTO sys_equip VALUES ('205', '367', '1', '弗朗机手统', '7', '368', '8-6-10|8-7-10|8-402-10');
INSERT INTO sys_equip VALUES ('206', '368', '1', '迅捷手统', '8', '369', '8-7-12|8-8-12|8-402-24');
INSERT INTO sys_equip VALUES ('207', '369', '1', '忏悔', '9', '370', '8-8-22|8-9-22|8-402-48');
INSERT INTO sys_equip VALUES ('208', '370', '1', '野心', '10', '371', '8-9-26|8-10-26|8-402-42|8-403-30');
INSERT INTO sys_equip VALUES ('209', '371', '1', '裁决', '11', '0', '');
INSERT INTO sys_equip VALUES ('210', '381', '1', '一休1', '1', '382', '8-1-1');
INSERT INTO sys_equip VALUES ('211', '382', '1', '一休2', '2', '383', '8-2-2');
INSERT INTO sys_equip VALUES ('212', '383', '1', '一休3', '3', '384', '8-2-4|8-3-4');
INSERT INTO sys_equip VALUES ('213', '384', '1', '一休4', '4', '385', '8-3-5|8-4-5|8-401-6');
INSERT INTO sys_equip VALUES ('214', '385', '1', '一休5', '5', '386', '8-4-6|8-5-6|8-401-8');
INSERT INTO sys_equip VALUES ('215', '386', '1', '一休6', '6', '387', '8-5-8|8-6-8|8-401-12');
INSERT INTO sys_equip VALUES ('216', '387', '1', '一休7', '7', '388', '8-6-10|8-7-10|8-402-10');
INSERT INTO sys_equip VALUES ('217', '388', '1', '一休8', '8', '389', '8-7-12|8-8-12|8-402-24');
INSERT INTO sys_equip VALUES ('218', '389', '1', '一休9', '9', '390', '8-8-22|8-9-22|8-402-48');
INSERT INTO sys_equip VALUES ('219', '390', '1', '一休10', '10', '391', '8-9-26|8-10-26|8-402-42|8-403-30');
INSERT INTO sys_equip VALUES ('220', '391', '1', '一休11', '11', '0', '');
INSERT INTO sys_equip VALUES ('221', '401', '1', '拳刀', '1', '402', '8-1-1');
INSERT INTO sys_equip VALUES ('222', '402', '1', '指虎', '2', '403', '8-2-2');
INSERT INTO sys_equip VALUES ('223', '403', '1', '霸指虎', '3', '404', '8-2-4|8-3-4');
INSERT INTO sys_equip VALUES ('224', '404', '1', '隼爪', '4', '405', '8-3-5|8-4-5|8-401-6');
INSERT INTO sys_equip VALUES ('225', '405', '1', '鹰爪', '5', '406', '8-4-6|8-5-6|8-401-8');
INSERT INTO sys_equip VALUES ('226', '406', '1', '猛禽之王', '6', '407', '8-5-8|8-6-8|8-401-12');
INSERT INTO sys_equip VALUES ('227', '407', '1', '猛臂铠', '7', '408', '8-6-10|8-7-10|8-402-10');
INSERT INTO sys_equip VALUES ('228', '408', '1', '崩碎铠', '8', '409', '8-7-12|8-8-12|8-402-24');
INSERT INTO sys_equip VALUES ('229', '409', '1', '熊狮铠', '9', '410', '8-8-22|8-9-22|8-402-48');
INSERT INTO sys_equip VALUES ('230', '410', '1', '龙鳞铠', '10', '411', '8-9-26|8-10-26|8-402-42|8-403-30');
INSERT INTO sys_equip VALUES ('231', '411', '1', '阎王', '11', '0', '');
INSERT INTO sys_equip VALUES ('232', '421', '1', '板斧', '1', '422', '8-1-1');
INSERT INTO sys_equip VALUES ('233', '422', '1', '大斧', '2', '423', '8-2-2');
INSERT INTO sys_equip VALUES ('234', '423', '1', '双手斧', '3', '424', '8-2-4|8-3-4');
INSERT INTO sys_equip VALUES ('235', '424', '1', '荒芜', '4', '425', '8-3-5|8-4-5|8-401-6');
INSERT INTO sys_equip VALUES ('236', '425', '1', '梦魇', '5', '426', '8-4-6|8-5-6|8-401-8');
INSERT INTO sys_equip VALUES ('237', '426', '1', '深海', '6', '427', '8-5-8|8-6-8|8-401-12');
INSERT INTO sys_equip VALUES ('238', '427', '1', '崩山', '7', '428', '8-6-10|8-7-10|8-402-10');
INSERT INTO sys_equip VALUES ('239', '428', '1', '裂谷', '8', '429', '8-7-12|8-8-12|8-402-24');
INSERT INTO sys_equip VALUES ('240', '429', '1', '山怒', '9', '430', '8-8-22|8-9-22|8-402-48');
INSERT INTO sys_equip VALUES ('241', '430', '1', '断崖', '10', '431', '8-9-26|8-10-26|8-402-42|8-403-30');
INSERT INTO sys_equip VALUES ('242', '431', '1', '修罗', '11', '0', '');
INSERT INTO sys_equip VALUES ('243', '2001', '2', '铜质项链', '1', '2002', '8-21-1');
INSERT INTO sys_equip VALUES ('244', '2002', '2', '兽牙项圈', '2', '2003', '8-22-2');
INSERT INTO sys_equip VALUES ('245', '2003', '2', '虎牙项圈', '3', '2004', '8-22-4|8-23-3');
INSERT INTO sys_equip VALUES ('246', '2004', '2', '朴素的珍珠项链', '4', '2005', '8-23-4|8-24-4|8-401-6');
INSERT INTO sys_equip VALUES ('247', '2005', '2', '彩色珍珠项链', '5', '2006', '8-24-5|8-25-5|8-401-7');
INSERT INTO sys_equip VALUES ('248', '2006', '2', '闪耀金珍珠项链', '6', '2007', '8-25-7|8-26-7|8-401-10');
INSERT INTO sys_equip VALUES ('249', '2007', '2', '赤炎勇气项链', '7', '2008', '8-26-9|8-27-9|8-402-9');
INSERT INTO sys_equip VALUES ('250', '2008', '2', '狂热野性项链', '8', '2009', '8-27-10|8-28-10|8-402-18');
INSERT INTO sys_equip VALUES ('251', '2009', '2', '血魄蛮力项链', '9', '2010', '8-28-20|8-29-20|8-402-40');
INSERT INTO sys_equip VALUES ('252', '2010', '2', '护卫者项链', '10', '2011', '8-29-23|8-30-23|8-402-36|8-403-24');
INSERT INTO sys_equip VALUES ('253', '2011', '2', '守护光芒项链', '11', '0', '');
INSERT INTO sys_equip VALUES ('254', '2021', '2', '铜质铭牌项链', '1', '2022', '8-21-1');
INSERT INTO sys_equip VALUES ('255', '2022', '2', '兽骨项圈', '2', '2023', '8-22-2');
INSERT INTO sys_equip VALUES ('256', '2023', '2', '犬牙项圈', '3', '2024', '8-22-4|8-23-3');
INSERT INTO sys_equip VALUES ('257', '2024', '2', '珍珠坠饰', '4', '2025', '8-23-4|8-24-4|8-401-6');
INSERT INTO sys_equip VALUES ('258', '2025', '2', '彩色珍珠坠饰', '5', '2026', '8-24-5|8-25-5|8-401-7');
INSERT INTO sys_equip VALUES ('259', '2026', '2', '金色珍珠吊坠', '6', '2027', '8-25-7|8-26-7|8-401-10');
INSERT INTO sys_equip VALUES ('260', '2027', '2', '烈炎项链', '7', '2028', '8-26-9|8-27-9|8-402-9');
INSERT INTO sys_equip VALUES ('261', '2028', '2', '狂野吊坠', '8', '2029', '8-27-10|8-28-10|8-402-18');
INSERT INTO sys_equip VALUES ('262', '2029', '2', '魔能项圈', '9', '2030', '8-28-20|8-29-20|8-402-40');
INSERT INTO sys_equip VALUES ('263', '2030', '2', '雷光坠饰', '10', '2031', '8-29-23|8-30-23|8-402-36|8-403-24');
INSERT INTO sys_equip VALUES ('264', '2031', '2', '涅槃项链', '11', '0', '');
INSERT INTO sys_equip VALUES ('265', '2041', '2', '简陋的项链', '1', '2042', '8-21-1');
INSERT INTO sys_equip VALUES ('266', '2042', '2', '兽爪项圈', '2', '2043', '8-22-2');
INSERT INTO sys_equip VALUES ('267', '2043', '2', '虎爪项圈', '3', '2044', '8-22-4|8-23-3');
INSERT INTO sys_equip VALUES ('268', '2044', '2', '锐利尖石吊坠', '4', '2045', '8-23-4|8-24-4|8-401-6');
INSERT INTO sys_equip VALUES ('269', '2045', '2', '闪光宝石吊坠', '5', '2046', '8-24-5|8-25-5|8-401-7');
INSERT INTO sys_equip VALUES ('270', '2046', '2', '坚硬钻石吊坠', '6', '2047', '8-25-7|8-26-7|8-401-10');
INSERT INTO sys_equip VALUES ('271', '2047', '2', '灵巧项链', '7', '2048', '8-26-9|8-27-9|8-402-9');
INSERT INTO sys_equip VALUES ('272', '2048', '2', '追捕项链', '8', '2049', '8-27-10|8-28-10|8-402-18');
INSERT INTO sys_equip VALUES ('273', '2049', '2', '狂野追踪项链', '9', '2050', '8-28-20|8-29-20|8-402-40');
INSERT INTO sys_equip VALUES ('274', '2050', '2', '风行者项链', '10', '2051', '8-29-23|8-30-23|8-402-36|8-403-24');
INSERT INTO sys_equip VALUES ('275', '2051', '2', '风神之拥项链', '11', '0', '');
INSERT INTO sys_equip VALUES ('276', '2061', '2', '铭文铜项链', '1', '2062', '8-21-1');
INSERT INTO sys_equip VALUES ('277', '2062', '2', '秘银项圈', '2', '2063', '8-22-2');
INSERT INTO sys_equip VALUES ('278', '2063', '2', '密银符文项圈', '3', '2064', '8-22-4|8-23-3');
INSERT INTO sys_equip VALUES ('279', '2064', '2', '神秘的珍珠项链', '4', '2065', '8-23-4|8-24-4|8-401-6');
INSERT INTO sys_equip VALUES ('280', '2065', '2', '多彩珍珠项链', '5', '2066', '8-24-5|8-25-5|8-401-7');
INSERT INTO sys_equip VALUES ('281', '2066', '2', '秘法珍珠项链', '6', '2067', '8-25-7|8-26-7|8-401-10');
INSERT INTO sys_equip VALUES ('282', '2067', '2', '部族诅咒项链', '7', '2068', '8-26-9|8-27-9|8-402-9');
INSERT INTO sys_equip VALUES ('283', '2068', '2', '远古奥秘项链', '8', '2069', '8-27-10|8-28-10|8-402-18');
INSERT INTO sys_equip VALUES ('284', '2069', '2', '死亡低语项链', '9', '2070', '8-28-20|8-29-20|8-402-40');
INSERT INTO sys_equip VALUES ('285', '2070', '2', '噩梦项链', '10', '2071', '8-29-23|8-30-23|8-402-36|8-403-24');
INSERT INTO sys_equip VALUES ('286', '2071', '2', '奥秘闪光项链', '11', '0', '');
INSERT INTO sys_equip VALUES ('287', '2081', '2', '符文铜项链', '1', '2082', '8-21-1');
INSERT INTO sys_equip VALUES ('288', '2082', '2', '春雨水晶坠饰', '2', '2083', '8-22-2');
INSERT INTO sys_equip VALUES ('289', '2083', '2', '荣光坠饰', '3', '2084', '8-22-4|8-23-3');
INSERT INTO sys_equip VALUES ('290', '2084', '2', '光洁珍珠吊坠', '4', '2085', '8-23-4|8-24-4|8-401-6');
INSERT INTO sys_equip VALUES ('291', '2085', '2', '上古贝壳坠饰', '5', '2086', '8-24-5|8-25-5|8-401-7');
INSERT INTO sys_equip VALUES ('292', '2086', '2', '苦修者吊坠', '6', '2087', '8-25-7|8-26-7|8-401-10');
INSERT INTO sys_equip VALUES ('293', '2087', '2', '圣洁治愈坠饰', '7', '2088', '8-26-9|8-27-9|8-402-9');
INSERT INTO sys_equip VALUES ('294', '2088', '2', '无暇护佑吊坠', '8', '2089', '8-27-10|8-28-10|8-402-18');
INSERT INTO sys_equip VALUES ('295', '2089', '2', '光耀吊坠', '9', '2090', '8-28-20|8-29-20|8-402-40');
INSERT INTO sys_equip VALUES ('296', '2090', '2', '高尚者吊坠', '10', '2091', '8-29-23|8-30-23|8-402-36|8-403-24');
INSERT INTO sys_equip VALUES ('297', '2091', '2', '圣光守护坠饰', '11', '0', '');
INSERT INTO sys_equip VALUES ('298', '3001', '3', '坚硬铁战甲', '1', '3002', '8-41-1');
INSERT INTO sys_equip VALUES ('299', '3002', '3', '士兵战甲', '2', '3003', '8-42-2');
INSERT INTO sys_equip VALUES ('300', '3003', '3', '尊贵护甲', '3', '3004', '8-42-3|8-43-3');
INSERT INTO sys_equip VALUES ('301', '3004', '3', '堡垒卫士铠甲', '4', '3005', '8-43-3|8-44-3|8-401-4');
INSERT INTO sys_equip VALUES ('302', '3005', '3', '战争使者护甲', '5', '3006', '8-44-4|8-45-4|8-401-6');
INSERT INTO sys_equip VALUES ('303', '3006', '3', '远古君王战甲', '6', '3007', '8-45-8|8-46-8|8-401-6');
INSERT INTO sys_equip VALUES ('304', '3007', '3', '狂怒英勇战衣', '7', '3008', '8-46-8|8-47-8|8-402-4');
INSERT INTO sys_equip VALUES ('305', '3008', '3', '无畏征服者战甲', '8', '3009', '8-47-12|8-48-12|8-402-12');
INSERT INTO sys_equip VALUES ('306', '3009', '3', '邪血霸主铠甲', '9', '3010', '8-48-24|8-49-24|8-402-26');
INSERT INTO sys_equip VALUES ('307', '3010', '3', '雷霆堡垒战甲', '10', '3011', '8-49-18|8-50-18|8-402-20|8-403-26');
INSERT INTO sys_equip VALUES ('308', '3011', '3', '正义仲裁铠甲', '11', '0', '');
INSERT INTO sys_equip VALUES ('309', '3021', '3', '染尘的锁护甲', '1', '3022', '8-41-1');
INSERT INTO sys_equip VALUES ('310', '3022', '3', '游侠新手护甲', '2', '3023', '8-42-2');
INSERT INTO sys_equip VALUES ('311', '3023', '3', '探路者护甲', '3', '3024', '8-42-3|8-43-3');
INSERT INTO sys_equip VALUES ('312', '3024', '3', '银鳞链甲', '4', '3025', '8-43-3|8-44-3|8-401-4');
INSERT INTO sys_equip VALUES ('313', '3025', '3', '镀金银链甲', '5', '3026', '8-44-4|8-45-4|8-401-6');
INSERT INTO sys_equip VALUES ('314', '3026', '3', '邪恶龙鳞链甲', '6', '3027', '8-45-8|8-46-8|8-401-6');
INSERT INTO sys_equip VALUES ('315', '3027', '3', '不懈防御护甲', '7', '3028', '8-46-8|8-47-8|8-402-4');
INSERT INTO sys_equip VALUES ('316', '3028', '3', '疾风追猎者链甲', '8', '3029', '8-47-12|8-48-12|8-402-12');
INSERT INTO sys_equip VALUES ('317', '3029', '3', '尖啸者护甲', '9', '3030', '8-48-24|8-49-24|8-402-26');
INSERT INTO sys_equip VALUES ('318', '3030', '3', '无情暴君护甲', '10', '3031', '8-49-18|8-50-18|8-402-20|8-403-26');
INSERT INTO sys_equip VALUES ('319', '3031', '3', '浴火凤凰护甲', '11', '0', '');
INSERT INTO sys_equip VALUES ('320', '3041', '3', '硬皮外套', '1', '3042', '8-41-1');
INSERT INTO sys_equip VALUES ('321', '3042', '3', '猎手皮衣', '2', '3043', '8-42-2');
INSERT INTO sys_equip VALUES ('322', '3043', '3', '游牧者外套', '3', '3044', '8-42-3|8-43-3');
INSERT INTO sys_equip VALUES ('323', '3044', '3', '染血的皮外衣', '4', '3045', '8-43-3|8-44-3|8-401-4');
INSERT INTO sys_equip VALUES ('324', '3045', '3', '畸形蟒皮外套', '5', '3046', '8-44-4|8-45-4|8-401-6');
INSERT INTO sys_equip VALUES ('325', '3046', '3', '狂躁野兽外衣', '6', '3047', '8-45-8|8-46-8|8-401-6');
INSERT INTO sys_equip VALUES ('326', '3047', '3', '狩猎者皮衣', '7', '3048', '8-46-8|8-47-8|8-402-4');
INSERT INTO sys_equip VALUES ('327', '3048', '3', '咆哮兽王外套', '8', '3049', '8-47-12|8-48-12|8-402-12');
INSERT INTO sys_equip VALUES ('328', '3049', '3', '追猎者皮衣', '9', '3050', '8-48-24|8-49-24|8-402-26');
INSERT INTO sys_equip VALUES ('329', '3050', '3', '疾风巨龙外套', '10', '3051', '8-49-18|8-50-18|8-402-20|8-403-26');
INSERT INTO sys_equip VALUES ('330', '3051', '3', '胜利斗士战衣', '11', '0', '');
INSERT INTO sys_equip VALUES ('331', '3061', '3', '手织长袍', '1', '3062', '8-41-1');
INSERT INTO sys_equip VALUES ('332', '3062', '3', '冰雾法袍', '2', '3063', '8-42-2');
INSERT INTO sys_equip VALUES ('333', '3063', '3', '缚魂者长袍', '3', '3064', '8-42-3|8-43-3');
INSERT INTO sys_equip VALUES ('334', '3064', '3', '学者外套', '4', '3065', '8-43-3|8-44-3|8-401-4');
INSERT INTO sys_equip VALUES ('335', '3065', '3', '虚空法袍', '5', '3066', '8-44-4|8-45-4|8-401-6');
INSERT INTO sys_equip VALUES ('336', '3066', '3', '无尽黑夜法袍', '6', '3067', '8-45-8|8-46-8|8-401-6');
INSERT INTO sys_equip VALUES ('337', '3067', '3', '精神冲击长袍', '7', '3068', '8-46-8|8-47-8|8-402-4');
INSERT INTO sys_equip VALUES ('338', '3068', '3', '巨龙束缚长袍', '8', '3069', '8-47-12|8-48-12|8-402-12');
INSERT INTO sys_equip VALUES ('339', '3069', '3', '背叛者法袍', '9', '3070', '8-48-24|8-49-24|8-402-26');
INSERT INTO sys_equip VALUES ('340', '3070', '3', '时空梦魇法袍', '10', '3071', '8-49-18|8-50-18|8-402-20|8-403-26');
INSERT INTO sys_equip VALUES ('341', '3071', '3', '邪神毁灭者法袍', '11', '0', '');
INSERT INTO sys_equip VALUES ('342', '3081', '3', '手工长袍', '1', '3082', '8-41-1');
INSERT INTO sys_equip VALUES ('343', '3082', '3', '贤者长袍', '2', '3083', '8-42-2');
INSERT INTO sys_equip VALUES ('344', '3083', '3', '救赎者长袍', '3', '3084', '8-42-3|8-43-3');
INSERT INTO sys_equip VALUES ('345', '3084', '3', '预言者长袍', '4', '3085', '8-43-3|8-44-3|8-401-4');
INSERT INTO sys_equip VALUES ('346', '3085', '3', '虔诚法袍', '5', '3086', '8-44-4|8-45-4|8-401-6');
INSERT INTO sys_equip VALUES ('347', '3086', '3', '振奋长袍', '6', '3087', '8-45-8|8-46-8|8-401-6');
INSERT INTO sys_equip VALUES ('348', '3087', '3', '忠诚信仰长袍', '7', '3088', '8-46-8|8-47-8|8-402-4');
INSERT INTO sys_equip VALUES ('349', '3088', '3', '赦免审判长袍', '8', '3089', '8-47-12|8-48-12|8-402-12');
INSERT INTO sys_equip VALUES ('350', '3089', '3', '忏悔者法袍', '9', '3090', '8-48-24|8-49-24|8-402-26');
INSERT INTO sys_equip VALUES ('351', '3090', '3', '无尽智慧法袍', '10', '3091', '8-49-18|8-50-18|8-402-20|8-403-26');
INSERT INTO sys_equip VALUES ('352', '3091', '3', '神圣使徒长袍', '11', '0', '');
INSERT INTO sys_equip VALUES ('353', '4001', '4', '牢固的铁腰带', '1', '4002', '8-61-1');
INSERT INTO sys_equip VALUES ('354', '4002', '4', '战士腰带', '2', '4003', '8-62-2');
INSERT INTO sys_equip VALUES ('355', '4003', '4', '贵重的腰带', '3', '4004', '8-62-3|8-63-3');
INSERT INTO sys_equip VALUES ('356', '4004', '4', '坚强卫士腰带', '4', '4005', '8-63-3|8-64-3|8-401-4');
INSERT INTO sys_equip VALUES ('357', '4005', '4', '胜利者腰带', '5', '4006', '8-64-4|8-65-4|8-401-6');
INSERT INTO sys_equip VALUES ('358', '4006', '4', '远古王者腰带', '6', '4007', '8-65-8|8-66-8|8-401-6');
INSERT INTO sys_equip VALUES ('359', '4007', '4', '英勇腰带', '7', '4008', '8-66-8|8-67-8|8-402-4');
INSERT INTO sys_equip VALUES ('360', '4008', '4', '征服者腰带', '8', '4009', '8-67-12|8-68-12|8-402-12');
INSERT INTO sys_equip VALUES ('361', '4009', '4', '邪血腰带', '9', '4010', '8-68-24|8-69-24|8-402-26');
INSERT INTO sys_equip VALUES ('362', '4010', '4', '壁垒腰带', '10', '4011', '8-69-18|8-70-18|8-402-20|8-403-26');
INSERT INTO sys_equip VALUES ('363', '4011', '4', '正义仲裁腰带', '11', '0', '');
INSERT INTO sys_equip VALUES ('364', '4021', '4', '破旧的链甲护腰', '1', '4022', '8-61-1');
INSERT INTO sys_equip VALUES ('365', '4022', '4', '游侠新兵腰带', '2', '4023', '8-62-2');
INSERT INTO sys_equip VALUES ('366', '4023', '4', '探索者腰带', '3', '4024', '8-62-3|8-63-3');
INSERT INTO sys_equip VALUES ('367', '4024', '4', '银色铜腰带', '4', '4025', '8-63-3|8-64-3|8-401-4');
INSERT INTO sys_equip VALUES ('368', '4025', '4', '镀金链甲腰带', '5', '4026', '8-64-4|8-65-4|8-401-6');
INSERT INTO sys_equip VALUES ('369', '4026', '4', '邪恶龙鳞腰带', '6', '4027', '8-65-8|8-66-8|8-401-6');
INSERT INTO sys_equip VALUES ('370', '4027', '4', '防御者腰带', '7', '4028', '8-66-8|8-67-8|8-402-4');
INSERT INTO sys_equip VALUES ('371', '4028', '4', '风之猎手腰带', '8', '4029', '8-67-12|8-68-12|8-402-12');
INSERT INTO sys_equip VALUES ('372', '4029', '4', '嚎叫者腰带', '9', '4030', '8-68-24|8-69-24|8-402-26');
INSERT INTO sys_equip VALUES ('373', '4030', '4', '无情打击腰带', '10', '4031', '8-69-18|8-70-18|8-402-20|8-403-26');
INSERT INTO sys_equip VALUES ('374', '4031', '4', '浴火重生腰带', '11', '0', '');
INSERT INTO sys_equip VALUES ('375', '4041', '4', '硬皮腰带', '1', '4042', '8-61-1');
INSERT INTO sys_equip VALUES ('376', '4042', '4', '猎人皮带', '2', '4043', '8-62-2');
INSERT INTO sys_equip VALUES ('377', '4043', '4', '游牧者腰带', '3', '4044', '8-62-3|8-63-3');
INSERT INTO sys_equip VALUES ('378', '4044', '4', '染血的皮腰带', '4', '4045', '8-63-3|8-64-3|8-401-4');
INSERT INTO sys_equip VALUES ('379', '4045', '4', '畸形蟒皮腰带', '5', '4046', '8-64-4|8-65-4|8-401-6');
INSERT INTO sys_equip VALUES ('380', '4046', '4', '暴躁野兽皮带', '6', '4047', '8-65-8|8-66-8|8-401-6');
INSERT INTO sys_equip VALUES ('381', '4047', '4', '狩猎者腰带', '7', '4048', '8-66-8|8-67-8|8-402-4');
INSERT INTO sys_equip VALUES ('382', '4048', '4', '咆哮兽王腰带', '8', '4049', '8-67-12|8-68-12|8-402-12');
INSERT INTO sys_equip VALUES ('383', '4049', '4', '追猎者腰带', '9', '4050', '8-68-24|8-69-24|8-402-26');
INSERT INTO sys_equip VALUES ('384', '4050', '4', '疾风巨龙束带', '10', '4051', '8-69-18|8-70-18|8-402-20|8-403-26');
INSERT INTO sys_equip VALUES ('385', '4051', '4', '胜利斗士腰带', '11', '0', '');
INSERT INTO sys_equip VALUES ('386', '4061', '4', '丝质腰带', '1', '4062', '8-61-1');
INSERT INTO sys_equip VALUES ('387', '4062', '4', '冰雾腰带', '2', '4063', '8-62-2');
INSERT INTO sys_equip VALUES ('388', '4063', '4', '缚魂者腰带', '3', '4064', '8-62-3|8-63-3');
INSERT INTO sys_equip VALUES ('389', '4064', '4', '学者的知识束带', '4', '4065', '8-63-3|8-64-3|8-401-4');
INSERT INTO sys_equip VALUES ('390', '4065', '4', '虚空腰带', '5', '4066', '8-64-4|8-65-4|8-401-6');
INSERT INTO sys_equip VALUES ('391', '4066', '4', '无尽黑夜腰带', '6', '4067', '8-65-8|8-66-8|8-401-6');
INSERT INTO sys_equip VALUES ('392', '4067', '4', '精神打击腰带', '7', '4068', '8-66-8|8-67-8|8-402-4');
INSERT INTO sys_equip VALUES ('393', '4068', '4', '巨龙束缚腰带', '8', '4069', '8-67-12|8-68-12|8-402-12');
INSERT INTO sys_equip VALUES ('394', '4069', '4', '背叛者腰带', '9', '4070', '8-68-24|8-69-24|8-402-26');
INSERT INTO sys_equip VALUES ('395', '4070', '4', '时空梦魇腰带', '10', '4071', '8-69-18|8-70-18|8-402-20|8-403-26');
INSERT INTO sys_equip VALUES ('396', '4071', '4', '邪神封印者腰带', '11', '0', '');
INSERT INTO sys_equip VALUES ('397', '4081', '4', '丝绸腰带', '1', '4082', '8-61-1');
INSERT INTO sys_equip VALUES ('398', '4082', '4', '贤者腰带', '2', '4083', '8-62-2');
INSERT INTO sys_equip VALUES ('399', '4083', '4', '救赎者腰带', '3', '4084', '8-62-3|8-63-3');
INSERT INTO sys_equip VALUES ('400', '4084', '4', '预言束带', '4', '4085', '8-63-3|8-64-3|8-401-4');
INSERT INTO sys_equip VALUES ('401', '4085', '4', '虔诚腰带', '5', '4086', '8-64-4|8-65-4|8-401-6');
INSERT INTO sys_equip VALUES ('402', '4086', '4', '振奋腰带', '6', '4087', '8-65-8|8-66-8|8-401-6');
INSERT INTO sys_equip VALUES ('403', '4087', '4', '忠诚信仰腰带', '7', '4088', '8-66-8|8-67-8|8-402-4');
INSERT INTO sys_equip VALUES ('404', '4088', '4', '赦免审判腰带', '8', '4089', '8-67-12|8-68-12|8-402-12');
INSERT INTO sys_equip VALUES ('405', '4089', '4', '忏悔者束带', '9', '4090', '8-68-24|8-69-24|8-402-26');
INSERT INTO sys_equip VALUES ('406', '4090', '4', '无尽智慧束带', '10', '4091', '8-69-18|8-70-18|8-402-20|8-403-26');
INSERT INTO sys_equip VALUES ('407', '4091', '4', '神圣使徒腰带', '11', '0', '');
INSERT INTO sys_equip VALUES ('408', '5001', '5', '简陋的铜戒指', '1', '5002', '8-81-1');
INSERT INTO sys_equip VALUES ('409', '5002', '5', '兽爪戒指', '2', '5003', '8-82-2');
INSERT INTO sys_equip VALUES ('410', '5003', '5', '虎趾戒指', '3', '5004', '8-82-4|8-83-3');
INSERT INTO sys_equip VALUES ('411', '5004', '5', '绿松石戒指', '4', '5005', '8-83-4|8-84-4|8-401-6');
INSERT INTO sys_equip VALUES ('412', '5005', '5', '坚硬宝石戒指', '5', '5006', '8-84-5|8-85-5|8-401-7');
INSERT INTO sys_equip VALUES ('413', '5006', '5', '璀璨钻石戒指', '6', '5007', '8-85-7|8-86-7|8-401-10');
INSERT INTO sys_equip VALUES ('414', '5007', '5', '蛮力戒指', '7', '5008', '8-86-9|8-87-9|8-402-9');
INSERT INTO sys_equip VALUES ('415', '5008', '5', '狂热指环', '8', '5009', '8-87-10|8-88-10|8-402-18');
INSERT INTO sys_equip VALUES ('416', '5009', '5', '血誓戒指', '9', '5010', '8-88-20|8-89-20|8-402-40');
INSERT INTO sys_equip VALUES ('417', '5010', '5', '护卫者戒指', '10', '5011', '8-89-23|8-90-23|8-402-36|8-403-24');
INSERT INTO sys_equip VALUES ('418', '5011', '5', '守护光芒指环', '11', '0', '');
INSERT INTO sys_equip VALUES ('419', '5021', '5', '铜指环', '1', '5022', '8-81-1');
INSERT INTO sys_equip VALUES ('420', '5022', '5', '兽骨戒指', '2', '5023', '8-82-2');
INSERT INTO sys_equip VALUES ('421', '5023', '5', '犬牙指环', '3', '5024', '8-82-4|8-83-3');
INSERT INTO sys_equip VALUES ('422', '5024', '5', '蓝宝石戒指', '4', '5025', '8-83-4|8-84-4|8-401-6');
INSERT INTO sys_equip VALUES ('423', '5025', '5', '坚锐宝石戒指', '5', '5026', '8-84-5|8-85-5|8-401-7');
INSERT INTO sys_equip VALUES ('424', '5026', '5', '耀眼钻石戒指', '6', '5027', '8-85-7|8-86-7|8-401-10');
INSERT INTO sys_equip VALUES ('425', '5027', '5', '烈炎戒指', '7', '5028', '8-86-9|8-87-9|8-402-9');
INSERT INTO sys_equip VALUES ('426', '5028', '5', '狂野指环', '8', '5029', '8-87-10|8-88-10|8-402-18');
INSERT INTO sys_equip VALUES ('427', '5029', '5', '魔能戒指', '9', '5030', '8-88-20|8-89-20|8-402-40');
INSERT INTO sys_equip VALUES ('428', '5030', '5', '引雷戒指', '10', '5031', '8-89-23|8-90-23|8-402-36|8-403-24');
INSERT INTO sys_equip VALUES ('429', '5031', '5', '神之指环', '11', '0', '');
INSERT INTO sys_equip VALUES ('430', '5041', '5', '破损的戒指', '1', '5042', '8-81-1');
INSERT INTO sys_equip VALUES ('431', '5042', '5', '利爪戒指', '2', '5043', '8-82-2');
INSERT INTO sys_equip VALUES ('432', '5043', '5', '猎豹指环', '3', '5044', '8-82-4|8-83-3');
INSERT INTO sys_equip VALUES ('433', '5044', '5', '尖石戒指', '4', '5045', '8-83-4|8-84-4|8-401-6');
INSERT INTO sys_equip VALUES ('434', '5045', '5', '闪光宝石戒指', '5', '5046', '8-84-5|8-85-5|8-401-7');
INSERT INTO sys_equip VALUES ('435', '5046', '5', '坚硬钻石戒指', '6', '5047', '8-85-7|8-86-7|8-401-10');
INSERT INTO sys_equip VALUES ('436', '5047', '5', '灵巧戒指', '7', '5048', '8-86-9|8-87-9|8-402-9');
INSERT INTO sys_equip VALUES ('437', '5048', '5', '追捕指环', '8', '5049', '8-87-10|8-88-10|8-402-18');
INSERT INTO sys_equip VALUES ('438', '5049', '5', '狂野追踪戒指', '9', '5050', '8-88-20|8-89-20|8-402-40');
INSERT INTO sys_equip VALUES ('439', '5050', '5', '风行者之戒', '10', '5051', '8-89-23|8-90-23|8-402-36|8-403-24');
INSERT INTO sys_equip VALUES ('440', '5051', '5', '风神之拥指环', '11', '0', '');
INSERT INTO sys_equip VALUES ('441', '5061', '5', '铭文戒指', '1', '5062', '8-81-1');
INSERT INTO sys_equip VALUES ('442', '5062', '5', '恶念指环', '2', '5063', '8-82-2');
INSERT INTO sys_equip VALUES ('443', '5063', '5', '邪恶凝视指环', '3', '5064', '8-82-4|8-83-3');
INSERT INTO sys_equip VALUES ('444', '5064', '5', '红宝石指环', '4', '5065', '8-83-4|8-84-4|8-401-6');
INSERT INTO sys_equip VALUES ('445', '5065', '5', '铭刻宝石指环', '5', '5066', '8-84-5|8-85-5|8-401-7');
INSERT INTO sys_equip VALUES ('446', '5066', '5', '闪耀钻石指环', '6', '5067', '8-85-7|8-86-7|8-401-10');
INSERT INTO sys_equip VALUES ('447', '5067', '5', '禁言指环', '7', '5068', '8-86-9|8-87-9|8-402-9');
INSERT INTO sys_equip VALUES ('448', '5068', '5', '疯狂奥秘指环', '8', '5069', '8-87-10|8-88-10|8-402-18');
INSERT INTO sys_equip VALUES ('449', '5069', '5', '亡者嚎哭戒指', '9', '5070', '8-88-20|8-89-20|8-402-40');
INSERT INTO sys_equip VALUES ('450', '5070', '5', '梦魇指环', '10', '5071', '8-89-23|8-90-23|8-402-36|8-403-24');
INSERT INTO sys_equip VALUES ('451', '5071', '5', '神之怒火指环', '11', '0', '');
INSERT INTO sys_equip VALUES ('452', '5081', '5', '符印指环', '1', '5082', '8-81-1');
INSERT INTO sys_equip VALUES ('453', '5082', '5', '春雨戒指', '2', '5083', '8-82-2');
INSERT INTO sys_equip VALUES ('454', '5083', '5', '荣光指环', '3', '5084', '8-82-4|8-83-3');
INSERT INTO sys_equip VALUES ('455', '5084', '5', '水晶指环', '4', '5085', '8-83-4|8-84-4|8-401-6');
INSERT INTO sys_equip VALUES ('456', '5085', '5', '闪光晶石戒指', '5', '5086', '8-84-5|8-85-5|8-401-7');
INSERT INTO sys_equip VALUES ('457', '5086', '5', '苦修者指环', '6', '5087', '8-85-7|8-86-7|8-401-10');
INSERT INTO sys_equip VALUES ('458', '5087', '5', '圣洁治愈指环', '7', '5088', '8-86-9|8-87-9|8-402-9');
INSERT INTO sys_equip VALUES ('459', '5088', '5', '无暇护佑指环', '8', '5089', '8-87-10|8-88-10|8-402-18');
INSERT INTO sys_equip VALUES ('460', '5089', '5', '光耀戒指', '9', '5090', '8-88-20|8-89-20|8-402-40');
INSERT INTO sys_equip VALUES ('461', '5090', '5', '高尚者指环', '10', '5091', '8-89-23|8-90-23|8-402-36|8-403-24');
INSERT INTO sys_equip VALUES ('462', '5091', '5', '圣光守护指环', '11', '0', '');
INSERT INTO sys_equip VALUES ('463', '6001', '6', '耐磨的铁战靴', '1', '6002', '8-101-1');
INSERT INTO sys_equip VALUES ('464', '6002', '6', '士兵战靴', '2', '6003', '8-102-2');
INSERT INTO sys_equip VALUES ('465', '6003', '6', '尊贵铁靴', '3', '6004', '8-102-3|8-103-3');
INSERT INTO sys_equip VALUES ('466', '6004', '6', '堡垒卫士战靴', '4', '6005', '8-103-3|8-104-3|8-401-4');
INSERT INTO sys_equip VALUES ('467', '6005', '6', '战争使者战靴', '5', '6006', '8-104-4|8-105-4|8-401-6');
INSERT INTO sys_equip VALUES ('468', '6006', '6', '远古君王战靴', '6', '6007', '8-105-8|8-106-8|8-401-6');
INSERT INTO sys_equip VALUES ('469', '6007', '6', '狂怒战靴', '7', '6008', '8-106-8|8-107-8|8-402-4');
INSERT INTO sys_equip VALUES ('470', '6008', '6', '无畏者战靴', '8', '6009', '8-107-12|8-108-12|8-402-12');
INSERT INTO sys_equip VALUES ('471', '6009', '6', '血领主战靴', '9', '6010', '8-108-24|8-109-24|8-402-26');
INSERT INTO sys_equip VALUES ('472', '6010', '6', '雷霆战靴', '10', '6011', '8-109-18|8-110-18|8-402-20|8-403-26');
INSERT INTO sys_equip VALUES ('473', '6011', '6', '正义仲裁战靴', '11', '0', '');
INSERT INTO sys_equip VALUES ('474', '6021', '6', '链甲战靴', '1', '6022', '8-101-1');
INSERT INTO sys_equip VALUES ('475', '6022', '6', '游侠新兵靴子', '2', '6023', '8-102-2');
INSERT INTO sys_equip VALUES ('476', '6023', '6', '探路者战靴', '3', '6024', '8-102-3|8-103-3');
INSERT INTO sys_equip VALUES ('477', '6024', '6', '银白战靴', '4', '6025', '8-103-3|8-104-3|8-401-4');
INSERT INTO sys_equip VALUES ('478', '6025', '6', '镀金链甲战靴', '5', '6026', '8-104-4|8-105-4|8-401-6');
INSERT INTO sys_equip VALUES ('479', '6026', '6', '邪恶龙鳞战靴', '6', '6027', '8-105-8|8-106-8|8-401-6');
INSERT INTO sys_equip VALUES ('480', '6027', '6', '防御者战靴', '7', '6028', '8-106-8|8-107-8|8-402-4');
INSERT INTO sys_equip VALUES ('481', '6028', '6', '疾风战靴', '8', '6029', '8-107-12|8-108-12|8-402-12');
INSERT INTO sys_equip VALUES ('482', '6029', '6', '哀嚎战靴', '9', '6030', '8-108-24|8-109-24|8-402-26');
INSERT INTO sys_equip VALUES ('483', '6030', '6', '暴君战靴', '10', '6031', '8-109-18|8-110-18|8-402-20|8-403-26');
INSERT INTO sys_equip VALUES ('484', '6031', '6', '浴火打击战靴', '11', '0', '');
INSERT INTO sys_equip VALUES ('485', '6041', '6', '硬皮靴', '1', '6042', '8-101-1');
INSERT INTO sys_equip VALUES ('486', '6042', '6', '猎手软靴', '2', '6043', '8-102-2');
INSERT INTO sys_equip VALUES ('487', '6043', '6', '游牧者皮靴', '3', '6044', '8-102-3|8-103-3');
INSERT INTO sys_equip VALUES ('488', '6044', '6', '染血的皮靴', '4', '6045', '8-103-3|8-104-3|8-401-4');
INSERT INTO sys_equip VALUES ('489', '6045', '6', '畸形蟒皮软靴', '5', '6046', '8-104-4|8-105-4|8-401-6');
INSERT INTO sys_equip VALUES ('490', '6046', '6', '暴躁野兽皮靴', '6', '6047', '8-105-8|8-106-8|8-401-6');
INSERT INTO sys_equip VALUES ('491', '6047', '6', '狩猎者皮靴', '7', '6048', '8-106-8|8-107-8|8-402-4');
INSERT INTO sys_equip VALUES ('492', '6048', '6', '咆哮兽王软靴', '8', '6049', '8-107-12|8-108-12|8-402-12');
INSERT INTO sys_equip VALUES ('493', '6049', '6', '追猎者皮靴', '9', '6050', '8-108-24|8-109-24|8-402-26');
INSERT INTO sys_equip VALUES ('494', '6050', '6', '疾风巨龙皮靴', '10', '6051', '8-109-18|8-110-18|8-402-20|8-403-26');
INSERT INTO sys_equip VALUES ('495', '6051', '6', '胜利斗士软靴', '11', '0', '');
INSERT INTO sys_equip VALUES ('496', '6061', '6', '丝质布靴', '1', '6062', '8-101-1');
INSERT INTO sys_equip VALUES ('497', '6062', '6', '冰雾布靴', '2', '6063', '8-102-2');
INSERT INTO sys_equip VALUES ('498', '6063', '6', '缚魂者布鞋', '3', '6064', '8-102-3|8-103-3');
INSERT INTO sys_equip VALUES ('499', '6064', '6', '学者的旅行靴', '4', '6065', '8-103-3|8-104-3|8-401-4');
INSERT INTO sys_equip VALUES ('500', '6065', '6', '虚空行走软靴', '5', '6066', '8-104-4|8-105-4|8-401-6');
INSERT INTO sys_equip VALUES ('501', '6066', '6', '无尽黑暗布靴', '6', '6067', '8-105-8|8-106-8|8-401-6');
INSERT INTO sys_equip VALUES ('502', '6067', '6', '精神冲击布靴', '7', '6068', '8-106-8|8-107-8|8-402-4');
INSERT INTO sys_equip VALUES ('503', '6068', '6', '巨龙锁魂布鞋', '8', '6069', '8-107-12|8-108-12|8-402-12');
INSERT INTO sys_equip VALUES ('504', '6069', '6', '背叛者布靴', '9', '6070', '8-108-24|8-109-24|8-402-26');
INSERT INTO sys_equip VALUES ('505', '6070', '6', '时空梦魇布鞋', '10', '6071', '8-109-18|8-110-18|8-402-20|8-403-26');
INSERT INTO sys_equip VALUES ('506', '6071', '6', '邪神欺诈者布靴', '11', '0', '');
INSERT INTO sys_equip VALUES ('507', '6081', '6', '丝绸软靴', '1', '6082', '8-101-1');
INSERT INTO sys_equip VALUES ('508', '6082', '6', '贤者布靴', '2', '6083', '8-102-2');
INSERT INTO sys_equip VALUES ('509', '6083', '6', '救赎者布鞋', '3', '6084', '8-102-3|8-103-3');
INSERT INTO sys_equip VALUES ('510', '6084', '6', '预言软靴', '4', '6085', '8-103-3|8-104-3|8-401-4');
INSERT INTO sys_equip VALUES ('511', '6085', '6', '虔诚布鞋', '5', '6086', '8-104-4|8-105-4|8-401-6');
INSERT INTO sys_equip VALUES ('512', '6086', '6', '振奋布靴', '6', '6087', '8-105-8|8-106-8|8-401-6');
INSERT INTO sys_equip VALUES ('513', '6087', '6', '忠诚信仰布靴', '7', '6088', '8-106-8|8-107-8|8-402-4');
INSERT INTO sys_equip VALUES ('514', '6088', '6', '赦免审判布鞋', '8', '6089', '8-107-12|8-108-12|8-402-12');
INSERT INTO sys_equip VALUES ('515', '6089', '6', '忏悔者布靴', '9', '6090', '8-108-24|8-109-24|8-402-26');
INSERT INTO sys_equip VALUES ('516', '6090', '6', '无尽智慧软靴', '10', '6091', '8-109-18|8-110-18|8-402-20|8-403-26');
INSERT INTO sys_equip VALUES ('517', '6091', '6', '神圣守护布鞋', '11', '0', '');

-- ----------------------------
-- Table structure for `sys_equip_level_gold`
-- ----------------------------
DROP TABLE IF EXISTS `sys_equip_level_gold`;
CREATE TABLE `sys_equip_level_gold` (
  `level` int(10) unsigned NOT NULL,
  `weapon` int(10) unsigned NOT NULL COMMENT '升到下一级需要的金币',
  `necklace` int(10) unsigned NOT NULL COMMENT '升到下一级需要的金币',
  `clothes` int(10) unsigned NOT NULL COMMENT '升到下一级需要的金币',
  `belt` int(10) unsigned NOT NULL COMMENT '升到下一级需要的金币',
  `ring` int(10) unsigned NOT NULL COMMENT '升到下一级需要的金币',
  `boots` int(10) unsigned NOT NULL COMMENT '升到下一级需要的金币',
  PRIMARY KEY (`level`)
) ENGINE=InnoDB DEFAULT CHARSET=utf8;

-- ----------------------------
-- Records of sys_equip_level_gold
-- ----------------------------
INSERT INTO sys_equip_level_gold VALUES ('1', '300', '170', '120', '120', '170', '120');
INSERT INTO sys_equip_level_gold VALUES ('2', '330', '187', '132', '132', '187', '132');
INSERT INTO sys_equip_level_gold VALUES ('3', '360', '204', '144', '144', '204', '144');
INSERT INTO sys_equip_level_gold VALUES ('4', '390', '221', '156', '156', '221', '156');
INSERT INTO sys_equip_level_gold VALUES ('5', '420', '238', '168', '168', '238', '168');
INSERT INTO sys_equip_level_gold VALUES ('6', '450', '255', '180', '180', '255', '180');
INSERT INTO sys_equip_level_gold VALUES ('7', '480', '272', '192', '192', '272', '192');
INSERT INTO sys_equip_level_gold VALUES ('8', '510', '289', '204', '204', '289', '204');
INSERT INTO sys_equip_level_gold VALUES ('9', '540', '306', '216', '216', '306', '216');
INSERT INTO sys_equip_level_gold VALUES ('10', '600', '340', '240', '240', '340', '240');
INSERT INTO sys_equip_level_gold VALUES ('11', '660', '374', '264', '264', '374', '264');
INSERT INTO sys_equip_level_gold VALUES ('12', '720', '408', '288', '288', '408', '288');
INSERT INTO sys_equip_level_gold VALUES ('13', '780', '442', '312', '312', '442', '312');
INSERT INTO sys_equip_level_gold VALUES ('14', '840', '476', '336', '336', '476', '336');
INSERT INTO sys_equip_level_gold VALUES ('15', '900', '510', '360', '360', '510', '360');
INSERT INTO sys_equip_level_gold VALUES ('16', '960', '544', '384', '384', '544', '384');
INSERT INTO sys_equip_level_gold VALUES ('17', '1020', '578', '408', '408', '578', '408');
INSERT INTO sys_equip_level_gold VALUES ('18', '1080', '612', '432', '432', '612', '432');
INSERT INTO sys_equip_level_gold VALUES ('19', '1140', '646', '456', '456', '646', '456');
INSERT INTO sys_equip_level_gold VALUES ('20', '1380', '782', '552', '552', '782', '552');
INSERT INTO sys_equip_level_gold VALUES ('21', '1620', '918', '648', '648', '918', '648');
INSERT INTO sys_equip_level_gold VALUES ('22', '1860', '1054', '744', '744', '1054', '744');
INSERT INTO sys_equip_level_gold VALUES ('23', '2100', '1190', '840', '840', '1190', '840');
INSERT INTO sys_equip_level_gold VALUES ('24', '2340', '1326', '936', '936', '1326', '936');
INSERT INTO sys_equip_level_gold VALUES ('25', '2580', '1462', '1032', '1032', '1462', '1032');
INSERT INTO sys_equip_level_gold VALUES ('26', '2820', '1598', '1128', '1128', '1598', '1128');
INSERT INTO sys_equip_level_gold VALUES ('27', '3060', '1734', '1224', '1224', '1734', '1224');
INSERT INTO sys_equip_level_gold VALUES ('28', '3300', '1870', '1320', '1320', '1870', '1320');
INSERT INTO sys_equip_level_gold VALUES ('29', '3540', '2006', '1416', '1416', '2006', '1416');
INSERT INTO sys_equip_level_gold VALUES ('30', '4080', '2312', '1632', '1632', '2312', '1632');
INSERT INTO sys_equip_level_gold VALUES ('31', '4620', '2618', '1848', '1848', '2618', '1848');
INSERT INTO sys_equip_level_gold VALUES ('32', '5160', '2924', '2064', '2064', '2924', '2064');
INSERT INTO sys_equip_level_gold VALUES ('33', '5700', '3230', '2280', '2280', '3230', '2280');
INSERT INTO sys_equip_level_gold VALUES ('34', '6240', '3536', '2496', '2496', '3536', '2496');
INSERT INTO sys_equip_level_gold VALUES ('35', '6780', '3842', '2712', '2712', '3842', '2712');
INSERT INTO sys_equip_level_gold VALUES ('36', '7320', '4148', '2928', '2928', '4148', '2928');
INSERT INTO sys_equip_level_gold VALUES ('37', '7860', '4454', '3144', '3144', '4454', '3144');
INSERT INTO sys_equip_level_gold VALUES ('38', '8400', '4760', '3360', '3360', '4760', '3360');
INSERT INTO sys_equip_level_gold VALUES ('39', '8940', '5066', '3576', '3576', '5066', '3576');
INSERT INTO sys_equip_level_gold VALUES ('40', '9900', '5610', '3960', '3960', '5610', '3960');
INSERT INTO sys_equip_level_gold VALUES ('41', '10860', '6154', '4344', '4344', '6154', '4344');
INSERT INTO sys_equip_level_gold VALUES ('42', '11820', '6698', '4728', '4728', '6698', '4728');
INSERT INTO sys_equip_level_gold VALUES ('43', '12780', '7242', '5112', '5112', '7242', '5112');
INSERT INTO sys_equip_level_gold VALUES ('44', '13740', '7786', '5496', '5496', '7786', '5496');
INSERT INTO sys_equip_level_gold VALUES ('45', '14700', '8330', '5880', '5880', '8330', '5880');
INSERT INTO sys_equip_level_gold VALUES ('46', '15660', '8874', '6264', '6264', '8874', '6264');
INSERT INTO sys_equip_level_gold VALUES ('47', '16620', '9418', '6648', '6648', '9418', '6648');
INSERT INTO sys_equip_level_gold VALUES ('48', '17580', '9962', '7032', '7032', '9962', '7032');
INSERT INTO sys_equip_level_gold VALUES ('49', '18540', '10506', '7416', '7416', '10506', '7416');
INSERT INTO sys_equip_level_gold VALUES ('50', '20040', '11356', '8016', '8016', '11356', '8016');
INSERT INTO sys_equip_level_gold VALUES ('51', '21540', '12206', '8616', '8616', '12206', '8616');
INSERT INTO sys_equip_level_gold VALUES ('52', '23040', '13056', '9216', '9216', '13056', '9216');
INSERT INTO sys_equip_level_gold VALUES ('53', '24540', '13906', '9816', '9816', '13906', '9816');
INSERT INTO sys_equip_level_gold VALUES ('54', '26040', '14756', '10416', '10416', '14756', '10416');
INSERT INTO sys_equip_level_gold VALUES ('55', '27540', '15606', '11016', '11016', '15606', '11016');
INSERT INTO sys_equip_level_gold VALUES ('56', '29040', '16456', '11616', '11616', '16456', '11616');
INSERT INTO sys_equip_level_gold VALUES ('57', '30540', '17306', '12216', '12216', '17306', '12216');
INSERT INTO sys_equip_level_gold VALUES ('58', '32040', '18156', '12816', '12816', '18156', '12816');
INSERT INTO sys_equip_level_gold VALUES ('59', '33540', '19006', '13416', '13416', '19006', '13416');
INSERT INTO sys_equip_level_gold VALUES ('60', '35700', '20230', '14280', '14280', '20230', '14280');
INSERT INTO sys_equip_level_gold VALUES ('61', '37860', '21454', '15144', '15144', '21454', '15144');
INSERT INTO sys_equip_level_gold VALUES ('62', '40020', '22678', '16008', '16008', '22678', '16008');
INSERT INTO sys_equip_level_gold VALUES ('63', '42180', '23902', '16872', '16872', '23902', '16872');
INSERT INTO sys_equip_level_gold VALUES ('64', '44340', '25126', '17736', '17736', '25126', '17736');
INSERT INTO sys_equip_level_gold VALUES ('65', '46500', '26350', '18600', '18600', '26350', '18600');
INSERT INTO sys_equip_level_gold VALUES ('66', '48660', '27574', '19464', '19464', '27574', '19464');
INSERT INTO sys_equip_level_gold VALUES ('67', '50820', '28798', '20328', '20328', '28798', '20328');
INSERT INTO sys_equip_level_gold VALUES ('68', '52980', '30022', '21192', '21192', '30022', '21192');
INSERT INTO sys_equip_level_gold VALUES ('69', '55140', '31246', '22056', '22056', '31246', '22056');
INSERT INTO sys_equip_level_gold VALUES ('70', '58050', '32895', '23220', '23220', '32895', '23220');
INSERT INTO sys_equip_level_gold VALUES ('71', '60960', '34544', '24384', '24384', '34544', '24384');
INSERT INTO sys_equip_level_gold VALUES ('72', '63870', '36193', '25548', '25548', '36193', '25548');
INSERT INTO sys_equip_level_gold VALUES ('73', '66780', '37842', '26712', '26712', '37842', '26712');
INSERT INTO sys_equip_level_gold VALUES ('74', '69690', '39491', '27876', '27876', '39491', '27876');
INSERT INTO sys_equip_level_gold VALUES ('75', '72600', '41140', '29040', '29040', '41140', '29040');
INSERT INTO sys_equip_level_gold VALUES ('76', '75510', '42789', '30204', '30204', '42789', '30204');
INSERT INTO sys_equip_level_gold VALUES ('77', '78420', '44438', '31368', '31368', '44438', '31368');
INSERT INTO sys_equip_level_gold VALUES ('78', '81330', '46087', '32532', '32532', '46087', '32532');
INSERT INTO sys_equip_level_gold VALUES ('79', '84240', '47736', '33696', '33696', '47736', '33696');
INSERT INTO sys_equip_level_gold VALUES ('80', '0', '0', '0', '0', '0', '0');

-- ----------------------------
-- Table structure for `sys_equip_quality_gold`
-- ----------------------------
DROP TABLE IF EXISTS `sys_equip_quality_gold`;
CREATE TABLE `sys_equip_quality_gold` (
  `quality` int(10) unsigned NOT NULL AUTO_INCREMENT,
  `weapon` int(10) unsigned NOT NULL,
  `necklace` int(10) unsigned NOT NULL,
  `clothes` int(10) unsigned NOT NULL,
  `belt` int(10) unsigned NOT NULL,
  `ring` int(10) unsigned NOT NULL,
  `boots` int(10) unsigned NOT NULL,
  PRIMARY KEY (`quality`)
) ENGINE=InnoDB AUTO_INCREMENT=12 DEFAULT CHARSET=utf8;

-- ----------------------------
-- Records of sys_equip_quality_gold
-- ----------------------------
INSERT INTO sys_equip_quality_gold VALUES ('1', '6000', '3400', '2400', '2400', '3400', '2400');
INSERT INTO sys_equip_quality_gold VALUES ('2', '12000', '6800', '4800', '4800', '6800', '4800');
INSERT INTO sys_equip_quality_gold VALUES ('3', '18000', '10200', '7200', '7200', '10200', '7200');
INSERT INTO sys_equip_quality_gold VALUES ('4', '24000', '13600', '9600', '9600', '13600', '9600');
INSERT INTO sys_equip_quality_gold VALUES ('5', '30000', '17000', '12000', '12000', '17000', '12000');
INSERT INTO sys_equip_quality_gold VALUES ('6', '36000', '20400', '14400', '14400', '20400', '14400');
INSERT INTO sys_equip_quality_gold VALUES ('7', '42000', '23800', '16800', '16800', '23800', '16800');
INSERT INTO sys_equip_quality_gold VALUES ('8', '48000', '27200', '19200', '19200', '27200', '19200');
INSERT INTO sys_equip_quality_gold VALUES ('9', '54000', '30600', '21600', '21600', '30600', '21600');
INSERT INTO sys_equip_quality_gold VALUES ('10', '60000', '34000', '24000', '24000', '34000', '24000');
INSERT INTO sys_equip_quality_gold VALUES ('11', '0', '0', '0', '0', '0', '0');

-- ----------------------------
-- Table structure for `sys_forbid_word`
-- ----------------------------
DROP TABLE IF EXISTS `sys_forbid_word`;
CREATE TABLE `sys_forbid_word` (
  `forbid_word` varchar(255) NOT NULL COMMENT '禁止词汇'
) ENGINE=InnoDB DEFAULT CHARSET=utf8;

-- ----------------------------
-- Records of sys_forbid_word
-- ----------------------------
INSERT INTO sys_forbid_word VALUES ('阴茎');
INSERT INTO sys_forbid_word VALUES ('阴道');
INSERT INTO sys_forbid_word VALUES ('阴毛');
INSERT INTO sys_forbid_word VALUES ('性虐待');
INSERT INTO sys_forbid_word VALUES ('口交');
INSERT INTO sys_forbid_word VALUES ('黄色电影');
INSERT INTO sys_forbid_word VALUES ('黄色影视');
INSERT INTO sys_forbid_word VALUES ('黄色网站');
INSERT INTO sys_forbid_word VALUES ('黄色小说');
INSERT INTO sys_forbid_word VALUES ('黄色文学');
INSERT INTO sys_forbid_word VALUES ('黄色图片');
INSERT INTO sys_forbid_word VALUES ('黄色漫画');
INSERT INTO sys_forbid_word VALUES ('成人图片');
INSERT INTO sys_forbid_word VALUES ('成人网站');
INSERT INTO sys_forbid_word VALUES ('成人小说');
INSERT INTO sys_forbid_word VALUES ('成人文学');
INSERT INTO sys_forbid_word VALUES ('成人电影');
INSERT INTO sys_forbid_word VALUES ('成人影视');
INSERT INTO sys_forbid_word VALUES ('成人漫画');
INSERT INTO sys_forbid_word VALUES ('激情小电影');
INSERT INTO sys_forbid_word VALUES ('十八禁');
INSERT INTO sys_forbid_word VALUES ('18禁');
INSERT INTO sys_forbid_word VALUES ('性电影');
INSERT INTO sys_forbid_word VALUES ('奸杀');
INSERT INTO sys_forbid_word VALUES ('肉棒');
INSERT INTO sys_forbid_word VALUES ('巨乳');
INSERT INTO sys_forbid_word VALUES ('手淫');
INSERT INTO sys_forbid_word VALUES ('精液');
INSERT INTO sys_forbid_word VALUES ('色诱');
INSERT INTO sys_forbid_word VALUES ('性爱');
INSERT INTO sys_forbid_word VALUES ('淫荡');
INSERT INTO sys_forbid_word VALUES ('淫');
INSERT INTO sys_forbid_word VALUES ('陰');
INSERT INTO sys_forbid_word VALUES ('姦');
INSERT INTO sys_forbid_word VALUES ('奸');
INSERT INTO sys_forbid_word VALUES ('骚');
INSERT INTO sys_forbid_word VALUES ('妓');
INSERT INTO sys_forbid_word VALUES ('咪咪');
INSERT INTO sys_forbid_word VALUES ('奶子');
INSERT INTO sys_forbid_word VALUES ('酥胸');
INSERT INTO sys_forbid_word VALUES ('处女');
INSERT INTO sys_forbid_word VALUES ('喷精');
INSERT INTO sys_forbid_word VALUES ('小穴');
INSERT INTO sys_forbid_word VALUES ('破处');
INSERT INTO sys_forbid_word VALUES ('阴部');
INSERT INTO sys_forbid_word VALUES ('乱交');
INSERT INTO sys_forbid_word VALUES ('猛插');
INSERT INTO sys_forbid_word VALUES ('露点');
INSERT INTO sys_forbid_word VALUES ('露毛');
INSERT INTO sys_forbid_word VALUES ('行房');
INSERT INTO sys_forbid_word VALUES ('吹萧');
INSERT INTO sys_forbid_word VALUES ('鸡巴');
INSERT INTO sys_forbid_word VALUES ('打炮');
INSERT INTO sys_forbid_word VALUES ('造爱');
INSERT INTO sys_forbid_word VALUES ('做爱');
INSERT INTO sys_forbid_word VALUES ('阴蒂');
INSERT INTO sys_forbid_word VALUES ('睾丸');
INSERT INTO sys_forbid_word VALUES ('阴户');
INSERT INTO sys_forbid_word VALUES ('阴门');
INSERT INTO sys_forbid_word VALUES ('下体');
INSERT INTO sys_forbid_word VALUES ('龟头');
INSERT INTO sys_forbid_word VALUES ('波霸');
INSERT INTO sys_forbid_word VALUES ('偷情');
INSERT INTO sys_forbid_word VALUES ('叫床');
INSERT INTO sys_forbid_word VALUES ('亚热');
INSERT INTO sys_forbid_word VALUES ('援交');
INSERT INTO sys_forbid_word VALUES ('情色');
INSERT INTO sys_forbid_word VALUES ('肉欲');
INSERT INTO sys_forbid_word VALUES ('美腿');
INSERT INTO sys_forbid_word VALUES ('自摸');
INSERT INTO sys_forbid_word VALUES ('潮吹');
INSERT INTO sys_forbid_word VALUES ('肛交');
INSERT INTO sys_forbid_word VALUES ('群射');
INSERT INTO sys_forbid_word VALUES ('内射');
INSERT INTO sys_forbid_word VALUES ('少妇');
INSERT INTO sys_forbid_word VALUES ('連發');
INSERT INTO sys_forbid_word VALUES ('乱伦');
INSERT INTO sys_forbid_word VALUES ('無修正');
INSERT INTO sys_forbid_word VALUES ('强暴');
INSERT INTO sys_forbid_word VALUES ('H动画');
INSERT INTO sys_forbid_word VALUES ('H游戏');
INSERT INTO sys_forbid_word VALUES ('俪影蝎心');
INSERT INTO sys_forbid_word VALUES ('少妇白洁');
INSERT INTO sys_forbid_word VALUES ('少年阿宾');
INSERT INTO sys_forbid_word VALUES ('狡猾的风水相师');
INSERT INTO sys_forbid_word VALUES ('王子淫传');
INSERT INTO sys_forbid_word VALUES ('睡着的武神');
INSERT INTO sys_forbid_word VALUES ('神雕外传之郭襄');
INSERT INTO sys_forbid_word VALUES ('秦青的幸福生活');
INSERT INTO sys_forbid_word VALUES ('美少女的哀羞');
INSERT INTO sys_forbid_word VALUES ('遥想当年春衫薄');
INSERT INTO sys_forbid_word VALUES ('阿兵哥艳遇录');
INSERT INTO sys_forbid_word VALUES ('风尘劫');
INSERT INTO sys_forbid_word VALUES ('风月大陆');
INSERT INTO sys_forbid_word VALUES ('黑星女侠');
INSERT INTO sys_forbid_word VALUES ('AV女');
INSERT INTO sys_forbid_word VALUES ('东京热');
INSERT INTO sys_forbid_word VALUES ('东热');
INSERT INTO sys_forbid_word VALUES ('乳交');
INSERT INTO sys_forbid_word VALUES ('乳晕');
INSERT INTO sys_forbid_word VALUES ('口爆');
INSERT INTO sys_forbid_word VALUES ('嫩穴');
INSERT INTO sys_forbid_word VALUES ('掰穴');
INSERT INTO sys_forbid_word VALUES ('插入');
INSERT INTO sys_forbid_word VALUES ('插穴');
INSERT INTO sys_forbid_word VALUES ('杂交');
INSERT INTO sys_forbid_word VALUES ('淫乱');
INSERT INTO sys_forbid_word VALUES ('炮友');
INSERT INTO sys_forbid_word VALUES ('熟女');
INSERT INTO sys_forbid_word VALUES ('爆乳');
INSERT INTO sys_forbid_word VALUES ('砲友');
INSERT INTO sys_forbid_word VALUES ('穴穴');
INSERT INTO sys_forbid_word VALUES ('脱光');
INSERT INTO sys_forbid_word VALUES ('裸照');
INSERT INTO sys_forbid_word VALUES ('阴唇');
INSERT INTO sys_forbid_word VALUES ('露乳');
INSERT INTO sys_forbid_word VALUES ('露脸');
INSERT INTO sys_forbid_word VALUES ('骚穴');
INSERT INTO sys_forbid_word VALUES ('肖中特');
INSERT INTO sys_forbid_word VALUES ('作弊耳机');
INSERT INTO sys_forbid_word VALUES ('无界浏览器');
INSERT INTO sys_forbid_word VALUES ('H动漫');
INSERT INTO sys_forbid_word VALUES ('H漫画');
INSERT INTO sys_forbid_word VALUES ('一本道');
INSERT INTO sys_forbid_word VALUES ('色情漫画');
INSERT INTO sys_forbid_word VALUES ('性爱电影');
INSERT INTO sys_forbid_word VALUES ('情色影片');
INSERT INTO sys_forbid_word VALUES ('无码电影');
INSERT INTO sys_forbid_word VALUES ('激情淫电影');
INSERT INTO sys_forbid_word VALUES ('激情电影');
INSERT INTO sys_forbid_word VALUES ('激情秀');
INSERT INTO sys_forbid_word VALUES ('激情聊天');
INSERT INTO sys_forbid_word VALUES ('激情视频');
INSERT INTO sys_forbid_word VALUES ('视频艳舞');
INSERT INTO sys_forbid_word VALUES ('诱惑视频');
INSERT INTO sys_forbid_word VALUES ('伪火');
INSERT INTO sys_forbid_word VALUES ('北京水危机');
INSERT INTO sys_forbid_word VALUES ('喉舌与职责');
INSERT INTO sys_forbid_word VALUES ('激流中国');
INSERT INTO sys_forbid_word VALUES ('青岛养老院的故事');
INSERT INTO sys_forbid_word VALUES ('不良少女日记');
INSERT INTO sys_forbid_word VALUES ('东北风情熟女之惑');
INSERT INTO sys_forbid_word VALUES ('创世之子猎艳之旅');
INSERT INTO sys_forbid_word VALUES ('十景缎');
INSERT INTO sys_forbid_word VALUES ('夫妇乐园');
INSERT INTO sys_forbid_word VALUES ('我的性启蒙老师');
INSERT INTO sys_forbid_word VALUES ('星光伴我淫');
INSERT INTO sys_forbid_word VALUES ('沧澜曲');
INSERT INTO sys_forbid_word VALUES ('淫术炼金士');
INSERT INTO sys_forbid_word VALUES ('爱神之传奇');
INSERT INTO sys_forbid_word VALUES ('现代艳帝传奇');
INSERT INTO sys_forbid_word VALUES ('红娘淫娘');
INSERT INTO sys_forbid_word VALUES ('红楼绮梦');
INSERT INTO sys_forbid_word VALUES ('舌站法庭');
INSERT INTO sys_forbid_word VALUES ('逃亡艳旅');
INSERT INTO sys_forbid_word VALUES ('阿里布达年代记');
INSERT INTO sys_forbid_word VALUES ('风骚侍女');
INSERT INTO sys_forbid_word VALUES ('骆冰淫传');
INSERT INTO sys_forbid_word VALUES ('出售假信用卡');
INSERT INTO sys_forbid_word VALUES ('出售假发票');
INSERT INTO sys_forbid_word VALUES ('出售假币');
INSERT INTO sys_forbid_word VALUES ('非法地下钱庄');
INSERT INTO sys_forbid_word VALUES ('出售&k仔');
INSERT INTO sys_forbid_word VALUES ('k粉');
INSERT INTO sys_forbid_word VALUES ('三唑仑');
INSERT INTO sys_forbid_word VALUES ('冰毒');
INSERT INTO sys_forbid_word VALUES ('摇头丸');
INSERT INTO sys_forbid_word VALUES ('春药');
INSERT INTO sys_forbid_word VALUES ('海洛因');
INSERT INTO sys_forbid_word VALUES ('迷幻药');
INSERT INTO sys_forbid_word VALUES ('迷药');
INSERT INTO sys_forbid_word VALUES ('迷魂烟');
INSERT INTO sys_forbid_word VALUES ('迷魂药');
INSERT INTO sys_forbid_word VALUES ('香港G水');
INSERT INTO sys_forbid_word VALUES ('麻古');
INSERT INTO sys_forbid_word VALUES ('麻醉药');
INSERT INTO sys_forbid_word VALUES ('和奸成瘾');
INSERT INTO sys_forbid_word VALUES ('性教官');
INSERT INTO sys_forbid_word VALUES ('成人片');
INSERT INTO sys_forbid_word VALUES ('无码片');
INSERT INTO sys_forbid_word VALUES ('有码片');
INSERT INTO sys_forbid_word VALUES ('淫兽学园');
INSERT INTO sys_forbid_word VALUES ('淫情女教师');
INSERT INTO sys_forbid_word VALUES ('淫魔舞会');
INSERT INTO sys_forbid_word VALUES ('级片');
INSERT INTO sys_forbid_word VALUES ('黄色免费电影');
INSERT INTO sys_forbid_word VALUES ('一个妓女的日记');
INSERT INTO sys_forbid_word VALUES ('妓女日记');
INSERT INTO sys_forbid_word VALUES ('妓女的日记');
INSERT INTO sys_forbid_word VALUES ('广州情色录');
INSERT INTO sys_forbid_word VALUES ('性爱文学');
INSERT INTO sys_forbid_word VALUES ('情色小说');
INSERT INTO sys_forbid_word VALUES ('情色文学');
INSERT INTO sys_forbid_word VALUES ('共产党专制');
INSERT INTO sys_forbid_word VALUES ('共产党腐败');
INSERT INTO sys_forbid_word VALUES ('反对中共');
INSERT INTO sys_forbid_word VALUES ('反对共产主义');
INSERT INTO sys_forbid_word VALUES ('反对共产党');
INSERT INTO sys_forbid_word VALUES ('反对朱镕基');
INSERT INTO sys_forbid_word VALUES ('反对李鹏');
INSERT INTO sys_forbid_word VALUES ('反对江主席');
INSERT INTO sys_forbid_word VALUES ('反对江泽民');
INSERT INTO sys_forbid_word VALUES ('反对温家宝');
INSERT INTO sys_forbid_word VALUES ('反对罗干');
INSERT INTO sys_forbid_word VALUES ('反对胡锦涛');
INSERT INTO sys_forbid_word VALUES ('反革命');
INSERT INTO sys_forbid_word VALUES ('打倒中共');
INSERT INTO sys_forbid_word VALUES ('打倒共产主义');
INSERT INTO sys_forbid_word VALUES ('打倒共产党');
INSERT INTO sys_forbid_word VALUES ('打倒朱镕基');
INSERT INTO sys_forbid_word VALUES ('打倒李鹏');
INSERT INTO sys_forbid_word VALUES ('打倒江主席');
INSERT INTO sys_forbid_word VALUES ('打倒江泽民');
INSERT INTO sys_forbid_word VALUES ('打倒温家宝');
INSERT INTO sys_forbid_word VALUES ('打倒罗干');
INSERT INTO sys_forbid_word VALUES ('打倒胡锦涛');
INSERT INTO sys_forbid_word VALUES ('抵制中共');
INSERT INTO sys_forbid_word VALUES ('抵制共产主义');
INSERT INTO sys_forbid_word VALUES ('抵制共产党');
INSERT INTO sys_forbid_word VALUES ('抵制朱镕基');
INSERT INTO sys_forbid_word VALUES ('抵制李鹏');
INSERT INTO sys_forbid_word VALUES ('抵制江主席');
INSERT INTO sys_forbid_word VALUES ('抵制江泽民曾道人');
INSERT INTO sys_forbid_word VALUES ('抵制温家宝');
INSERT INTO sys_forbid_word VALUES ('抵制罗干');
INSERT INTO sys_forbid_word VALUES ('抵制胡锦涛');
INSERT INTO sys_forbid_word VALUES ('推翻中共');
INSERT INTO sys_forbid_word VALUES ('推翻共产主义');
INSERT INTO sys_forbid_word VALUES ('推翻共产党');
INSERT INTO sys_forbid_word VALUES ('推翻朱镕基');
INSERT INTO sys_forbid_word VALUES ('推翻温家宝义');
INSERT INTO sys_forbid_word VALUES ('推翻胡锦涛');
INSERT INTO sys_forbid_word VALUES ('红外透视');
INSERT INTO sys_forbid_word VALUES ('胡江内斗');
INSERT INTO sys_forbid_word VALUES ('胡锦涛腐败蒋彦永');
INSERT INTO sys_forbid_word VALUES ('颠覆中共');
INSERT INTO sys_forbid_word VALUES ('颠覆共产主义');
INSERT INTO sys_forbid_word VALUES ('颠覆共产党');
INSERT INTO sys_forbid_word VALUES ('颠覆朱镕基');
INSERT INTO sys_forbid_word VALUES ('颠覆温家宝');
INSERT INTO sys_forbid_word VALUES ('颠覆胡锦涛');
INSERT INTO sys_forbid_word VALUES ('一码中特');
INSERT INTO sys_forbid_word VALUES ('枪模');
INSERT INTO sys_forbid_word VALUES ('修炼大法');
INSERT INTO sys_forbid_word VALUES ('台湾版假币');
INSERT INTO sys_forbid_word VALUES ('多党执政');
INSERT INTO sys_forbid_word VALUES ('大揭露法轮大法');
INSERT INTO sys_forbid_word VALUES ('大法弟子');
INSERT INTO sys_forbid_word VALUES ('大法轮');
INSERT INTO sys_forbid_word VALUES ('大纪元');
INSERT INTO sys_forbid_word VALUES ('支持台独');
INSERT INTO sys_forbid_word VALUES ('新生网');
INSERT INTO sys_forbid_word VALUES ('火药制作');
INSERT INTO sys_forbid_word VALUES ('短信群发法轮功');
INSERT INTO sys_forbid_word VALUES ('禁书');
INSERT INTO sys_forbid_word VALUES ('自杀手册');
INSERT INTO sys_forbid_word VALUES ('藏独立');
INSERT INTO sys_forbid_word VALUES ('西藏独立');
INSERT INTO sys_forbid_word VALUES ('达赖');
INSERT INTO sys_forbid_word VALUES ('靖国神社');
INSERT INTO sys_forbid_word VALUES ('a片下载');
INSERT INTO sys_forbid_word VALUES ('三级');
INSERT INTO sys_forbid_word VALUES ('三级片');
INSERT INTO sys_forbid_word VALUES ('三陪');
INSERT INTO sys_forbid_word VALUES ('买春');
INSERT INTO sys_forbid_word VALUES ('偷拍');
INSERT INTO sys_forbid_word VALUES ('催情粉');
INSERT INTO sys_forbid_word VALUES ('兽交');
INSERT INTO sys_forbid_word VALUES ('凌辱');
INSERT INTO sys_forbid_word VALUES ('卖春');
INSERT INTO sys_forbid_word VALUES ('吹箫');
INSERT INTO sys_forbid_word VALUES ('吹箭');
INSERT INTO sys_forbid_word VALUES ('妓女');
INSERT INTO sys_forbid_word VALUES ('嫖妓');
INSERT INTO sys_forbid_word VALUES ('嫖鸡');
INSERT INTO sys_forbid_word VALUES ('性交');
INSERT INTO sys_forbid_word VALUES ('情色五月天');
INSERT INTO sys_forbid_word VALUES ('成人论坛');
INSERT INTO sys_forbid_word VALUES ('淫女');
INSERT INTO sys_forbid_word VALUES ('淫水');
INSERT INTO sys_forbid_word VALUES ('淫靡');
INSERT INTO sys_forbid_word VALUES ('淫魔');
INSERT INTO sys_forbid_word VALUES ('激情图片');
INSERT INTO sys_forbid_word VALUES ('男妓');
INSERT INTO sys_forbid_word VALUES ('肉棍');
INSERT INTO sys_forbid_word VALUES ('肉洞');
INSERT INTO sys_forbid_word VALUES ('色情小说');
INSERT INTO sys_forbid_word VALUES ('色情服务');
INSERT INTO sys_forbid_word VALUES ('色情表演');
INSERT INTO sys_forbid_word VALUES ('色情论坛');
INSERT INTO sys_forbid_word VALUES ('荡妇');
INSERT INTO sys_forbid_word VALUES ('蒙汗药');
INSERT INTO sys_forbid_word VALUES ('裸体');
INSERT INTO sys_forbid_word VALUES ('轮奸');
INSERT INTO sys_forbid_word VALUES ('迷奸药');
INSERT INTO sys_forbid_word VALUES ('迷情水');
INSERT INTO sys_forbid_word VALUES ('迷情粉');
INSERT INTO sys_forbid_word VALUES ('迷情药');
INSERT INTO sys_forbid_word VALUES ('阴茎增大');
INSERT INTO sys_forbid_word VALUES ('骚货');
INSERT INTO sys_forbid_word VALUES ('麻醉枪');
INSERT INTO sys_forbid_word VALUES ('民运分子');
INSERT INTO sys_forbid_word VALUES ('灭绝罪');
INSERT INTO sys_forbid_word VALUES ('真钱扎金花');
INSERT INTO sys_forbid_word VALUES ('透视仪');
INSERT INTO sys_forbid_word VALUES ('毛片');
INSERT INTO sys_forbid_word VALUES ('仿真枪');
INSERT INTO sys_forbid_word VALUES ('干扰器');
INSERT INTO sys_forbid_word VALUES ('电视棒');
INSERT INTO sys_forbid_word VALUES ('http');
INSERT INTO sys_forbid_word VALUES ('www');
INSERT INTO sys_forbid_word VALUES ('法轮功');
INSERT INTO sys_forbid_word VALUES ('法轮功');
INSERT INTO sys_forbid_word VALUES ('太子党');
INSERT INTO sys_forbid_word VALUES ('fuck');
INSERT INTO sys_forbid_word VALUES ('f*u*c*k');
INSERT INTO sys_forbid_word VALUES ('*f*u*c*k*');
INSERT INTO sys_forbid_word VALUES ('操你妈');
INSERT INTO sys_forbid_word VALUES ('操你娘');
INSERT INTO sys_forbid_word VALUES ('干死');
INSERT INTO sys_forbid_word VALUES ('钓鱼岛');
INSERT INTO sys_forbid_word VALUES ('尖阁列岛');
INSERT INTO sys_forbid_word VALUES ('操');
INSERT INTO sys_forbid_word VALUES ('肏');
INSERT INTO sys_forbid_word VALUES ('毛泽东');
INSERT INTO sys_forbid_word VALUES ('周恩来');
INSERT INTO sys_forbid_word VALUES ('刘少奇');
INSERT INTO sys_forbid_word VALUES ('朱德');
INSERT INTO sys_forbid_word VALUES ('彭德怀');
INSERT INTO sys_forbid_word VALUES ('林彪');
INSERT INTO sys_forbid_word VALUES ('刘伯承');
INSERT INTO sys_forbid_word VALUES ('陈毅');
INSERT INTO sys_forbid_word VALUES ('贺龙');
INSERT INTO sys_forbid_word VALUES ('聂荣臻');
INSERT INTO sys_forbid_word VALUES ('徐向前');
INSERT INTO sys_forbid_word VALUES ('罗荣桓');
INSERT INTO sys_forbid_word VALUES ('叶剑英');
INSERT INTO sys_forbid_word VALUES ('李大钊');
INSERT INTO sys_forbid_word VALUES ('陈独秀');
INSERT INTO sys_forbid_word VALUES ('孙中山');
INSERT INTO sys_forbid_word VALUES ('孙文');
INSERT INTO sys_forbid_word VALUES ('孙逸仙');
INSERT INTO sys_forbid_word VALUES ('邓小平');
INSERT INTO sys_forbid_word VALUES ('陈云');
INSERT INTO sys_forbid_word VALUES ('江泽民');
INSERT INTO sys_forbid_word VALUES ('李鹏');
INSERT INTO sys_forbid_word VALUES ('朱镕基');
INSERT INTO sys_forbid_word VALUES ('李瑞环');
INSERT INTO sys_forbid_word VALUES ('尉健行');
INSERT INTO sys_forbid_word VALUES ('李岚清');
INSERT INTO sys_forbid_word VALUES ('胡锦涛');
INSERT INTO sys_forbid_word VALUES ('罗干');
INSERT INTO sys_forbid_word VALUES ('温家宝');
INSERT INTO sys_forbid_word VALUES ('吴邦国');
INSERT INTO sys_forbid_word VALUES ('曾庆红');
INSERT INTO sys_forbid_word VALUES ('贾庆林');
INSERT INTO sys_forbid_word VALUES ('黄菊');
INSERT INTO sys_forbid_word VALUES ('吴官正');
INSERT INTO sys_forbid_word VALUES ('李长春');
INSERT INTO sys_forbid_word VALUES ('吴仪');
INSERT INTO sys_forbid_word VALUES ('回良玉');
INSERT INTO sys_forbid_word VALUES ('曾培炎');
INSERT INTO sys_forbid_word VALUES ('周永康');
INSERT INTO sys_forbid_word VALUES ('曹刚川');
INSERT INTO sys_forbid_word VALUES ('唐家璇');
INSERT INTO sys_forbid_word VALUES ('华建敏');
INSERT INTO sys_forbid_word VALUES ('陈至立');
INSERT INTO sys_forbid_word VALUES ('陈良宇');
INSERT INTO sys_forbid_word VALUES ('张德江');
INSERT INTO sys_forbid_word VALUES ('张立昌');
INSERT INTO sys_forbid_word VALUES ('俞正声');
INSERT INTO sys_forbid_word VALUES ('刘云山');
INSERT INTO sys_forbid_word VALUES ('王岐山');
INSERT INTO sys_forbid_word VALUES ('张高丽');
INSERT INTO sys_forbid_word VALUES ('王乐泉');
INSERT INTO sys_forbid_word VALUES ('王刚');
INSERT INTO sys_forbid_word VALUES ('王兆国');
INSERT INTO sys_forbid_word VALUES ('刘淇');
INSERT INTO sys_forbid_word VALUES ('贺国强');
INSERT INTO sys_forbid_word VALUES ('郭伯雄');
INSERT INTO sys_forbid_word VALUES ('胡耀邦');
INSERT INTO sys_forbid_word VALUES ('李登辉');
INSERT INTO sys_forbid_word VALUES ('连战');
INSERT INTO sys_forbid_word VALUES ('陈水扁');
INSERT INTO sys_forbid_word VALUES ('宋楚瑜');
INSERT INTO sys_forbid_word VALUES ('吕秀莲');
INSERT INTO sys_forbid_word VALUES ('郁慕明');
INSERT INTO sys_forbid_word VALUES ('蒋介石');
INSERT INTO sys_forbid_word VALUES ('蒋中正');
INSERT INTO sys_forbid_word VALUES ('蒋经国');
INSERT INTO sys_forbid_word VALUES ('马英九');
INSERT INTO sys_forbid_word VALUES ('习近平');
INSERT INTO sys_forbid_word VALUES ('李克强');
INSERT INTO sys_forbid_word VALUES ('吴帮国');
INSERT INTO sys_forbid_word VALUES ('无帮国');
INSERT INTO sys_forbid_word VALUES ('无邦国');
INSERT INTO sys_forbid_word VALUES ('无帮过');
INSERT INTO sys_forbid_word VALUES ('瘟家宝');
INSERT INTO sys_forbid_word VALUES ('假庆林');
INSERT INTO sys_forbid_word VALUES ('甲庆林');
INSERT INTO sys_forbid_word VALUES ('假青林');
INSERT INTO sys_forbid_word VALUES ('离长春');
INSERT INTO sys_forbid_word VALUES ('习远平');
INSERT INTO sys_forbid_word VALUES ('袭近平');
INSERT INTO sys_forbid_word VALUES ('李磕墙');
INSERT INTO sys_forbid_word VALUES ('贺过墙');
INSERT INTO sys_forbid_word VALUES ('和锅枪');
INSERT INTO sys_forbid_word VALUES ('粥永康');
INSERT INTO sys_forbid_word VALUES ('轴永康');
INSERT INTO sys_forbid_word VALUES ('肘永康');
INSERT INTO sys_forbid_word VALUES ('周健康');
INSERT INTO sys_forbid_word VALUES ('粥健康');
INSERT INTO sys_forbid_word VALUES ('周小康');
INSERT INTO sys_forbid_word VALUES ('李肇星务');
INSERT INTO sys_forbid_word VALUES ('国务委员');
INSERT INTO sys_forbid_word VALUES ('国务院');
INSERT INTO sys_forbid_word VALUES ('中央委员');
INSERT INTO sys_forbid_word VALUES ('发改委');
INSERT INTO sys_forbid_word VALUES ('国家发展和改革委员会');
INSERT INTO sys_forbid_word VALUES ('发展和改革委员会');
INSERT INTO sys_forbid_word VALUES ('国家发展与改革委员会');
INSERT INTO sys_forbid_word VALUES ('发展与改革委员会');
INSERT INTO sys_forbid_word VALUES ('薄熙来');
INSERT INTO sys_forbid_word VALUES ('温家饱');
INSERT INTO sys_forbid_word VALUES ('温假饱');
INSERT INTO sys_forbid_word VALUES ('胡惊涛');
INSERT INTO sys_forbid_word VALUES ('习仲勋');
INSERT INTO sys_forbid_word VALUES ('华国锋');
INSERT INTO sys_forbid_word VALUES ('彭丽媛');
INSERT INTO sys_forbid_word VALUES ('新闻出版总署');
INSERT INTO sys_forbid_word VALUES ('新闻出版署');
INSERT INTO sys_forbid_word VALUES ('布什');
INSERT INTO sys_forbid_word VALUES ('布莱尔');
INSERT INTO sys_forbid_word VALUES ('小泉');
INSERT INTO sys_forbid_word VALUES ('纯一郎');
INSERT INTO sys_forbid_word VALUES ('萨马兰奇');
INSERT INTO sys_forbid_word VALUES ('安南');
INSERT INTO sys_forbid_word VALUES ('阿拉法特');
INSERT INTO sys_forbid_word VALUES ('普京');
INSERT INTO sys_forbid_word VALUES ('默克尔');
INSERT INTO sys_forbid_word VALUES ('克林顿');
INSERT INTO sys_forbid_word VALUES ('里根');
INSERT INTO sys_forbid_word VALUES ('尼克松');
INSERT INTO sys_forbid_word VALUES ('林肯');
INSERT INTO sys_forbid_word VALUES ('杜鲁门');
INSERT INTO sys_forbid_word VALUES ('赫鲁晓夫');
INSERT INTO sys_forbid_word VALUES ('列宁');
INSERT INTO sys_forbid_word VALUES ('斯大林');
INSERT INTO sys_forbid_word VALUES ('马克思');
INSERT INTO sys_forbid_word VALUES ('恩格斯');
INSERT INTO sys_forbid_word VALUES ('金正日');
INSERT INTO sys_forbid_word VALUES ('金日成');
INSERT INTO sys_forbid_word VALUES ('萨达姆');
INSERT INTO sys_forbid_word VALUES ('胡志明');
INSERT INTO sys_forbid_word VALUES ('西哈努克');
INSERT INTO sys_forbid_word VALUES ('希拉克');
INSERT INTO sys_forbid_word VALUES ('撒切尔');
INSERT INTO sys_forbid_word VALUES ('阿罗约');
INSERT INTO sys_forbid_word VALUES ('曼德拉');
INSERT INTO sys_forbid_word VALUES ('卡斯特罗');
INSERT INTO sys_forbid_word VALUES ('富兰克林');
INSERT INTO sys_forbid_word VALUES ('华盛顿');
INSERT INTO sys_forbid_word VALUES ('艾森豪威尔');
INSERT INTO sys_forbid_word VALUES ('拿破仑');
INSERT INTO sys_forbid_word VALUES ('亚历山大');
INSERT INTO sys_forbid_word VALUES ('路易');
INSERT INTO sys_forbid_word VALUES ('拉姆斯菲尔德');
INSERT INTO sys_forbid_word VALUES ('劳拉');
INSERT INTO sys_forbid_word VALUES ('鲍威尔');
INSERT INTO sys_forbid_word VALUES ('奥巴马');
INSERT INTO sys_forbid_word VALUES ('本拉登');
INSERT INTO sys_forbid_word VALUES ('奥马尔');
INSERT INTO sys_forbid_word VALUES ('柴玲');
INSERT INTO sys_forbid_word VALUES ('达赖喇嘛');
INSERT INTO sys_forbid_word VALUES ('江青');
INSERT INTO sys_forbid_word VALUES ('张春桥');
INSERT INTO sys_forbid_word VALUES ('姚文元');
INSERT INTO sys_forbid_word VALUES ('王洪文');
INSERT INTO sys_forbid_word VALUES ('东条英机');
INSERT INTO sys_forbid_word VALUES ('希特勒');
INSERT INTO sys_forbid_word VALUES ('墨索里尼');
INSERT INTO sys_forbid_word VALUES ('冈村秀树');
INSERT INTO sys_forbid_word VALUES ('冈村宁次');
INSERT INTO sys_forbid_word VALUES ('高丽朴');
INSERT INTO sys_forbid_word VALUES ('赵紫阳');
INSERT INTO sys_forbid_word VALUES ('王丹');
INSERT INTO sys_forbid_word VALUES ('沃尔开西');
INSERT INTO sys_forbid_word VALUES ('李洪志');
INSERT INTO sys_forbid_word VALUES ('李大师');
INSERT INTO sys_forbid_word VALUES ('赖昌星');
INSERT INTO sys_forbid_word VALUES ('马加爵');
INSERT INTO sys_forbid_word VALUES ('班禅');
INSERT INTO sys_forbid_word VALUES ('额尔德尼');
INSERT INTO sys_forbid_word VALUES ('山本五十六');
INSERT INTO sys_forbid_word VALUES ('阿扁');
INSERT INTO sys_forbid_word VALUES ('阿扁万岁');
INSERT INTO sys_forbid_word VALUES ('热那亚');
INSERT INTO sys_forbid_word VALUES ('热比娅');
INSERT INTO sys_forbid_word VALUES ('实际神');
INSERT INTO sys_forbid_word VALUES ('东方闪电');
INSERT INTO sys_forbid_word VALUES ('全能神');
INSERT INTO sys_forbid_word VALUES ('安倍晋三');
INSERT INTO sys_forbid_word VALUES ('金正恩');
INSERT INTO sys_forbid_word VALUES ('张学良');
INSERT INTO sys_forbid_word VALUES ('恐怖组织');
INSERT INTO sys_forbid_word VALUES ('买毒品');
INSERT INTO sys_forbid_word VALUES ('卖毒品');
INSERT INTO sys_forbid_word VALUES ('茉莉花');
INSERT INTO sys_forbid_word VALUES ('钓鱼岛不属于中国');
INSERT INTO sys_forbid_word VALUES ('突尼斯');
INSERT INTO sys_forbid_word VALUES ('gongchandang');
INSERT INTO sys_forbid_word VALUES ('西藏314事件');
INSERT INTO sys_forbid_word VALUES ('新疆7.5事件');
INSERT INTO sys_forbid_word VALUES ('新疆国');
INSERT INTO sys_forbid_word VALUES ('党中央');
INSERT INTO sys_forbid_word VALUES ('新闻管制');
INSERT INTO sys_forbid_word VALUES ('一边一国');
INSERT INTO sys_forbid_word VALUES ('两国论');
INSERT INTO sys_forbid_word VALUES ('分裂中国');
INSERT INTO sys_forbid_word VALUES ('革命');
INSERT INTO sys_forbid_word VALUES ('国内动态详情');
INSERT INTO sys_forbid_word VALUES ('回回');
INSERT INTO sys_forbid_word VALUES ('六四');
INSERT INTO sys_forbid_word VALUES ('六四运动');
INSERT INTO sys_forbid_word VALUES ('美国之音');
INSERT INTO sys_forbid_word VALUES ('密宗');
INSERT INTO sys_forbid_word VALUES ('民国');
INSERT INTO sys_forbid_word VALUES ('民进党');
INSERT INTO sys_forbid_word VALUES ('民运');
INSERT INTO sys_forbid_word VALUES ('民主');
INSERT INTO sys_forbid_word VALUES ('民主潮');
INSERT INTO sys_forbid_word VALUES ('摩门教');
INSERT INTO sys_forbid_word VALUES ('纳粹');
INSERT INTO sys_forbid_word VALUES ('南华早报');
INSERT INTO sys_forbid_word VALUES ('南蛮');
INSERT INTO sys_forbid_word VALUES ('明慧网');
INSERT INTO sys_forbid_word VALUES ('起义');
INSERT INTO sys_forbid_word VALUES ('亲民党');
INSERT INTO sys_forbid_word VALUES ('瘸腿帮');
INSERT INTO sys_forbid_word VALUES ('人民报');
INSERT INTO sys_forbid_word VALUES ('法轮大法');
INSERT INTO sys_forbid_word VALUES ('台独万岁');
INSERT INTO sys_forbid_word VALUES ('圣战');
INSERT INTO sys_forbid_word VALUES ('示威');
INSERT INTO sys_forbid_word VALUES ('台独');
INSERT INTO sys_forbid_word VALUES ('台独分子');
INSERT INTO sys_forbid_word VALUES ('台联');
INSERT INTO sys_forbid_word VALUES ('台湾民国');
INSERT INTO sys_forbid_word VALUES ('台湾岛国');
INSERT INTO sys_forbid_word VALUES ('台湾国');
INSERT INTO sys_forbid_word VALUES ('台湾独立');
INSERT INTO sys_forbid_word VALUES ('天安门事件');
INSERT INTO sys_forbid_word VALUES ('屠杀');
INSERT INTO sys_forbid_word VALUES ('新党');
INSERT INTO sys_forbid_word VALUES ('新疆独立');
INSERT INTO sys_forbid_word VALUES ('新疆分裂');
INSERT INTO sys_forbid_word VALUES ('疆独');
INSERT INTO sys_forbid_word VALUES ('西藏分裂');
INSERT INTO sys_forbid_word VALUES ('西藏国');
INSERT INTO sys_forbid_word VALUES ('藏独');
INSERT INTO sys_forbid_word VALUES ('藏青会');
INSERT INTO sys_forbid_word VALUES ('藏妇会');
INSERT INTO sys_forbid_word VALUES ('学潮');
INSERT INTO sys_forbid_word VALUES ('学运');
INSERT INTO sys_forbid_word VALUES ('一党专政');
INSERT INTO sys_forbid_word VALUES ('一中一台');
INSERT INTO sys_forbid_word VALUES ('两个中国');
INSERT INTO sys_forbid_word VALUES ('一贯道');
INSERT INTO sys_forbid_word VALUES ('游行');
INSERT INTO sys_forbid_word VALUES ('造反');
INSERT INTO sys_forbid_word VALUES ('真善忍');
INSERT INTO sys_forbid_word VALUES ('镇压');
INSERT INTO sys_forbid_word VALUES ('政变');
INSERT INTO sys_forbid_word VALUES ('政治');
INSERT INTO sys_forbid_word VALUES ('政治反对派');
INSERT INTO sys_forbid_word VALUES ('政治犯');
INSERT INTO sys_forbid_word VALUES ('中共');
INSERT INTO sys_forbid_word VALUES ('共产党');
INSERT INTO sys_forbid_word VALUES ('反党');
INSERT INTO sys_forbid_word VALUES ('反共');
INSERT INTO sys_forbid_word VALUES ('政府');
INSERT INTO sys_forbid_word VALUES ('民主党');
INSERT INTO sys_forbid_word VALUES ('中国之春');
INSERT INTO sys_forbid_word VALUES ('转法轮');
INSERT INTO sys_forbid_word VALUES ('自焚');
INSERT INTO sys_forbid_word VALUES ('共党');
INSERT INTO sys_forbid_word VALUES ('共匪');
INSERT INTO sys_forbid_word VALUES ('苏家屯');
INSERT INTO sys_forbid_word VALUES ('基地组织');
INSERT INTO sys_forbid_word VALUES ('塔利班');
INSERT INTO sys_forbid_word VALUES ('东亚病夫');
INSERT INTO sys_forbid_word VALUES ('支那');
INSERT INTO sys_forbid_word VALUES ('高治联');
INSERT INTO sys_forbid_word VALUES ('高自联');
INSERT INTO sys_forbid_word VALUES ('专政');
INSERT INTO sys_forbid_word VALUES ('专制');
INSERT INTO sys_forbid_word VALUES ('世界维吾尔大会');
INSERT INTO sys_forbid_word VALUES ('核工业基地');
INSERT INTO sys_forbid_word VALUES ('核武器');
INSERT INTO sys_forbid_word VALUES ('铀');
INSERT INTO sys_forbid_word VALUES ('原子弹');
INSERT INTO sys_forbid_word VALUES ('氢弹');
INSERT INTO sys_forbid_word VALUES ('导弹');
INSERT INTO sys_forbid_word VALUES ('核潜艇');
INSERT INTO sys_forbid_word VALUES ('大参考');
INSERT INTO sys_forbid_word VALUES ('小参考');
INSERT INTO sys_forbid_word VALUES ('国内动态清样');
INSERT INTO sys_forbid_word VALUES ('释迦牟尼阿弥陀佛');
INSERT INTO sys_forbid_word VALUES ('多维');
INSERT INTO sys_forbid_word VALUES ('河殇');
INSERT INTO sys_forbid_word VALUES ('穆罕默德');
INSERT INTO sys_forbid_word VALUES ('耶和华');
INSERT INTO sys_forbid_word VALUES ('耶稣');
INSERT INTO sys_forbid_word VALUES ('伊斯兰');
INSERT INTO sys_forbid_word VALUES ('真主安拉');
INSERT INTO sys_forbid_word VALUES ('白莲教');
INSERT INTO sys_forbid_word VALUES ('天主教');
INSERT INTO sys_forbid_word VALUES ('基督教');
INSERT INTO sys_forbid_word VALUES ('东正教');
INSERT INTO sys_forbid_word VALUES ('大法');
INSERT INTO sys_forbid_word VALUES ('法轮');
INSERT INTO sys_forbid_word VALUES ('真理教');
INSERT INTO sys_forbid_word VALUES ('走向圆满');
INSERT INTO sys_forbid_word VALUES ('黄大仙');
INSERT INTO sys_forbid_word VALUES ('跳大神');
INSERT INTO sys_forbid_word VALUES ('神汉');
INSERT INTO sys_forbid_word VALUES ('神婆');
INSERT INTO sys_forbid_word VALUES ('大卫教');
INSERT INTO sys_forbid_word VALUES ('阎王');
INSERT INTO sys_forbid_word VALUES ('黑白无常');
INSERT INTO sys_forbid_word VALUES ('牛头马面');
INSERT INTO sys_forbid_word VALUES ('高丽棒子');
INSERT INTO sys_forbid_word VALUES ('蒙古鞑子');
INSERT INTO sys_forbid_word VALUES ('老毛子');
INSERT INTO sys_forbid_word VALUES ('回民吃猪肉');
INSERT INTO sys_forbid_word VALUES ('古柯碱');
INSERT INTO sys_forbid_word VALUES ('谋杀');
INSERT INTO sys_forbid_word VALUES ('杀人');
INSERT INTO sys_forbid_word VALUES ('吸毒');
INSERT INTO sys_forbid_word VALUES ('贩毒');
INSERT INTO sys_forbid_word VALUES ('赌博');
INSERT INTO sys_forbid_word VALUES ('拐卖');
INSERT INTO sys_forbid_word VALUES ('走私');
INSERT INTO sys_forbid_word VALUES ('卖淫');
INSERT INTO sys_forbid_word VALUES ('强奸');
INSERT INTO sys_forbid_word VALUES ('抢劫');
INSERT INTO sys_forbid_word VALUES ('先奸后杀');
INSERT INTO sys_forbid_word VALUES ('押大');
INSERT INTO sys_forbid_word VALUES ('押小');
INSERT INTO sys_forbid_word VALUES ('押注');
INSERT INTO sys_forbid_word VALUES ('下注');
INSERT INTO sys_forbid_word VALUES ('抽头');
INSERT INTO sys_forbid_word VALUES ('坐庄');
INSERT INTO sys_forbid_word VALUES ('赌马');
INSERT INTO sys_forbid_word VALUES ('赌球');
INSERT INTO sys_forbid_word VALUES ('筹码');
INSERT INTO sys_forbid_word VALUES ('老虎机');
INSERT INTO sys_forbid_word VALUES ('轮盘赌');
INSERT INTO sys_forbid_word VALUES ('安非他命');
INSERT INTO sys_forbid_word VALUES ('大麻');
INSERT INTO sys_forbid_word VALUES ('可卡因');
INSERT INTO sys_forbid_word VALUES ('杜冷丁');
INSERT INTO sys_forbid_word VALUES ('鸦片');
INSERT INTO sys_forbid_word VALUES ('罂粟');
INSERT INTO sys_forbid_word VALUES ('白粉');
INSERT INTO sys_forbid_word VALUES ('嗑药');
INSERT INTO sys_forbid_word VALUES ('冰粉');
INSERT INTO sys_forbid_word VALUES ('二奶');
INSERT INTO sys_forbid_word VALUES ('偷窥图片');
INSERT INTO sys_forbid_word VALUES ('成人影片');
INSERT INTO sys_forbid_word VALUES ('AV电影下载');
INSERT INTO sys_forbid_word VALUES ('夫妻床上激情自拍');
INSERT INTO sys_forbid_word VALUES ('房事');
INSERT INTO sys_forbid_word VALUES ('坐台');
INSERT INTO sys_forbid_word VALUES ('猥亵');
INSERT INTO sys_forbid_word VALUES ('猥琐');
INSERT INTO sys_forbid_word VALUES ('肉体');
INSERT INTO sys_forbid_word VALUES ('排泄');
INSERT INTO sys_forbid_word VALUES ('卵子');
INSERT INTO sys_forbid_word VALUES ('搞基');
INSERT INTO sys_forbid_word VALUES ('约炮');
INSERT INTO sys_forbid_word VALUES ('撸管子');
INSERT INTO sys_forbid_word VALUES ('处男');
INSERT INTO sys_forbid_word VALUES ('黄盘');
INSERT INTO sys_forbid_word VALUES ('毛盘');
INSERT INTO sys_forbid_word VALUES ('艾滋病');
INSERT INTO sys_forbid_word VALUES ('性病');
INSERT INTO sys_forbid_word VALUES ('叫春');
INSERT INTO sys_forbid_word VALUES ('牛B');
INSERT INTO sys_forbid_word VALUES ('牛比');
INSERT INTO sys_forbid_word VALUES ('J8');
INSERT INTO sys_forbid_word VALUES ('小姐兼职');
INSERT INTO sys_forbid_word VALUES ('交媾');
INSERT INTO sys_forbid_word VALUES ('黄片');
INSERT INTO sys_forbid_word VALUES ('交配');
INSERT INTO sys_forbid_word VALUES ('性事');
INSERT INTO sys_forbid_word VALUES ('偷窥');
INSERT INTO sys_forbid_word VALUES ('马拉戈壁');
INSERT INTO sys_forbid_word VALUES ('AIDS');
INSERT INTO sys_forbid_word VALUES ('DICK');
INSERT INTO sys_forbid_word VALUES ('penis');
INSERT INTO sys_forbid_word VALUES ('sex');
INSERT INTO sys_forbid_word VALUES ('SM');
INSERT INTO sys_forbid_word VALUES ('屙');
INSERT INTO sys_forbid_word VALUES ('爱滋');
INSERT INTO sys_forbid_word VALUES ('淋病');
INSERT INTO sys_forbid_word VALUES ('梅毒');
INSERT INTO sys_forbid_word VALUES ('爱液');
INSERT INTO sys_forbid_word VALUES ('屄');
INSERT INTO sys_forbid_word VALUES ('逼');
INSERT INTO sys_forbid_word VALUES ('臭机八');
INSERT INTO sys_forbid_word VALUES ('臭鸡巴');
INSERT INTO sys_forbid_word VALUES ('吹喇叭');
INSERT INTO sys_forbid_word VALUES ('催情药');
INSERT INTO sys_forbid_word VALUES ('屌');
INSERT INTO sys_forbid_word VALUES ('肛门');
INSERT INTO sys_forbid_word VALUES ('黄色');
INSERT INTO sys_forbid_word VALUES ('机八');
INSERT INTO sys_forbid_word VALUES ('机巴');
INSERT INTO sys_forbid_word VALUES ('鸡八');
INSERT INTO sys_forbid_word VALUES ('机掰');
INSERT INTO sys_forbid_word VALUES ('鸡叭');
INSERT INTO sys_forbid_word VALUES ('鸡鸡');
INSERT INTO sys_forbid_word VALUES ('鸡掰');
INSERT INTO sys_forbid_word VALUES ('鸡奸');
INSERT INTO sys_forbid_word VALUES ('茎');
INSERT INTO sys_forbid_word VALUES ('精子');
INSERT INTO sys_forbid_word VALUES ('尻');
INSERT INTO sys_forbid_word VALUES ('滥交');
INSERT INTO sys_forbid_word VALUES ('屁眼');
INSERT INTO sys_forbid_word VALUES ('嫖娼');
INSERT INTO sys_forbid_word VALUES ('强奸犯');
INSERT INTO sys_forbid_word VALUES ('乳房');
INSERT INTO sys_forbid_word VALUES ('乳峰');
INSERT INTO sys_forbid_word VALUES ('乳头');
INSERT INTO sys_forbid_word VALUES ('色情');
INSERT INTO sys_forbid_word VALUES ('射精');
INSERT INTO sys_forbid_word VALUES ('威而钢');
INSERT INTO sys_forbid_word VALUES ('威而柔');
INSERT INTO sys_forbid_word VALUES ('伟哥');
INSERT INTO sys_forbid_word VALUES ('性高潮');
INSERT INTO sys_forbid_word VALUES ('性虐');
INSERT INTO sys_forbid_word VALUES ('性欲');
INSERT INTO sys_forbid_word VALUES ('穴');
INSERT INTO sys_forbid_word VALUES ('颜射');
INSERT INTO sys_forbid_word VALUES ('阳物');
INSERT INTO sys_forbid_word VALUES ('一夜情');
INSERT INTO sys_forbid_word VALUES ('阴核');
INSERT INTO sys_forbid_word VALUES ('淫秽');
INSERT INTO sys_forbid_word VALUES ('淫娃');
INSERT INTO sys_forbid_word VALUES ('淫液');
INSERT INTO sys_forbid_word VALUES ('淫汁');
INSERT INTO sys_forbid_word VALUES ('淫穴');
INSERT INTO sys_forbid_word VALUES ('淫洞');
INSERT INTO sys_forbid_word VALUES ('援交妹');
INSERT INTO sys_forbid_word VALUES ('梦遗');
INSERT INTO sys_forbid_word VALUES ('阳痿');
INSERT INTO sys_forbid_word VALUES ('早泄');
INSERT INTO sys_forbid_word VALUES ('奸淫');
INSERT INTO sys_forbid_word VALUES ('Bitch');
INSERT INTO sys_forbid_word VALUES ('bt');
INSERT INTO sys_forbid_word VALUES ('cao');
INSERT INTO sys_forbid_word VALUES ('kao');
INSERT INTO sys_forbid_word VALUES ('NMD');
INSERT INTO sys_forbid_word VALUES ('NND');
INSERT INTO sys_forbid_word VALUES ('sb');
INSERT INTO sys_forbid_word VALUES ('shit');
INSERT INTO sys_forbid_word VALUES ('SUCK');
INSERT INTO sys_forbid_word VALUES ('tmd');
INSERT INTO sys_forbid_word VALUES ('tnnd');
INSERT INTO sys_forbid_word VALUES ('K他命');
INSERT INTO sys_forbid_word VALUES ('白痴');
INSERT INTO sys_forbid_word VALUES ('笨蛋');
INSERT INTO sys_forbid_word VALUES ('变态');
INSERT INTO sys_forbid_word VALUES ('婊子');
INSERT INTO sys_forbid_word VALUES ('操她妈');
INSERT INTO sys_forbid_word VALUES ('操妳妈');
INSERT INTO sys_forbid_word VALUES ('操你');
INSERT INTO sys_forbid_word VALUES ('操他妈');
INSERT INTO sys_forbid_word VALUES ('草你');
INSERT INTO sys_forbid_word VALUES ('册那');
INSERT INTO sys_forbid_word VALUES ('侧那');
INSERT INTO sys_forbid_word VALUES ('测拿');
INSERT INTO sys_forbid_word VALUES ('插');
INSERT INTO sys_forbid_word VALUES ('蠢猪');
INSERT INTO sys_forbid_word VALUES ('发骚');
INSERT INTO sys_forbid_word VALUES ('废物');
INSERT INTO sys_forbid_word VALUES ('干她妈');
INSERT INTO sys_forbid_word VALUES ('干妳');
INSERT INTO sys_forbid_word VALUES ('干妳娘');
INSERT INTO sys_forbid_word VALUES ('干你');
INSERT INTO sys_forbid_word VALUES ('干你妈');
INSERT INTO sys_forbid_word VALUES ('干你妈B');
INSERT INTO sys_forbid_word VALUES ('干你妈逼');
INSERT INTO sys_forbid_word VALUES ('干你娘');
INSERT INTO sys_forbid_word VALUES ('干他妈');
INSERT INTO sys_forbid_word VALUES ('狗娘养的');
INSERT INTO sys_forbid_word VALUES ('滚');
INSERT INTO sys_forbid_word VALUES ('贱货');
INSERT INTO sys_forbid_word VALUES ('贱人');
INSERT INTO sys_forbid_word VALUES ('烂人');
INSERT INTO sys_forbid_word VALUES ('老母');
INSERT INTO sys_forbid_word VALUES ('老土');
INSERT INTO sys_forbid_word VALUES ('妈比');
INSERT INTO sys_forbid_word VALUES ('妈的');
INSERT INTO sys_forbid_word VALUES ('马的');
INSERT INTO sys_forbid_word VALUES ('妳老母的');
INSERT INTO sys_forbid_word VALUES ('妳娘的');
INSERT INTO sys_forbid_word VALUES ('你妈逼');
INSERT INTO sys_forbid_word VALUES ('破鞋');
INSERT INTO sys_forbid_word VALUES ('仆街');
INSERT INTO sys_forbid_word VALUES ('去她妈');
INSERT INTO sys_forbid_word VALUES ('去妳的');
INSERT INTO sys_forbid_word VALUES ('去妳妈');
INSERT INTO sys_forbid_word VALUES ('去你的');
INSERT INTO sys_forbid_word VALUES ('去你妈');
INSERT INTO sys_forbid_word VALUES ('去死');
INSERT INTO sys_forbid_word VALUES ('去他妈');
INSERT INTO sys_forbid_word VALUES ('日');
INSERT INTO sys_forbid_word VALUES ('日你');
INSERT INTO sys_forbid_word VALUES ('赛她娘');
INSERT INTO sys_forbid_word VALUES ('赛妳娘');
INSERT INTO sys_forbid_word VALUES ('赛你娘');
INSERT INTO sys_forbid_word VALUES ('赛他娘');
INSERT INTO sys_forbid_word VALUES ('傻B');
INSERT INTO sys_forbid_word VALUES ('傻比');
INSERT INTO sys_forbid_word VALUES ('傻子');
INSERT INTO sys_forbid_word VALUES ('上妳');
INSERT INTO sys_forbid_word VALUES ('上你');
INSERT INTO sys_forbid_word VALUES ('神经病');
INSERT INTO sys_forbid_word VALUES ('屎');
INSERT INTO sys_forbid_word VALUES ('屎妳娘');
INSERT INTO sys_forbid_word VALUES ('屎你娘');
INSERT INTO sys_forbid_word VALUES ('他妈的');
INSERT INTO sys_forbid_word VALUES ('王八蛋');
INSERT INTO sys_forbid_word VALUES ('我操');
INSERT INTO sys_forbid_word VALUES ('我日');
INSERT INTO sys_forbid_word VALUES ('乡巴佬');
INSERT INTO sys_forbid_word VALUES ('猪猡');
INSERT INTO sys_forbid_word VALUES ('干');
INSERT INTO sys_forbid_word VALUES ('尿');
INSERT INTO sys_forbid_word VALUES ('掯');
INSERT INTO sys_forbid_word VALUES ('骑你');
INSERT INTO sys_forbid_word VALUES ('湿了');
INSERT INTO sys_forbid_word VALUES ('操他');
INSERT INTO sys_forbid_word VALUES ('操她');
INSERT INTO sys_forbid_word VALUES ('骑他');
INSERT INTO sys_forbid_word VALUES ('骑她');
INSERT INTO sys_forbid_word VALUES ('欠骑');
INSERT INTO sys_forbid_word VALUES ('欠人骑');
INSERT INTO sys_forbid_word VALUES ('来爽我');
INSERT INTO sys_forbid_word VALUES ('来插我');
INSERT INTO sys_forbid_word VALUES ('干他');
INSERT INTO sys_forbid_word VALUES ('干她');
INSERT INTO sys_forbid_word VALUES ('干爆');
INSERT INTO sys_forbid_word VALUES ('干机');
INSERT INTO sys_forbid_word VALUES ('机叭');
INSERT INTO sys_forbid_word VALUES ('臭鸡');
INSERT INTO sys_forbid_word VALUES ('臭机');
INSERT INTO sys_forbid_word VALUES ('烂鸟');
INSERT INTO sys_forbid_word VALUES ('览叫');
INSERT INTO sys_forbid_word VALUES ('阳具');
INSERT INTO sys_forbid_word VALUES ('肉壶');
INSERT INTO sys_forbid_word VALUES ('摸咪咪');
INSERT INTO sys_forbid_word VALUES ('干鸡');
INSERT INTO sys_forbid_word VALUES ('干入');
INSERT INTO sys_forbid_word VALUES ('插你');
INSERT INTO sys_forbid_word VALUES ('爽你');
INSERT INTO sys_forbid_word VALUES ('干干');
INSERT INTO sys_forbid_word VALUES ('干X');
INSERT INTO sys_forbid_word VALUES ('他干');
INSERT INTO sys_forbid_word VALUES ('干它');
INSERT INTO sys_forbid_word VALUES ('干牠');
INSERT INTO sys_forbid_word VALUES ('干您');
INSERT INTO sys_forbid_word VALUES ('干汝');
INSERT INTO sys_forbid_word VALUES ('干林');
INSERT INTO sys_forbid_word VALUES ('操林');
INSERT INTO sys_forbid_word VALUES ('干尼');
INSERT INTO sys_forbid_word VALUES ('操尼');
INSERT INTO sys_forbid_word VALUES ('我咧干');
INSERT INTO sys_forbid_word VALUES ('干勒');
INSERT INTO sys_forbid_word VALUES ('干我');
INSERT INTO sys_forbid_word VALUES ('干到');
INSERT INTO sys_forbid_word VALUES ('干啦');
INSERT INTO sys_forbid_word VALUES ('干爽');
INSERT INTO sys_forbid_word VALUES ('欠干');
INSERT INTO sys_forbid_word VALUES ('狗干');
INSERT INTO sys_forbid_word VALUES ('我干');
INSERT INTO sys_forbid_word VALUES ('来干');
INSERT INTO sys_forbid_word VALUES ('轮干');
INSERT INTO sys_forbid_word VALUES ('轮流干');
INSERT INTO sys_forbid_word VALUES ('干一干');
INSERT INTO sys_forbid_word VALUES ('奸暴');
INSERT INTO sys_forbid_word VALUES ('再奸');
INSERT INTO sys_forbid_word VALUES ('我奸');
INSERT INTO sys_forbid_word VALUES ('奸你');
INSERT INTO sys_forbid_word VALUES ('奸他');
INSERT INTO sys_forbid_word VALUES ('奸她');
INSERT INTO sys_forbid_word VALUES ('奸一奸');
INSERT INTO sys_forbid_word VALUES ('淫湿');
INSERT INTO sys_forbid_word VALUES ('鸡歪');
INSERT INTO sys_forbid_word VALUES ('臭西');
INSERT INTO sys_forbid_word VALUES ('遗精');
INSERT INTO sys_forbid_word VALUES ('烂逼');
INSERT INTO sys_forbid_word VALUES ('大血比');
INSERT INTO sys_forbid_word VALUES ('叼你妈');
INSERT INTO sys_forbid_word VALUES ('靠你妈');
INSERT INTO sys_forbid_word VALUES ('戳你');
INSERT INTO sys_forbid_word VALUES ('逼你老母');
INSERT INTO sys_forbid_word VALUES ('挨球');
INSERT INTO sys_forbid_word VALUES ('我日你');
INSERT INTO sys_forbid_word VALUES ('草拟妈');
INSERT INTO sys_forbid_word VALUES ('卖逼');
INSERT INTO sys_forbid_word VALUES ('狗操卖逼');
INSERT INTO sys_forbid_word VALUES ('日死');
INSERT INTO sys_forbid_word VALUES ('奶娘');
INSERT INTO sys_forbid_word VALUES ('他娘');
INSERT INTO sys_forbid_word VALUES ('她娘');
INSERT INTO sys_forbid_word VALUES ('骚B');
INSERT INTO sys_forbid_word VALUES ('你妈了妹');
INSERT INTO sys_forbid_word VALUES ('逼毛');
INSERT INTO sys_forbid_word VALUES ('插你妈');
INSERT INTO sys_forbid_word VALUES ('叼你');
INSERT INTO sys_forbid_word VALUES ('渣波波');
INSERT INTO sys_forbid_word VALUES ('嫩b');
INSERT INTO sys_forbid_word VALUES ('weelaa');
INSERT INTO sys_forbid_word VALUES ('缔顺');
INSERT INTO sys_forbid_word VALUES ('帝顺');
INSERT INTO sys_forbid_word VALUES ('蒂顺');
INSERT INTO sys_forbid_word VALUES ('系统消息');
INSERT INTO sys_forbid_word VALUES ('午夜');
INSERT INTO sys_forbid_word VALUES ('看下');
INSERT INTO sys_forbid_word VALUES ('草泥马');
INSERT INTO sys_forbid_word VALUES ('法克鱿');
INSERT INTO sys_forbid_word VALUES ('雅蠛蝶');
INSERT INTO sys_forbid_word VALUES ('潜烈蟹');
INSERT INTO sys_forbid_word VALUES ('菊花蚕');
INSERT INTO sys_forbid_word VALUES ('尾申鲸');
INSERT INTO sys_forbid_word VALUES ('吉跋猫');
INSERT INTO sys_forbid_word VALUES ('搞栗棒');
INSERT INTO sys_forbid_word VALUES ('吟稻雁');
INSERT INTO sys_forbid_word VALUES ('达菲鸡');
INSERT INTO sys_forbid_word VALUES ('ML');
INSERT INTO sys_forbid_word VALUES ('3P');
INSERT INTO sys_forbid_word VALUES ('群P');
INSERT INTO sys_forbid_word VALUES ('马勒戈壁');
INSERT INTO sys_forbid_word VALUES ('双飞');
INSERT INTO sys_forbid_word VALUES ('周恩來');
INSERT INTO sys_forbid_word VALUES ('碡');
INSERT INTO sys_forbid_word VALUES ('籀');
INSERT INTO sys_forbid_word VALUES ('朱駿');
INSERT INTO sys_forbid_word VALUES ('朱狨基');
INSERT INTO sys_forbid_word VALUES ('朱容基');
INSERT INTO sys_forbid_word VALUES ('朱溶剂');
INSERT INTO sys_forbid_word VALUES ('朱熔基');
INSERT INTO sys_forbid_word VALUES ('邾');
INSERT INTO sys_forbid_word VALUES ('猪操');
INSERT INTO sys_forbid_word VALUES ('猪聋畸');
INSERT INTO sys_forbid_word VALUES ('猪毛');
INSERT INTO sys_forbid_word VALUES ('猪毛1');
INSERT INTO sys_forbid_word VALUES ('舳');
INSERT INTO sys_forbid_word VALUES ('瘃');
INSERT INTO sys_forbid_word VALUES ('躅');
INSERT INTO sys_forbid_word VALUES ('翥');
INSERT INTO sys_forbid_word VALUES ('專政');
INSERT INTO sys_forbid_word VALUES ('颛');
INSERT INTO sys_forbid_word VALUES ('丬');
INSERT INTO sys_forbid_word VALUES ('隹');
INSERT INTO sys_forbid_word VALUES ('窀');
INSERT INTO sys_forbid_word VALUES ('卓伯源');
INSERT INTO sys_forbid_word VALUES ('倬');
INSERT INTO sys_forbid_word VALUES ('斫');
INSERT INTO sys_forbid_word VALUES ('诼');
INSERT INTO sys_forbid_word VALUES ('髭');
INSERT INTO sys_forbid_word VALUES ('鲻');
INSERT INTO sys_forbid_word VALUES ('子宫');
INSERT INTO sys_forbid_word VALUES ('秭');
INSERT INTO sys_forbid_word VALUES ('訾');
INSERT INTO sys_forbid_word VALUES ('自民党');
INSERT INTO sys_forbid_word VALUES ('自慰');
INSERT INTO sys_forbid_word VALUES ('自已的故事');
INSERT INTO sys_forbid_word VALUES ('自由民主论坛');
INSERT INTO sys_forbid_word VALUES ('总理');
INSERT INTO sys_forbid_word VALUES ('偬');
INSERT INTO sys_forbid_word VALUES ('诹');
INSERT INTO sys_forbid_word VALUES ('陬');
INSERT INTO sys_forbid_word VALUES ('鄹');
INSERT INTO sys_forbid_word VALUES ('鲰');
INSERT INTO sys_forbid_word VALUES ('躜');
INSERT INTO sys_forbid_word VALUES ('缵');
INSERT INTO sys_forbid_word VALUES ('作爱');
INSERT INTO sys_forbid_word VALUES ('作秀');
INSERT INTO sys_forbid_word VALUES ('阼');
INSERT INTO sys_forbid_word VALUES ('祚');
INSERT INTO sys_forbid_word VALUES ('阿扁萬歲');
INSERT INTO sys_forbid_word VALUES ('阿萊娜');
INSERT INTO sys_forbid_word VALUES ('啊無卵');
INSERT INTO sys_forbid_word VALUES ('埃裏克蘇特勤');
INSERT INTO sys_forbid_word VALUES ('埃斯萬');
INSERT INTO sys_forbid_word VALUES ('艾麗絲');
INSERT INTO sys_forbid_word VALUES ('愛滋');
INSERT INTO sys_forbid_word VALUES ('愛滋病');
INSERT INTO sys_forbid_word VALUES ('垵');
INSERT INTO sys_forbid_word VALUES ('暗黑法師');
INSERT INTO sys_forbid_word VALUES ('嶴');
INSERT INTO sys_forbid_word VALUES ('奧克拉');
INSERT INTO sys_forbid_word VALUES ('奧拉德');
INSERT INTO sys_forbid_word VALUES ('奧利弗');
INSERT INTO sys_forbid_word VALUES ('奧魯奇');
INSERT INTO sys_forbid_word VALUES ('奧倫');
INSERT INTO sys_forbid_word VALUES ('奧特蘭');
INSERT INTO sys_forbid_word VALUES ('㈧');
INSERT INTO sys_forbid_word VALUES ('巴倫侍從');
INSERT INTO sys_forbid_word VALUES ('巴倫坦');
INSERT INTO sys_forbid_word VALUES ('白立樸');
INSERT INTO sys_forbid_word VALUES ('白夢');
INSERT INTO sys_forbid_word VALUES ('白皮書');
INSERT INTO sys_forbid_word VALUES ('班禪');
INSERT INTO sys_forbid_word VALUES ('寶石商人');
INSERT INTO sys_forbid_word VALUES ('保釣');
INSERT INTO sys_forbid_word VALUES ('鮑戈');
INSERT INTO sys_forbid_word VALUES ('鮑彤');
INSERT INTO sys_forbid_word VALUES ('鮑伊');
INSERT INTO sys_forbid_word VALUES ('暴風亡靈');
INSERT INTO sys_forbid_word VALUES ('暴亂');
INSERT INTO sys_forbid_word VALUES ('暴熱的戰士');
INSERT INTO sys_forbid_word VALUES ('暴躁的城塔野獸');
INSERT INTO sys_forbid_word VALUES ('暴躁的警衛兵靈魂');
INSERT INTO sys_forbid_word VALUES ('暴躁的馬杜克');
INSERT INTO sys_forbid_word VALUES ('北大三角地論壇');
INSERT INTO sys_forbid_word VALUES ('北韓');
INSERT INTO sys_forbid_word VALUES ('北京當局');
INSERT INTO sys_forbid_word VALUES ('北美自由論壇');
INSERT INTO sys_forbid_word VALUES ('貝尤爾');
INSERT INTO sys_forbid_word VALUES ('韝');
INSERT INTO sys_forbid_word VALUES ('逼樣');
INSERT INTO sys_forbid_word VALUES ('比樣');
INSERT INTO sys_forbid_word VALUES ('蹕');
INSERT INTO sys_forbid_word VALUES ('颮');
INSERT INTO sys_forbid_word VALUES ('鑣');
INSERT INTO sys_forbid_word VALUES ('婊子養的');
INSERT INTO sys_forbid_word VALUES ('賓周');
INSERT INTO sys_forbid_word VALUES ('冰後');
INSERT INTO sys_forbid_word VALUES ('博訊');
INSERT INTO sys_forbid_word VALUES ('不滅帝王');
INSERT INTO sys_forbid_word VALUES ('不爽不要錢');
INSERT INTO sys_forbid_word VALUES ('布萊爾');
INSERT INTO sys_forbid_word VALUES ('布雷爾');
INSERT INTO sys_forbid_word VALUES ('蔡崇國');
INSERT INTO sys_forbid_word VALUES ('蔡啓芳');
INSERT INTO sys_forbid_word VALUES ('黲');
INSERT INTO sys_forbid_word VALUES ('操鶏');
INSERT INTO sys_forbid_word VALUES ('操那嗎B');
INSERT INTO sys_forbid_word VALUES ('操那嗎逼');
INSERT INTO sys_forbid_word VALUES ('操那嗎比');
INSERT INTO sys_forbid_word VALUES ('操你媽');
INSERT INTO sys_forbid_word VALUES ('操你爺爺');
INSERT INTO sys_forbid_word VALUES ('曹長青');
INSERT INTO sys_forbid_word VALUES ('曹剛川');
INSERT INTO sys_forbid_word VALUES ('草');
INSERT INTO sys_forbid_word VALUES ('草你媽');
INSERT INTO sys_forbid_word VALUES ('草擬媽');
INSERT INTO sys_forbid_word VALUES ('册那娘餓比');
INSERT INTO sys_forbid_word VALUES ('插那嗎B');
INSERT INTO sys_forbid_word VALUES ('插那嗎逼');
INSERT INTO sys_forbid_word VALUES ('插那嗎比');
INSERT INTO sys_forbid_word VALUES ('插你媽');
INSERT INTO sys_forbid_word VALUES ('插你爺爺');
INSERT INTO sys_forbid_word VALUES ('覘');
INSERT INTO sys_forbid_word VALUES ('蕆');
INSERT INTO sys_forbid_word VALUES ('囅');
INSERT INTO sys_forbid_word VALUES ('閶');
INSERT INTO sys_forbid_word VALUES ('長官沙塔特');
INSERT INTO sys_forbid_word VALUES ('常勁');
INSERT INTO sys_forbid_word VALUES ('朝鮮');
INSERT INTO sys_forbid_word VALUES ('車侖');
INSERT INTO sys_forbid_word VALUES ('車侖女幹');
INSERT INTO sys_forbid_word VALUES ('沉睡圖騰');
INSERT INTO sys_forbid_word VALUES ('陳炳基');
INSERT INTO sys_forbid_word VALUES ('陳博志');
INSERT INTO sys_forbid_word VALUES ('陳定南');
INSERT INTO sys_forbid_word VALUES ('陳建銘');
INSERT INTO sys_forbid_word VALUES ('陳景俊');
INSERT INTO sys_forbid_word VALUES ('陳菊');
INSERT INTO sys_forbid_word VALUES ('陳軍');
INSERT INTO sys_forbid_word VALUES ('陳良宇');
INSERT INTO sys_forbid_word VALUES ('陳蒙');
INSERT INTO sys_forbid_word VALUES ('陳破空');
INSERT INTO sys_forbid_word VALUES ('陳水扁');
INSERT INTO sys_forbid_word VALUES ('陳唐山');
INSERT INTO sys_forbid_word VALUES ('陳希同');
INSERT INTO sys_forbid_word VALUES ('陳小同');
INSERT INTO sys_forbid_word VALUES ('陳宣良');
INSERT INTO sys_forbid_word VALUES ('陳學聖');
INSERT INTO sys_forbid_word VALUES ('陳一諮');
INSERT INTO sys_forbid_word VALUES ('陳總統');
INSERT INTO sys_forbid_word VALUES ('諶');
INSERT INTO sys_forbid_word VALUES ('齔');
INSERT INTO sys_forbid_word VALUES ('櫬');
INSERT INTO sys_forbid_word VALUES ('讖');
INSERT INTO sys_forbid_word VALUES ('程凱');
INSERT INTO sys_forbid_word VALUES ('程鐵軍');
INSERT INTO sys_forbid_word VALUES ('鴟');
INSERT INTO sys_forbid_word VALUES ('痴鳩');
INSERT INTO sys_forbid_word VALUES ('痴拈');
INSERT INTO sys_forbid_word VALUES ('遲鈍的圖騰');
INSERT INTO sys_forbid_word VALUES ('持不同政見');
INSERT INTO sys_forbid_word VALUES ('赤色騎士');
INSERT INTO sys_forbid_word VALUES ('赤色戰士');
INSERT INTO sys_forbid_word VALUES ('處女膜');
INSERT INTO sys_forbid_word VALUES ('傳染性病');
INSERT INTO sys_forbid_word VALUES ('吹簫');
INSERT INTO sys_forbid_word VALUES ('春夏自由論壇');
INSERT INTO sys_forbid_word VALUES ('戳那嗎B');
INSERT INTO sys_forbid_word VALUES ('戳那嗎逼');
INSERT INTO sys_forbid_word VALUES ('戳那嗎比');
INSERT INTO sys_forbid_word VALUES ('輳');
INSERT INTO sys_forbid_word VALUES ('鹺');
INSERT INTO sys_forbid_word VALUES ('錯B');
INSERT INTO sys_forbid_word VALUES ('錯逼');
INSERT INTO sys_forbid_word VALUES ('錯比');
INSERT INTO sys_forbid_word VALUES ('錯那嗎B');
INSERT INTO sys_forbid_word VALUES ('錯那嗎逼');
INSERT INTO sys_forbid_word VALUES ('錯那嗎比');
INSERT INTO sys_forbid_word VALUES ('達夫警衛兵');
INSERT INTO sys_forbid_word VALUES ('達夫侍從');
INSERT INTO sys_forbid_word VALUES ('達癩');
INSERT INTO sys_forbid_word VALUES ('打飛機');
INSERT INTO sys_forbid_word VALUES ('大參考');
INSERT INTO sys_forbid_word VALUES ('大東亞');
INSERT INTO sys_forbid_word VALUES ('大東亞共榮');
INSERT INTO sys_forbid_word VALUES ('大鶏巴');
INSERT INTO sys_forbid_word VALUES ('大紀元');
INSERT INTO sys_forbid_word VALUES ('大紀元新聞網');
INSERT INTO sys_forbid_word VALUES ('大紀園');
INSERT INTO sys_forbid_word VALUES ('大家論壇');
INSERT INTO sys_forbid_word VALUES ('大奶媽');
INSERT INTO sys_forbid_word VALUES ('大史記');
INSERT INTO sys_forbid_word VALUES ('大史紀');
INSERT INTO sys_forbid_word VALUES ('大衛教');
INSERT INTO sys_forbid_word VALUES ('大中國論壇');
INSERT INTO sys_forbid_word VALUES ('大中華論壇');
INSERT INTO sys_forbid_word VALUES ('大衆真人真事');
INSERT INTO sys_forbid_word VALUES ('紿');
INSERT INTO sys_forbid_word VALUES ('戴維教');
INSERT INTO sys_forbid_word VALUES ('戴相龍');
INSERT INTO sys_forbid_word VALUES ('彈劾');
INSERT INTO sys_forbid_word VALUES ('氹');
INSERT INTO sys_forbid_word VALUES ('蕩婦');
INSERT INTO sys_forbid_word VALUES ('導師');
INSERT INTO sys_forbid_word VALUES ('盜竊犯');
INSERT INTO sys_forbid_word VALUES ('德維爾');
INSERT INTO sys_forbid_word VALUES ('登輝');
INSERT INTO sys_forbid_word VALUES ('鄧笑貧');
INSERT INTO sys_forbid_word VALUES ('糴');
INSERT INTO sys_forbid_word VALUES ('迪裏夏提');
INSERT INTO sys_forbid_word VALUES ('覿');
INSERT INTO sys_forbid_word VALUES ('地下教會');
INSERT INTO sys_forbid_word VALUES ('帝國主義');
INSERT INTO sys_forbid_word VALUES ('電視流氓');
INSERT INTO sys_forbid_word VALUES ('叼你媽');
INSERT INTO sys_forbid_word VALUES ('釣魚島');
INSERT INTO sys_forbid_word VALUES ('丁關根');
INSERT INTO sys_forbid_word VALUES ('東北獨立');
INSERT INTO sys_forbid_word VALUES ('東部地下水路');
INSERT INTO sys_forbid_word VALUES ('東方紅時空');
INSERT INTO sys_forbid_word VALUES ('東方時空');
INSERT INTO sys_forbid_word VALUES ('東南西北論談');
INSERT INTO sys_forbid_word VALUES ('東社');
INSERT INTO sys_forbid_word VALUES ('東升');
INSERT INTO sys_forbid_word VALUES ('東條');
INSERT INTO sys_forbid_word VALUES ('東條英機');
INSERT INTO sys_forbid_word VALUES ('東突暴動');
INSERT INTO sys_forbid_word VALUES ('東突獨立');
INSERT INTO sys_forbid_word VALUES ('東土耳其斯坦');
INSERT INTO sys_forbid_word VALUES ('東西南北論壇');
INSERT INTO sys_forbid_word VALUES ('東亞');
INSERT INTO sys_forbid_word VALUES ('東院看守');
INSERT INTO sys_forbid_word VALUES ('動亂');
INSERT INTO sys_forbid_word VALUES ('鬥士哈夫拉蘇');
INSERT INTO sys_forbid_word VALUES ('鬥士霍克');
INSERT INTO sys_forbid_word VALUES ('獨裁');
INSERT INTO sys_forbid_word VALUES ('獨裁政治');
INSERT INTO sys_forbid_word VALUES ('獨夫');
INSERT INTO sys_forbid_word VALUES ('獨立臺灣會');
INSERT INTO sys_forbid_word VALUES ('俄國');
INSERT INTO sys_forbid_word VALUES ('鮞');
INSERT INTO sys_forbid_word VALUES ('發楞');
INSERT INTO sys_forbid_word VALUES ('發掄');
INSERT INTO sys_forbid_word VALUES ('發掄功');
INSERT INTO sys_forbid_word VALUES ('發倫');
INSERT INTO sys_forbid_word VALUES ('發倫功');
INSERT INTO sys_forbid_word VALUES ('發輪');
INSERT INTO sys_forbid_word VALUES ('發論');
INSERT INTO sys_forbid_word VALUES ('發論公');
INSERT INTO sys_forbid_word VALUES ('發論功');
INSERT INTO sys_forbid_word VALUES ('發騷');
INSERT INTO sys_forbid_word VALUES ('發正念');
INSERT INTO sys_forbid_word VALUES ('法~倫');
INSERT INTO sys_forbid_word VALUES ('法~淪');
INSERT INTO sys_forbid_word VALUES ('法~綸');
INSERT INTO sys_forbid_word VALUES ('法~輪');
INSERT INTO sys_forbid_word VALUES ('法~論');
INSERT INTO sys_forbid_word VALUES ('法爾卡');
INSERT INTO sys_forbid_word VALUES ('法掄');
INSERT INTO sys_forbid_word VALUES ('法掄功');
INSERT INTO sys_forbid_word VALUES ('法侖');
INSERT INTO sys_forbid_word VALUES ('法淪');
INSERT INTO sys_forbid_word VALUES ('法綸');
INSERT INTO sys_forbid_word VALUES ('法輪大法');
INSERT INTO sys_forbid_word VALUES ('法輪功');
INSERT INTO sys_forbid_word VALUES ('法十輪十功');
INSERT INTO sys_forbid_word VALUES ('法謫');
INSERT INTO sys_forbid_word VALUES ('法謫功');
INSERT INTO sys_forbid_word VALUES ('反封鎖');
INSERT INTO sys_forbid_word VALUES ('反封鎖技術');
INSERT INTO sys_forbid_word VALUES ('反腐敗論壇');
INSERT INTO sys_forbid_word VALUES ('反人類');
INSERT INTO sys_forbid_word VALUES ('反社會');
INSERT INTO sys_forbid_word VALUES ('方勵之');
INSERT INTO sys_forbid_word VALUES ('防衛指揮官');
INSERT INTO sys_forbid_word VALUES ('放蕩');
INSERT INTO sys_forbid_word VALUES ('飛揚論壇');
INSERT INTO sys_forbid_word VALUES ('廢墟守護者');
INSERT INTO sys_forbid_word VALUES ('費鴻泰');
INSERT INTO sys_forbid_word VALUES ('費良勇');
INSERT INTO sys_forbid_word VALUES ('分隊長施蒂文');
INSERT INTO sys_forbid_word VALUES ('粉飾太平');
INSERT INTO sys_forbid_word VALUES ('糞便');
INSERT INTO sys_forbid_word VALUES ('鱝');
INSERT INTO sys_forbid_word VALUES ('豐饒的果實');
INSERT INTO sys_forbid_word VALUES ('風雨神州');
INSERT INTO sys_forbid_word VALUES ('風雨神州論壇');
INSERT INTO sys_forbid_word VALUES ('封從德');
INSERT INTO sys_forbid_word VALUES ('封殺');
INSERT INTO sys_forbid_word VALUES ('封印的靈魂騎士');
INSERT INTO sys_forbid_word VALUES ('馮東海');
INSERT INTO sys_forbid_word VALUES ('馮素英');
INSERT INTO sys_forbid_word VALUES ('紱');
INSERT INTO sys_forbid_word VALUES ('襆');
INSERT INTO sys_forbid_word VALUES ('嘸');
INSERT INTO sys_forbid_word VALUES ('傅作義');
INSERT INTO sys_forbid_word VALUES ('幹bi');
INSERT INTO sys_forbid_word VALUES ('幹逼');
INSERT INTO sys_forbid_word VALUES ('幹比');
INSERT INTO sys_forbid_word VALUES ('幹的你');
INSERT INTO sys_forbid_word VALUES ('幹幹幹');
INSERT INTO sys_forbid_word VALUES ('幹她');
INSERT INTO sys_forbid_word VALUES ('幹你');
INSERT INTO sys_forbid_word VALUES ('幹你老比');
INSERT INTO sys_forbid_word VALUES ('幹你老母');
INSERT INTO sys_forbid_word VALUES ('幹你娘');
INSERT INTO sys_forbid_word VALUES ('幹全家');
INSERT INTO sys_forbid_word VALUES ('幹死');
INSERT INTO sys_forbid_word VALUES ('幹死你');
INSERT INTO sys_forbid_word VALUES ('幹他');
INSERT INTO sys_forbid_word VALUES ('幹一家');
INSERT INTO sys_forbid_word VALUES ('趕你娘');
INSERT INTO sys_forbid_word VALUES ('岡巒');
INSERT INTO sys_forbid_word VALUES ('剛比');
INSERT INTO sys_forbid_word VALUES ('剛比樣子');
INSERT INTO sys_forbid_word VALUES ('崗哨士兵');
INSERT INTO sys_forbid_word VALUES ('肛門');
INSERT INTO sys_forbid_word VALUES ('高麗棒子');
INSERT INTO sys_forbid_word VALUES ('高文謙');
INSERT INTO sys_forbid_word VALUES ('高薪養廉');
INSERT INTO sys_forbid_word VALUES ('高自聯');
INSERT INTO sys_forbid_word VALUES ('膏藥旗');
INSERT INTO sys_forbid_word VALUES ('戈瑞爾德');
INSERT INTO sys_forbid_word VALUES ('戈揚');
INSERT INTO sys_forbid_word VALUES ('鴿派');
INSERT INTO sys_forbid_word VALUES ('歌功頌德');
INSERT INTO sys_forbid_word VALUES ('格雷(關卡排名管理者)');
INSERT INTO sys_forbid_word VALUES ('格魯');
INSERT INTO sys_forbid_word VALUES ('格魯(城鎮移動)');
INSERT INTO sys_forbid_word VALUES ('鯁');
INSERT INTO sys_forbid_word VALUES ('工自聯');
INSERT INTO sys_forbid_word VALUES ('弓雖');
INSERT INTO sys_forbid_word VALUES ('共産');
INSERT INTO sys_forbid_word VALUES ('共産黨');
INSERT INTO sys_forbid_word VALUES ('共産主義');
INSERT INTO sys_forbid_word VALUES ('共黨');
INSERT INTO sys_forbid_word VALUES ('共軍');
INSERT INTO sys_forbid_word VALUES ('共榮圈');
INSERT INTO sys_forbid_word VALUES ('緱');
INSERT INTO sys_forbid_word VALUES ('狗誠');
INSERT INTO sys_forbid_word VALUES ('狗狼養的');
INSERT INTO sys_forbid_word VALUES ('狗娘養的');
INSERT INTO sys_forbid_word VALUES ('狗養');
INSERT INTO sys_forbid_word VALUES ('狗雜種');
INSERT INTO sys_forbid_word VALUES ('覯');
INSERT INTO sys_forbid_word VALUES ('轂');
INSERT INTO sys_forbid_word VALUES ('古龍祭壇');
INSERT INTO sys_forbid_word VALUES ('骨獅');
INSERT INTO sys_forbid_word VALUES ('鯝');
INSERT INTO sys_forbid_word VALUES ('鴰');
INSERT INTO sys_forbid_word VALUES ('詿');
INSERT INTO sys_forbid_word VALUES ('關卓中');
INSERT INTO sys_forbid_word VALUES ('貫通兩極法');
INSERT INTO sys_forbid_word VALUES ('廣聞');
INSERT INTO sys_forbid_word VALUES ('嬀');
INSERT INTO sys_forbid_word VALUES ('龜兒子');
INSERT INTO sys_forbid_word VALUES ('龜公');
INSERT INTO sys_forbid_word VALUES ('龜孫子');
INSERT INTO sys_forbid_word VALUES ('龜頭');
INSERT INTO sys_forbid_word VALUES ('龜投');
INSERT INTO sys_forbid_word VALUES ('劌');
INSERT INTO sys_forbid_word VALUES ('緄');
INSERT INTO sys_forbid_word VALUES ('滾那嗎');
INSERT INTO sys_forbid_word VALUES ('滾那嗎B');
INSERT INTO sys_forbid_word VALUES ('滾那嗎錯比');
INSERT INTO sys_forbid_word VALUES ('滾那嗎老比');
INSERT INTO sys_forbid_word VALUES ('滾那嗎瘟比');
INSERT INTO sys_forbid_word VALUES ('鯀');
INSERT INTO sys_forbid_word VALUES ('咼');
INSERT INTO sys_forbid_word VALUES ('郭俊銘');
INSERT INTO sys_forbid_word VALUES ('郭羅基');
INSERT INTO sys_forbid_word VALUES ('郭岩華');
INSERT INTO sys_forbid_word VALUES ('國家安全');
INSERT INTO sys_forbid_word VALUES ('國家機密');
INSERT INTO sys_forbid_word VALUES ('國軍');
INSERT INTO sys_forbid_word VALUES ('國賊');
INSERT INTO sys_forbid_word VALUES ('哈爾羅尼');
INSERT INTO sys_forbid_word VALUES ('頇');
INSERT INTO sys_forbid_word VALUES ('韓東方');
INSERT INTO sys_forbid_word VALUES ('韓聯潮');
INSERT INTO sys_forbid_word VALUES ('韓正');
INSERT INTO sys_forbid_word VALUES ('漢奸');
INSERT INTO sys_forbid_word VALUES ('顥');
INSERT INTO sys_forbid_word VALUES ('灝');
INSERT INTO sys_forbid_word VALUES ('河殤');
INSERT INTO sys_forbid_word VALUES ('賀國强');
INSERT INTO sys_forbid_word VALUES ('賀龍');
INSERT INTO sys_forbid_word VALUES ('黑社會');
INSERT INTO sys_forbid_word VALUES ('黑手黨');
INSERT INTO sys_forbid_word VALUES ('紅燈區');
INSERT INTO sys_forbid_word VALUES ('紅色恐怖');
INSERT INTO sys_forbid_word VALUES ('紅炎猛獸');
INSERT INTO sys_forbid_word VALUES ('洪傳');
INSERT INTO sys_forbid_word VALUES ('洪興');
INSERT INTO sys_forbid_word VALUES ('洪哲勝');
INSERT INTO sys_forbid_word VALUES ('黌');
INSERT INTO sys_forbid_word VALUES ('鱟');
INSERT INTO sys_forbid_word VALUES ('胡緊掏');
INSERT INTO sys_forbid_word VALUES ('胡錦滔');
INSERT INTO sys_forbid_word VALUES ('胡錦淘');
INSERT INTO sys_forbid_word VALUES ('胡景濤');
INSERT INTO sys_forbid_word VALUES ('胡喬木');
INSERT INTO sys_forbid_word VALUES ('胡總書記');
INSERT INTO sys_forbid_word VALUES ('湖岸護衛兵');
INSERT INTO sys_forbid_word VALUES ('湖岸警衛兵');
INSERT INTO sys_forbid_word VALUES ('湖岸哨兵隊長');
INSERT INTO sys_forbid_word VALUES ('護法');
INSERT INTO sys_forbid_word VALUES ('鸌');
INSERT INTO sys_forbid_word VALUES ('華建敏');
INSERT INTO sys_forbid_word VALUES ('華通時事論壇');
INSERT INTO sys_forbid_word VALUES ('華夏文摘');
INSERT INTO sys_forbid_word VALUES ('華語世界論壇');
INSERT INTO sys_forbid_word VALUES ('華岳時事論壇');
INSERT INTO sys_forbid_word VALUES ('懷特');
INSERT INTO sys_forbid_word VALUES ('鍰');
INSERT INTO sys_forbid_word VALUES ('皇軍');
INSERT INTO sys_forbid_word VALUES ('黃伯源');
INSERT INTO sys_forbid_word VALUES ('黃慈萍');
INSERT INTO sys_forbid_word VALUES ('黃禍');
INSERT INTO sys_forbid_word VALUES ('黃劍輝');
INSERT INTO sys_forbid_word VALUES ('黃金幼龍');
INSERT INTO sys_forbid_word VALUES ('黃菊');
INSERT INTO sys_forbid_word VALUES ('黃片');
INSERT INTO sys_forbid_word VALUES ('黃翔');
INSERT INTO sys_forbid_word VALUES ('黃義交');
INSERT INTO sys_forbid_word VALUES ('黃仲生');
INSERT INTO sys_forbid_word VALUES ('回民暴動');
INSERT INTO sys_forbid_word VALUES ('噦');
INSERT INTO sys_forbid_word VALUES ('繢');
INSERT INTO sys_forbid_word VALUES ('毀滅步兵');
INSERT INTO sys_forbid_word VALUES ('毀滅騎士');
INSERT INTO sys_forbid_word VALUES ('毀滅射手');
INSERT INTO sys_forbid_word VALUES ('昏迷圖騰');
INSERT INTO sys_forbid_word VALUES ('混亂的圖騰');
INSERT INTO sys_forbid_word VALUES ('鍃');
INSERT INTO sys_forbid_word VALUES ('活動');
INSERT INTO sys_forbid_word VALUES ('擊倒圖騰');
INSERT INTO sys_forbid_word VALUES ('擊傷的圖騰');
INSERT INTO sys_forbid_word VALUES ('鶏8');
INSERT INTO sys_forbid_word VALUES ('鶏八');
INSERT INTO sys_forbid_word VALUES ('鶏巴');
INSERT INTO sys_forbid_word VALUES ('鶏吧');
INSERT INTO sys_forbid_word VALUES ('鶏鶏');
INSERT INTO sys_forbid_word VALUES ('鶏奸');
INSERT INTO sys_forbid_word VALUES ('鶏毛信文匯');
INSERT INTO sys_forbid_word VALUES ('鶏女');
INSERT INTO sys_forbid_word VALUES ('鶏院');
INSERT INTO sys_forbid_word VALUES ('姬勝德');
INSERT INTO sys_forbid_word VALUES ('積克館');
INSERT INTO sys_forbid_word VALUES ('賫');
INSERT INTO sys_forbid_word VALUES ('鱭');
INSERT INTO sys_forbid_word VALUES ('賈廷安');
INSERT INTO sys_forbid_word VALUES ('賈育台');
INSERT INTO sys_forbid_word VALUES ('戔');
INSERT INTO sys_forbid_word VALUES ('監視塔');
INSERT INTO sys_forbid_word VALUES ('監視塔哨兵');
INSERT INTO sys_forbid_word VALUES ('監視塔哨兵隊長');
INSERT INTO sys_forbid_word VALUES ('鰹');
INSERT INTO sys_forbid_word VALUES ('韉');
INSERT INTO sys_forbid_word VALUES ('簡肇棟');
INSERT INTO sys_forbid_word VALUES ('建國黨');
INSERT INTO sys_forbid_word VALUES ('賤B');
INSERT INTO sys_forbid_word VALUES ('賤bi');
INSERT INTO sys_forbid_word VALUES ('賤逼');
INSERT INTO sys_forbid_word VALUES ('賤比');
INSERT INTO sys_forbid_word VALUES ('賤貨');
INSERT INTO sys_forbid_word VALUES ('賤人');
INSERT INTO sys_forbid_word VALUES ('賤種');
INSERT INTO sys_forbid_word VALUES ('江八點');
INSERT INTO sys_forbid_word VALUES ('江羅');
INSERT INTO sys_forbid_word VALUES ('江綿恒');
INSERT INTO sys_forbid_word VALUES ('江戲子');
INSERT INTO sys_forbid_word VALUES ('江則民');
INSERT INTO sys_forbid_word VALUES ('江澤慧');
INSERT INTO sys_forbid_word VALUES ('江賊');
INSERT INTO sys_forbid_word VALUES ('江賊民');
INSERT INTO sys_forbid_word VALUES ('薑春雲');
INSERT INTO sys_forbid_word VALUES ('將則民');
INSERT INTO sys_forbid_word VALUES ('僵賊');
INSERT INTO sys_forbid_word VALUES ('僵賊民');
INSERT INTO sys_forbid_word VALUES ('講法');
INSERT INTO sys_forbid_word VALUES ('蔣介石');
INSERT INTO sys_forbid_word VALUES ('蔣中正');
INSERT INTO sys_forbid_word VALUES ('降低命中的圖騰');
INSERT INTO sys_forbid_word VALUES ('醬猪媳');
INSERT INTO sys_forbid_word VALUES ('撟');
INSERT INTO sys_forbid_word VALUES ('狡猾的達夫');
INSERT INTO sys_forbid_word VALUES ('矯健的馬努爾');
INSERT INTO sys_forbid_word VALUES ('嶠');
INSERT INTO sys_forbid_word VALUES ('教養院');
INSERT INTO sys_forbid_word VALUES ('癤');
INSERT INTO sys_forbid_word VALUES ('揭批書');
INSERT INTO sys_forbid_word VALUES ('訐');
INSERT INTO sys_forbid_word VALUES ('她媽');
INSERT INTO sys_forbid_word VALUES ('届中央政治局委員');
INSERT INTO sys_forbid_word VALUES ('金槍不倒');
INSERT INTO sys_forbid_word VALUES ('金堯如');
INSERT INTO sys_forbid_word VALUES ('金澤辰');
INSERT INTO sys_forbid_word VALUES ('巹');
INSERT INTO sys_forbid_word VALUES ('錦濤');
INSERT INTO sys_forbid_word VALUES ('經文');
INSERT INTO sys_forbid_word VALUES ('經血');
INSERT INTO sys_forbid_word VALUES ('莖候佳陰');
INSERT INTO sys_forbid_word VALUES ('荊棘護衛兵');
INSERT INTO sys_forbid_word VALUES ('靖國神社');
INSERT INTO sys_forbid_word VALUES ('㈨');
INSERT INTO sys_forbid_word VALUES ('舊斗篷哨兵');
INSERT INTO sys_forbid_word VALUES ('齟');
INSERT INTO sys_forbid_word VALUES ('巨槌騎兵');
INSERT INTO sys_forbid_word VALUES ('巨鐵角哈克');
INSERT INTO sys_forbid_word VALUES ('鋸齒通道被遺弃的骷髏');
INSERT INTO sys_forbid_word VALUES ('鋸齒通道骷髏');
INSERT INTO sys_forbid_word VALUES ('屨');
INSERT INTO sys_forbid_word VALUES ('棬');
INSERT INTO sys_forbid_word VALUES ('絕望之地');
INSERT INTO sys_forbid_word VALUES ('譎');
INSERT INTO sys_forbid_word VALUES ('軍妓');
INSERT INTO sys_forbid_word VALUES ('開苞');
INSERT INTO sys_forbid_word VALUES ('開放雜志');
INSERT INTO sys_forbid_word VALUES ('凱奧勒尼什');
INSERT INTO sys_forbid_word VALUES ('凱爾本');
INSERT INTO sys_forbid_word VALUES ('凱爾雷斯');
INSERT INTO sys_forbid_word VALUES ('凱特切爾');
INSERT INTO sys_forbid_word VALUES ('砍翻一條街');
INSERT INTO sys_forbid_word VALUES ('看中國');
INSERT INTO sys_forbid_word VALUES ('闞');
INSERT INTO sys_forbid_word VALUES ('靠你媽');
INSERT INTO sys_forbid_word VALUES ('柯賜海');
INSERT INTO sys_forbid_word VALUES ('柯建銘');
INSERT INTO sys_forbid_word VALUES ('科萊爾');
INSERT INTO sys_forbid_word VALUES ('克萊恩');
INSERT INTO sys_forbid_word VALUES ('克萊特');
INSERT INTO sys_forbid_word VALUES ('克勞森');
INSERT INTO sys_forbid_word VALUES ('客戶服務');
INSERT INTO sys_forbid_word VALUES ('緙');
INSERT INTO sys_forbid_word VALUES ('空氣精靈');
INSERT INTO sys_forbid_word VALUES ('空虛的伊坤');
INSERT INTO sys_forbid_word VALUES ('空虛之地');
INSERT INTO sys_forbid_word VALUES ('恐怖主義');
INSERT INTO sys_forbid_word VALUES ('瞘');
INSERT INTO sys_forbid_word VALUES ('嚳');
INSERT INTO sys_forbid_word VALUES ('鄺錦文');
INSERT INTO sys_forbid_word VALUES ('貺');
INSERT INTO sys_forbid_word VALUES ('昆圖');
INSERT INTO sys_forbid_word VALUES ('拉姆斯菲爾德');
INSERT INTO sys_forbid_word VALUES ('拉皮條');
INSERT INTO sys_forbid_word VALUES ('萊特');
INSERT INTO sys_forbid_word VALUES ('賴士葆');
INSERT INTO sys_forbid_word VALUES ('蘭迪');
INSERT INTO sys_forbid_word VALUES ('爛B');
INSERT INTO sys_forbid_word VALUES ('爛逼');
INSERT INTO sys_forbid_word VALUES ('爛比');
INSERT INTO sys_forbid_word VALUES ('爛袋');
INSERT INTO sys_forbid_word VALUES ('爛貨');
INSERT INTO sys_forbid_word VALUES ('濫B');
INSERT INTO sys_forbid_word VALUES ('濫逼');
INSERT INTO sys_forbid_word VALUES ('濫比');
INSERT INTO sys_forbid_word VALUES ('濫貨');
INSERT INTO sys_forbid_word VALUES ('濫交');
INSERT INTO sys_forbid_word VALUES ('勞動教養所');
INSERT INTO sys_forbid_word VALUES ('勞改');
INSERT INTO sys_forbid_word VALUES ('勞教');
INSERT INTO sys_forbid_word VALUES ('鰳');
INSERT INTO sys_forbid_word VALUES ('雷尼亞');
INSERT INTO sys_forbid_word VALUES ('誄');
INSERT INTO sys_forbid_word VALUES ('李紅痔');
INSERT INTO sys_forbid_word VALUES ('李洪寬');
INSERT INTO sys_forbid_word VALUES ('李繼耐');
INSERT INTO sys_forbid_word VALUES ('李蘭菊');
INSERT INTO sys_forbid_word VALUES ('李老師');
INSERT INTO sys_forbid_word VALUES ('李錄');
INSERT INTO sys_forbid_word VALUES ('李祿');
INSERT INTO sys_forbid_word VALUES ('李慶安');
INSERT INTO sys_forbid_word VALUES ('李慶華');
INSERT INTO sys_forbid_word VALUES ('李淑嫻');
INSERT INTO sys_forbid_word VALUES ('李鐵映');
INSERT INTO sys_forbid_word VALUES ('李旺陽');
INSERT INTO sys_forbid_word VALUES ('李小鵬');
INSERT INTO sys_forbid_word VALUES ('李月月鳥');
INSERT INTO sys_forbid_word VALUES ('李志綏');
INSERT INTO sys_forbid_word VALUES ('李總理');
INSERT INTO sys_forbid_word VALUES ('李總統');
INSERT INTO sys_forbid_word VALUES ('裏菲斯');
INSERT INTO sys_forbid_word VALUES ('鱧');
INSERT INTO sys_forbid_word VALUES ('轢');
INSERT INTO sys_forbid_word VALUES ('躒');
INSERT INTO sys_forbid_word VALUES ('奩');
INSERT INTO sys_forbid_word VALUES ('連方瑀');
INSERT INTO sys_forbid_word VALUES ('連惠心');
INSERT INTO sys_forbid_word VALUES ('連勝德');
INSERT INTO sys_forbid_word VALUES ('連勝文');
INSERT INTO sys_forbid_word VALUES ('連戰');
INSERT INTO sys_forbid_word VALUES ('聯總');
INSERT INTO sys_forbid_word VALUES ('廉政大論壇');
INSERT INTO sys_forbid_word VALUES ('煉功');
INSERT INTO sys_forbid_word VALUES ('兩岸關係');
INSERT INTO sys_forbid_word VALUES ('兩岸三地論壇');
INSERT INTO sys_forbid_word VALUES ('兩個中國');
INSERT INTO sys_forbid_word VALUES ('兩會');
INSERT INTO sys_forbid_word VALUES ('兩會報道');
INSERT INTO sys_forbid_word VALUES ('兩會新聞');
INSERT INTO sys_forbid_word VALUES ('廖錫龍');
INSERT INTO sys_forbid_word VALUES ('林保華');
INSERT INTO sys_forbid_word VALUES ('林長盛');
INSERT INTO sys_forbid_word VALUES ('林佳龍');
INSERT INTO sys_forbid_word VALUES ('林信義');
INSERT INTO sys_forbid_word VALUES ('林正勝');
INSERT INTO sys_forbid_word VALUES ('林重謨');
INSERT INTO sys_forbid_word VALUES ('躪');
INSERT INTO sys_forbid_word VALUES ('淩鋒');
INSERT INTO sys_forbid_word VALUES ('劉賓深');
INSERT INTO sys_forbid_word VALUES ('劉賓雁');
INSERT INTO sys_forbid_word VALUES ('劉剛');
INSERT INTO sys_forbid_word VALUES ('劉國凱');
INSERT INTO sys_forbid_word VALUES ('劉華清');
INSERT INTO sys_forbid_word VALUES ('劉俊國');
INSERT INTO sys_forbid_word VALUES ('劉凱中');
INSERT INTO sys_forbid_word VALUES ('劉千石');
INSERT INTO sys_forbid_word VALUES ('劉青');
INSERT INTO sys_forbid_word VALUES ('劉山青');
INSERT INTO sys_forbid_word VALUES ('劉士賢');
INSERT INTO sys_forbid_word VALUES ('劉文勝');
INSERT INTO sys_forbid_word VALUES ('劉文雄');
INSERT INTO sys_forbid_word VALUES ('劉曉波');
INSERT INTO sys_forbid_word VALUES ('劉曉竹');
INSERT INTO sys_forbid_word VALUES ('劉永川');
INSERT INTO sys_forbid_word VALUES ('鷚');
INSERT INTO sys_forbid_word VALUES ('龍虎豹');
INSERT INTO sys_forbid_word VALUES ('龍火之心');
INSERT INTO sys_forbid_word VALUES ('盧卡');
INSERT INTO sys_forbid_word VALUES ('盧西德');
INSERT INTO sys_forbid_word VALUES ('陸委會');
INSERT INTO sys_forbid_word VALUES ('輅');
INSERT INTO sys_forbid_word VALUES ('呂京花');
INSERT INTO sys_forbid_word VALUES ('呂秀蓮');
INSERT INTO sys_forbid_word VALUES ('亂交');
INSERT INTO sys_forbid_word VALUES ('亂倫');
INSERT INTO sys_forbid_word VALUES ('亂輪');
INSERT INTO sys_forbid_word VALUES ('鋝');
INSERT INTO sys_forbid_word VALUES ('掄功');
INSERT INTO sys_forbid_word VALUES ('倫功');
INSERT INTO sys_forbid_word VALUES ('輪大');
INSERT INTO sys_forbid_word VALUES ('輪功');
INSERT INTO sys_forbid_word VALUES ('輪奸');
INSERT INTO sys_forbid_word VALUES ('論壇管理員');
INSERT INTO sys_forbid_word VALUES ('羅福助');
INSERT INTO sys_forbid_word VALUES ('羅幹');
INSERT INTO sys_forbid_word VALUES ('羅禮詩');
INSERT INTO sys_forbid_word VALUES ('羅文嘉');
INSERT INTO sys_forbid_word VALUES ('羅志明');
INSERT INTO sys_forbid_word VALUES ('腡');
INSERT INTO sys_forbid_word VALUES ('濼');
INSERT INTO sys_forbid_word VALUES ('洛克菲爾特');
INSERT INTO sys_forbid_word VALUES ('媽B');
INSERT INTO sys_forbid_word VALUES ('媽比');
INSERT INTO sys_forbid_word VALUES ('媽的');
INSERT INTO sys_forbid_word VALUES ('媽批');
INSERT INTO sys_forbid_word VALUES ('馬大維');
INSERT INTO sys_forbid_word VALUES ('馬克思');
INSERT INTO sys_forbid_word VALUES ('馬良駿');
INSERT INTO sys_forbid_word VALUES ('馬三家');
INSERT INTO sys_forbid_word VALUES ('馬時敏');
INSERT INTO sys_forbid_word VALUES ('馬特斯');
INSERT INTO sys_forbid_word VALUES ('馬英九');
INSERT INTO sys_forbid_word VALUES ('馬永成');
INSERT INTO sys_forbid_word VALUES ('瑪麗亞');
INSERT INTO sys_forbid_word VALUES ('瑪雅');
INSERT INTO sys_forbid_word VALUES ('嗎的');
INSERT INTO sys_forbid_word VALUES ('嗎啡');
INSERT INTO sys_forbid_word VALUES ('勱');
INSERT INTO sys_forbid_word VALUES ('麥克斯');
INSERT INTO sys_forbid_word VALUES ('賣逼');
INSERT INTO sys_forbid_word VALUES ('賣比');
INSERT INTO sys_forbid_word VALUES ('賣國');
INSERT INTO sys_forbid_word VALUES ('賣騷');
INSERT INTO sys_forbid_word VALUES ('賣淫');
INSERT INTO sys_forbid_word VALUES ('瞞報');
INSERT INTO sys_forbid_word VALUES ('毛厠洞');
INSERT INTO sys_forbid_word VALUES ('毛賊');
INSERT INTO sys_forbid_word VALUES ('毛賊東');
INSERT INTO sys_forbid_word VALUES ('美國');
INSERT INTO sys_forbid_word VALUES ('美國參考');
INSERT INTO sys_forbid_word VALUES ('美國佬');
INSERT INTO sys_forbid_word VALUES ('美國之音');
INSERT INTO sys_forbid_word VALUES ('蒙獨');
INSERT INTO sys_forbid_word VALUES ('蒙古達子');
INSERT INTO sys_forbid_word VALUES ('蒙古獨');
INSERT INTO sys_forbid_word VALUES ('蒙古獨立');
INSERT INTO sys_forbid_word VALUES ('禰');
INSERT INTO sys_forbid_word VALUES ('羋');
INSERT INTO sys_forbid_word VALUES ('綿恒');
INSERT INTO sys_forbid_word VALUES ('黽');
INSERT INTO sys_forbid_word VALUES ('民國');
INSERT INTO sys_forbid_word VALUES ('民進黨');
INSERT INTO sys_forbid_word VALUES ('民聯');
INSERT INTO sys_forbid_word VALUES ('民意論壇');
INSERT INTO sys_forbid_word VALUES ('民陣');
INSERT INTO sys_forbid_word VALUES ('民主墻');
INSERT INTO sys_forbid_word VALUES ('緡');
INSERT INTO sys_forbid_word VALUES ('湣');
INSERT INTO sys_forbid_word VALUES ('鰵');
INSERT INTO sys_forbid_word VALUES ('摸你鶏巴');
INSERT INTO sys_forbid_word VALUES ('莫偉强');
INSERT INTO sys_forbid_word VALUES ('木子論壇');
INSERT INTO sys_forbid_word VALUES ('內褲');
INSERT INTO sys_forbid_word VALUES ('內衣');
INSERT INTO sys_forbid_word VALUES ('那嗎B');
INSERT INTO sys_forbid_word VALUES ('那嗎逼');
INSERT INTO sys_forbid_word VALUES ('那嗎錯比');
INSERT INTO sys_forbid_word VALUES ('那嗎老比');
INSERT INTO sys_forbid_word VALUES ('那嗎瘟比');
INSERT INTO sys_forbid_word VALUES ('那娘錯比');
INSERT INTO sys_forbid_word VALUES ('納粹');
INSERT INTO sys_forbid_word VALUES ('奶頭');
INSERT INTO sys_forbid_word VALUES ('南大自由論壇');
INSERT INTO sys_forbid_word VALUES ('南蠻子');
INSERT INTO sys_forbid_word VALUES ('鬧事');
INSERT INTO sys_forbid_word VALUES ('能樣');
INSERT INTO sys_forbid_word VALUES ('尼奧夫');
INSERT INTO sys_forbid_word VALUES ('倪育賢');
INSERT INTO sys_forbid_word VALUES ('鯢');
INSERT INTO sys_forbid_word VALUES ('你媽');
INSERT INTO sys_forbid_word VALUES ('你媽逼');
INSERT INTO sys_forbid_word VALUES ('你媽比');
INSERT INTO sys_forbid_word VALUES ('你媽的');
INSERT INTO sys_forbid_word VALUES ('你媽了妹');
INSERT INTO sys_forbid_word VALUES ('你說我說論壇');
INSERT INTO sys_forbid_word VALUES ('你爺');
INSERT INTO sys_forbid_word VALUES ('娘餓比');
INSERT INTO sys_forbid_word VALUES ('捏你鶏巴');
INSERT INTO sys_forbid_word VALUES ('儂著岡巒');
INSERT INTO sys_forbid_word VALUES ('儂著卵拋');
INSERT INTO sys_forbid_word VALUES ('奴隸魔族士兵');
INSERT INTO sys_forbid_word VALUES ('女幹');
INSERT INTO sys_forbid_word VALUES ('女主人羅姬馬莉');
INSERT INTO sys_forbid_word VALUES ('儺');
INSERT INTO sys_forbid_word VALUES ('諾姆');
INSERT INTO sys_forbid_word VALUES ('潘國平');
INSERT INTO sys_forbid_word VALUES ('蹣');
INSERT INTO sys_forbid_word VALUES ('龐建國');
INSERT INTO sys_forbid_word VALUES ('泡沫經濟');
INSERT INTO sys_forbid_word VALUES ('轡');
INSERT INTO sys_forbid_word VALUES ('噴你');
INSERT INTO sys_forbid_word VALUES ('皮條客');
INSERT INTO sys_forbid_word VALUES ('羆');
INSERT INTO sys_forbid_word VALUES ('諞');
INSERT INTO sys_forbid_word VALUES ('潑婦');
INSERT INTO sys_forbid_word VALUES ('齊墨');
INSERT INTO sys_forbid_word VALUES ('齊諾');
INSERT INTO sys_forbid_word VALUES ('騎你');
INSERT INTO sys_forbid_word VALUES ('磧');
INSERT INTO sys_forbid_word VALUES ('僉');
INSERT INTO sys_forbid_word VALUES ('鈐');
INSERT INTO sys_forbid_word VALUES ('錢達');
INSERT INTO sys_forbid_word VALUES ('錢國梁');
INSERT INTO sys_forbid_word VALUES ('錢其琛');
INSERT INTO sys_forbid_word VALUES ('膁');
INSERT INTO sys_forbid_word VALUES ('槧');
INSERT INTO sys_forbid_word VALUES ('錆');
INSERT INTO sys_forbid_word VALUES ('繰');
INSERT INTO sys_forbid_word VALUES ('喬石');
INSERT INTO sys_forbid_word VALUES ('喬伊');
INSERT INTO sys_forbid_word VALUES ('橋侵襲兵');
INSERT INTO sys_forbid_word VALUES ('譙');
INSERT INTO sys_forbid_word VALUES ('鞽');
INSERT INTO sys_forbid_word VALUES ('篋');
INSERT INTO sys_forbid_word VALUES ('親美');
INSERT INTO sys_forbid_word VALUES ('親民黨');
INSERT INTO sys_forbid_word VALUES ('親日');
INSERT INTO sys_forbid_word VALUES ('欽本立');
INSERT INTO sys_forbid_word VALUES ('禽獸');
INSERT INTO sys_forbid_word VALUES ('唚');
INSERT INTO sys_forbid_word VALUES ('輕舟快訊');
INSERT INTO sys_forbid_word VALUES ('情婦');
INSERT INTO sys_forbid_word VALUES ('情獸');
INSERT INTO sys_forbid_word VALUES ('檾');
INSERT INTO sys_forbid_word VALUES ('慶紅');
INSERT INTO sys_forbid_word VALUES ('丘垂貞');
INSERT INTO sys_forbid_word VALUES ('詘');
INSERT INTO sys_forbid_word VALUES ('去你媽的');
INSERT INTO sys_forbid_word VALUES ('闃');
INSERT INTO sys_forbid_word VALUES ('全國兩會');
INSERT INTO sys_forbid_word VALUES ('全國人大');
INSERT INTO sys_forbid_word VALUES ('犬');
INSERT INTO sys_forbid_word VALUES ('綣');
INSERT INTO sys_forbid_word VALUES ('瘸腿幫');
INSERT INTO sys_forbid_word VALUES ('愨');
INSERT INTO sys_forbid_word VALUES ('讓你操');
INSERT INTO sys_forbid_word VALUES ('熱比婭');
INSERT INTO sys_forbid_word VALUES ('熱站政論網');
INSERT INTO sys_forbid_word VALUES ('人民報');
INSERT INTO sys_forbid_word VALUES ('人民大會堂');
INSERT INTO sys_forbid_word VALUES ('人民內情真相');
INSERT INTO sys_forbid_word VALUES ('人民真實');
INSERT INTO sys_forbid_word VALUES ('人民之聲論壇');
INSERT INTO sys_forbid_word VALUES ('人權');
INSERT INTO sys_forbid_word VALUES ('日本帝國');
INSERT INTO sys_forbid_word VALUES ('日軍');
INSERT INTO sys_forbid_word VALUES ('日內瓦金融');
INSERT INTO sys_forbid_word VALUES ('日你媽');
INSERT INTO sys_forbid_word VALUES ('日你爺爺');
INSERT INTO sys_forbid_word VALUES ('日朱駿');
INSERT INTO sys_forbid_word VALUES ('顬');
INSERT INTO sys_forbid_word VALUES ('乳頭');
INSERT INTO sys_forbid_word VALUES ('乳暈');
INSERT INTO sys_forbid_word VALUES ('瑞士金融大學');
INSERT INTO sys_forbid_word VALUES ('薩達姆');
INSERT INTO sys_forbid_word VALUES ('三K黨');
INSERT INTO sys_forbid_word VALUES ('三個代表');
INSERT INTO sys_forbid_word VALUES ('三級片');
INSERT INTO sys_forbid_word VALUES ('三去車侖工力');
INSERT INTO sys_forbid_word VALUES ('毿');
INSERT INTO sys_forbid_word VALUES ('糝');
INSERT INTO sys_forbid_word VALUES ('騷B');
INSERT INTO sys_forbid_word VALUES ('騷棒');
INSERT INTO sys_forbid_word VALUES ('騷包');
INSERT INTO sys_forbid_word VALUES ('騷逼');
INSERT INTO sys_forbid_word VALUES ('騷棍');
INSERT INTO sys_forbid_word VALUES ('騷貨');
INSERT INTO sys_forbid_word VALUES ('騷鶏');
INSERT INTO sys_forbid_word VALUES ('騷卵');
INSERT INTO sys_forbid_word VALUES ('殺你全家');
INSERT INTO sys_forbid_word VALUES ('殺你一家');
INSERT INTO sys_forbid_word VALUES ('殺人犯');
INSERT INTO sys_forbid_word VALUES ('傻鳥');
INSERT INTO sys_forbid_word VALUES ('煞筆');
INSERT INTO sys_forbid_word VALUES ('山口組');
INSERT INTO sys_forbid_word VALUES ('善惡有報');
INSERT INTO sys_forbid_word VALUES ('上訪');
INSERT INTO sys_forbid_word VALUES ('上海幫');
INSERT INTO sys_forbid_word VALUES ('上海孤兒院');
INSERT INTO sys_forbid_word VALUES ('厙');
INSERT INTO sys_forbid_word VALUES ('社會主義');
INSERT INTO sys_forbid_word VALUES ('射了還說要');
INSERT INTO sys_forbid_word VALUES ('灄');
INSERT INTO sys_forbid_word VALUES ('詵');
INSERT INTO sys_forbid_word VALUES ('神經病');
INSERT INTO sys_forbid_word VALUES ('諗');
INSERT INTO sys_forbid_word VALUES ('生孩子沒屁眼');
INSERT INTO sys_forbid_word VALUES ('生命分流的圖騰');
INSERT INTO sys_forbid_word VALUES ('澠');
INSERT INTO sys_forbid_word VALUES ('聖射手');
INSERT INTO sys_forbid_word VALUES ('聖戰');
INSERT INTO sys_forbid_word VALUES ('盛華仁');
INSERT INTO sys_forbid_word VALUES ('濕了還說不要');
INSERT INTO sys_forbid_word VALUES ('濕了還說要');
INSERT INTO sys_forbid_word VALUES ('釃');
INSERT INTO sys_forbid_word VALUES ('鯴');
INSERT INTO sys_forbid_word VALUES ('石化圖騰');
INSERT INTO sys_forbid_word VALUES ('石拳戰鬥兵');
INSERT INTO sys_forbid_word VALUES ('時代論壇');
INSERT INTO sys_forbid_word VALUES ('時事論壇');
INSERT INTO sys_forbid_word VALUES ('鰣');
INSERT INTO sys_forbid_word VALUES ('史萊姆');
INSERT INTO sys_forbid_word VALUES ('史萊姆王');
INSERT INTO sys_forbid_word VALUES ('士兵管理員瓦爾臣');
INSERT INTO sys_forbid_word VALUES ('世界經濟導報');
INSERT INTO sys_forbid_word VALUES ('事實獨立');
INSERT INTO sys_forbid_word VALUES ('侍從貝赫爾特');
INSERT INTO sys_forbid_word VALUES ('侍從倫斯韋');
INSERT INTO sys_forbid_word VALUES ('貰');
INSERT INTO sys_forbid_word VALUES ('攄');
INSERT INTO sys_forbid_word VALUES ('數據中國');
INSERT INTO sys_forbid_word VALUES ('雙十節');
INSERT INTO sys_forbid_word VALUES ('氵去車侖工力');
INSERT INTO sys_forbid_word VALUES ('氵去車侖工力?');
INSERT INTO sys_forbid_word VALUES ('稅力');
INSERT INTO sys_forbid_word VALUES ('司馬晋');
INSERT INTO sys_forbid_word VALUES ('司馬璐');
INSERT INTO sys_forbid_word VALUES ('司徒華');
INSERT INTO sys_forbid_word VALUES ('私?服');
INSERT INTO sys_forbid_word VALUES ('私處');
INSERT INTO sys_forbid_word VALUES ('思科羅');
INSERT INTO sys_forbid_word VALUES ('斯諾');
INSERT INTO sys_forbid_word VALUES ('斯皮爾德');
INSERT INTO sys_forbid_word VALUES ('四川獨');
INSERT INTO sys_forbid_word VALUES ('四川獨立');
INSERT INTO sys_forbid_word VALUES ('四人幫');
INSERT INTO sys_forbid_word VALUES ('宋書元');
INSERT INTO sys_forbid_word VALUES ('藪');
INSERT INTO sys_forbid_word VALUES ('蘇菲爾');
INSERT INTO sys_forbid_word VALUES ('蘇拉');
INSERT INTO sys_forbid_word VALUES ('蘇南成');
INSERT INTO sys_forbid_word VALUES ('蘇紹智');
INSERT INTO sys_forbid_word VALUES ('蘇特勒守護兵');
INSERT INTO sys_forbid_word VALUES ('蘇特勤');
INSERT INTO sys_forbid_word VALUES ('蘇特勤護衛兵');
INSERT INTO sys_forbid_word VALUES ('蘇特勤魔法師');
INSERT INTO sys_forbid_word VALUES ('蘇曉康');
INSERT INTO sys_forbid_word VALUES ('蘇盈貴');
INSERT INTO sys_forbid_word VALUES ('蘇貞昌');
INSERT INTO sys_forbid_word VALUES ('誶');
INSERT INTO sys_forbid_word VALUES ('碎片製造商人馬克');
INSERT INTO sys_forbid_word VALUES ('碎片製造商人蘇克');
INSERT INTO sys_forbid_word VALUES ('孫大千');
INSERT INTO sys_forbid_word VALUES ('孫中山');
INSERT INTO sys_forbid_word VALUES ('他媽');
INSERT INTO sys_forbid_word VALUES ('他媽的');
INSERT INTO sys_forbid_word VALUES ('他嗎的');
INSERT INTO sys_forbid_word VALUES ('他母親');
INSERT INTO sys_forbid_word VALUES ('塔內');
INSERT INTO sys_forbid_word VALUES ('塔烏');
INSERT INTO sys_forbid_word VALUES ('鰨');
INSERT INTO sys_forbid_word VALUES ('闥');
INSERT INTO sys_forbid_word VALUES ('臺盟');
INSERT INTO sys_forbid_word VALUES ('臺灣帝國');
INSERT INTO sys_forbid_word VALUES ('臺灣獨立');
INSERT INTO sys_forbid_word VALUES ('臺灣獨');
INSERT INTO sys_forbid_word VALUES ('臺灣共産黨');
INSERT INTO sys_forbid_word VALUES ('臺灣狗');
INSERT INTO sys_forbid_word VALUES ('臺灣建國運動組織');
INSERT INTO sys_forbid_word VALUES ('臺灣民國');
INSERT INTO sys_forbid_word VALUES ('臺灣青年獨立聯盟');
INSERT INTO sys_forbid_word VALUES ('臺灣政論區');
INSERT INTO sys_forbid_word VALUES ('臺灣自由聯盟');
INSERT INTO sys_forbid_word VALUES ('鮐');
INSERT INTO sys_forbid_word VALUES ('太監');
INSERT INTO sys_forbid_word VALUES ('泰奴橋警衛兵');
INSERT INTO sys_forbid_word VALUES ('泰奴橋掠奪者');
INSERT INTO sys_forbid_word VALUES ('湯光中');
INSERT INTO sys_forbid_word VALUES ('唐柏橋');
INSERT INTO sys_forbid_word VALUES ('鞀');
INSERT INTO sys_forbid_word VALUES ('謄');
INSERT INTO sys_forbid_word VALUES ('天安門');
INSERT INTO sys_forbid_word VALUES ('天安門錄影帶');
INSERT INTO sys_forbid_word VALUES ('天安門事件');
INSERT INTO sys_forbid_word VALUES ('天安門屠殺');
INSERT INTO sys_forbid_word VALUES ('天安門一代');
INSERT INTO sys_forbid_word VALUES ('天閹');
INSERT INTO sys_forbid_word VALUES ('田紀雲');
INSERT INTO sys_forbid_word VALUES ('齠');
INSERT INTO sys_forbid_word VALUES ('鰷');
INSERT INTO sys_forbid_word VALUES ('銚');
INSERT INTO sys_forbid_word VALUES ('庭院警衛兵');
INSERT INTO sys_forbid_word VALUES ('統獨');
INSERT INTO sys_forbid_word VALUES ('統獨論壇');
INSERT INTO sys_forbid_word VALUES ('統戰');
INSERT INTO sys_forbid_word VALUES ('頭領奧馬');
INSERT INTO sys_forbid_word VALUES ('頭領墳墓管理員');
INSERT INTO sys_forbid_word VALUES ('圖書管理員卡特');
INSERT INTO sys_forbid_word VALUES ('屠殺');
INSERT INTO sys_forbid_word VALUES ('團長戈登');
INSERT INTO sys_forbid_word VALUES ('團員馬爾汀');
INSERT INTO sys_forbid_word VALUES ('摶');
INSERT INTO sys_forbid_word VALUES ('鼉');
INSERT INTO sys_forbid_word VALUES ('籜');
INSERT INTO sys_forbid_word VALUES ('膃');
INSERT INTO sys_forbid_word VALUES ('外交論壇');
INSERT INTO sys_forbid_word VALUES ('外交與方略');
INSERT INTO sys_forbid_word VALUES ('晚年周恩來');
INSERT INTO sys_forbid_word VALUES ('綰');
INSERT INTO sys_forbid_word VALUES ('萬里');
INSERT INTO sys_forbid_word VALUES ('萬潤南');
INSERT INTO sys_forbid_word VALUES ('萬維讀者論壇');
INSERT INTO sys_forbid_word VALUES ('萬曉東');
INSERT INTO sys_forbid_word VALUES ('王寶森');
INSERT INTO sys_forbid_word VALUES ('王超華');
INSERT INTO sys_forbid_word VALUES ('王輔臣');
INSERT INTO sys_forbid_word VALUES ('王剛');
INSERT INTO sys_forbid_word VALUES ('王涵萬');
INSERT INTO sys_forbid_word VALUES ('王滬寧');
INSERT INTO sys_forbid_word VALUES ('王軍濤');
INSERT INTO sys_forbid_word VALUES ('王樂泉');
INSERT INTO sys_forbid_word VALUES ('王潤生');
INSERT INTO sys_forbid_word VALUES ('王世堅');
INSERT INTO sys_forbid_word VALUES ('王世勛');
INSERT INTO sys_forbid_word VALUES ('王秀麗');
INSERT INTO sys_forbid_word VALUES ('王兆國');
INSERT INTO sys_forbid_word VALUES ('網禪');
INSERT INTO sys_forbid_word VALUES ('網特');
INSERT INTO sys_forbid_word VALUES ('猥褻');
INSERT INTO sys_forbid_word VALUES ('鮪');
INSERT INTO sys_forbid_word VALUES ('溫B');
INSERT INTO sys_forbid_word VALUES ('溫逼');
INSERT INTO sys_forbid_word VALUES ('溫比');
INSERT INTO sys_forbid_word VALUES ('溫家寶');
INSERT INTO sys_forbid_word VALUES ('溫元凱');
INSERT INTO sys_forbid_word VALUES ('閿');
INSERT INTO sys_forbid_word VALUES ('無界瀏覽器');
INSERT INTO sys_forbid_word VALUES ('吳百益');
INSERT INTO sys_forbid_word VALUES ('吳敦義');
INSERT INTO sys_forbid_word VALUES ('吳方城');
INSERT INTO sys_forbid_word VALUES ('吳弘達');
INSERT INTO sys_forbid_word VALUES ('吳宏達');
INSERT INTO sys_forbid_word VALUES ('吳仁華');
INSERT INTO sys_forbid_word VALUES ('吳淑珍');
INSERT INTO sys_forbid_word VALUES ('吳學燦');
INSERT INTO sys_forbid_word VALUES ('吳學璨');
INSERT INTO sys_forbid_word VALUES ('吳育升');
INSERT INTO sys_forbid_word VALUES ('吳志芳');
INSERT INTO sys_forbid_word VALUES ('西藏獨');
INSERT INTO sys_forbid_word VALUES ('吸收的圖騰');
INSERT INTO sys_forbid_word VALUES ('吸血獸');
INSERT INTO sys_forbid_word VALUES ('覡');
INSERT INTO sys_forbid_word VALUES ('洗腦');
INSERT INTO sys_forbid_word VALUES ('系統');
INSERT INTO sys_forbid_word VALUES ('系統公告');
INSERT INTO sys_forbid_word VALUES ('餼');
INSERT INTO sys_forbid_word VALUES ('郤');
INSERT INTO sys_forbid_word VALUES ('下賤');
INSERT INTO sys_forbid_word VALUES ('下體');
INSERT INTO sys_forbid_word VALUES ('薟');
INSERT INTO sys_forbid_word VALUES ('躚');
INSERT INTO sys_forbid_word VALUES ('鮮族');
INSERT INTO sys_forbid_word VALUES ('獫');
INSERT INTO sys_forbid_word VALUES ('蜆');
INSERT INTO sys_forbid_word VALUES ('峴');
INSERT INTO sys_forbid_word VALUES ('現金');
INSERT INTO sys_forbid_word VALUES ('現金交易');
INSERT INTO sys_forbid_word VALUES ('獻祭的圖騰');
INSERT INTO sys_forbid_word VALUES ('鯗');
INSERT INTO sys_forbid_word VALUES ('項懷誠');
INSERT INTO sys_forbid_word VALUES ('項小吉');
INSERT INTO sys_forbid_word VALUES ('嘵');
INSERT INTO sys_forbid_word VALUES ('小B樣');
INSERT INTO sys_forbid_word VALUES ('小比樣');
INSERT INTO sys_forbid_word VALUES ('小參考');
INSERT INTO sys_forbid_word VALUES ('小鶏鶏');
INSERT INTO sys_forbid_word VALUES ('小靈通');
INSERT INTO sys_forbid_word VALUES ('小泉純一郎');
INSERT INTO sys_forbid_word VALUES ('謝長廷');
INSERT INTO sys_forbid_word VALUES ('謝深山');
INSERT INTO sys_forbid_word VALUES ('謝選駿');
INSERT INTO sys_forbid_word VALUES ('謝中之');
INSERT INTO sys_forbid_word VALUES ('辛灝年');
INSERT INTO sys_forbid_word VALUES ('新觀察論壇');
INSERT INTO sys_forbid_word VALUES ('新華舉報');
INSERT INTO sys_forbid_word VALUES ('新華內情');
INSERT INTO sys_forbid_word VALUES ('新華通論壇');
INSERT INTO sys_forbid_word VALUES ('新疆獨');
INSERT INTO sys_forbid_word VALUES ('新生網');
INSERT INTO sys_forbid_word VALUES ('新手訓練營');
INSERT INTO sys_forbid_word VALUES ('新聞出版總署');
INSERT INTO sys_forbid_word VALUES ('新聞封鎖');
INSERT INTO sys_forbid_word VALUES ('新義安');
INSERT INTO sys_forbid_word VALUES ('新語絲');
INSERT INTO sys_forbid_word VALUES ('信用危機');
INSERT INTO sys_forbid_word VALUES ('邢錚');
INSERT INTO sys_forbid_word VALUES ('性愛');
INSERT INTO sys_forbid_word VALUES ('性無能');
INSERT INTO sys_forbid_word VALUES ('修煉');
INSERT INTO sys_forbid_word VALUES ('頊');
INSERT INTO sys_forbid_word VALUES ('虛弱圖騰');
INSERT INTO sys_forbid_word VALUES ('虛無的飽食者');
INSERT INTO sys_forbid_word VALUES ('徐國舅');
INSERT INTO sys_forbid_word VALUES ('許財利');
INSERT INTO sys_forbid_word VALUES ('許家屯');
INSERT INTO sys_forbid_word VALUES ('許信良');
INSERT INTO sys_forbid_word VALUES ('諼');
INSERT INTO sys_forbid_word VALUES ('薛偉');
INSERT INTO sys_forbid_word VALUES ('學潮');
INSERT INTO sys_forbid_word VALUES ('學聯');
INSERT INTO sys_forbid_word VALUES ('學運');
INSERT INTO sys_forbid_word VALUES ('學自聯');
INSERT INTO sys_forbid_word VALUES ('澩');
INSERT INTO sys_forbid_word VALUES ('閹狗');
INSERT INTO sys_forbid_word VALUES ('訁');
INSERT INTO sys_forbid_word VALUES ('嚴家其');
INSERT INTO sys_forbid_word VALUES ('嚴家祺');
INSERT INTO sys_forbid_word VALUES ('閻明複');
INSERT INTO sys_forbid_word VALUES ('顔清標');
INSERT INTO sys_forbid_word VALUES ('顔慶章');
INSERT INTO sys_forbid_word VALUES ('顔射');
INSERT INTO sys_forbid_word VALUES ('讞');
INSERT INTO sys_forbid_word VALUES ('央視內部晚會');
INSERT INTO sys_forbid_word VALUES ('陽具');
INSERT INTO sys_forbid_word VALUES ('陽痿');
INSERT INTO sys_forbid_word VALUES ('陽物');
INSERT INTO sys_forbid_word VALUES ('楊懷安');
INSERT INTO sys_forbid_word VALUES ('楊建利');
INSERT INTO sys_forbid_word VALUES ('楊巍');
INSERT INTO sys_forbid_word VALUES ('楊月清');
INSERT INTO sys_forbid_word VALUES ('楊周');
INSERT INTO sys_forbid_word VALUES ('姚羅');
INSERT INTO sys_forbid_word VALUES ('姚月謙');
INSERT INTO sys_forbid_word VALUES ('軺');
INSERT INTO sys_forbid_word VALUES ('搖頭丸');
INSERT INTO sys_forbid_word VALUES ('藥材商人蘇耐得');
INSERT INTO sys_forbid_word VALUES ('藥水');
INSERT INTO sys_forbid_word VALUES ('耶穌');
INSERT INTO sys_forbid_word VALUES ('野鶏');
INSERT INTO sys_forbid_word VALUES ('葉菊蘭');
INSERT INTO sys_forbid_word VALUES ('夜話紫禁城');
INSERT INTO sys_forbid_word VALUES ('一陀糞');
INSERT INTO sys_forbid_word VALUES ('伊莎貝爾');
INSERT INTO sys_forbid_word VALUES ('伊斯蘭');
INSERT INTO sys_forbid_word VALUES ('伊斯蘭亞格林尼斯');
INSERT INTO sys_forbid_word VALUES ('遺精');
INSERT INTO sys_forbid_word VALUES ('議長阿茵斯塔');
INSERT INTO sys_forbid_word VALUES ('議員斯格文德');
INSERT INTO sys_forbid_word VALUES ('异見人士');
INSERT INTO sys_forbid_word VALUES ('异型叛軍');
INSERT INTO sys_forbid_word VALUES ('异議人士');
INSERT INTO sys_forbid_word VALUES ('易丹軒');
INSERT INTO sys_forbid_word VALUES ('意志不堅的圖騰');
INSERT INTO sys_forbid_word VALUES ('瘞');
INSERT INTO sys_forbid_word VALUES ('陰部');
INSERT INTO sys_forbid_word VALUES ('陰唇');
INSERT INTO sys_forbid_word VALUES ('陰道');
INSERT INTO sys_forbid_word VALUES ('陰蒂');
INSERT INTO sys_forbid_word VALUES ('陰戶');
INSERT INTO sys_forbid_word VALUES ('陰莖');
INSERT INTO sys_forbid_word VALUES ('陰精');
INSERT INTO sys_forbid_word VALUES ('陰毛');
INSERT INTO sys_forbid_word VALUES ('陰門');
INSERT INTO sys_forbid_word VALUES ('陰囊');
INSERT INTO sys_forbid_word VALUES ('陰水');
INSERT INTO sys_forbid_word VALUES ('淫蕩');
INSERT INTO sys_forbid_word VALUES ('淫穢');
INSERT INTO sys_forbid_word VALUES ('淫貨');
INSERT INTO sys_forbid_word VALUES ('淫賤');
INSERT INTO sys_forbid_word VALUES ('尹慶民');
INSERT INTO sys_forbid_word VALUES ('引導');
INSERT INTO sys_forbid_word VALUES ('隱者之路');
INSERT INTO sys_forbid_word VALUES ('鷹眼派氏族');
INSERT INTO sys_forbid_word VALUES ('硬直圖騰');
INSERT INTO sys_forbid_word VALUES ('憂鬱的艾拉');
INSERT INTO sys_forbid_word VALUES ('尤比亞');
INSERT INTO sys_forbid_word VALUES ('由喜貴');
INSERT INTO sys_forbid_word VALUES ('游蕩的僵尸');
INSERT INTO sys_forbid_word VALUES ('游蕩的士兵');
INSERT INTO sys_forbid_word VALUES ('游蕩爪牙');
INSERT INTO sys_forbid_word VALUES ('游錫坤');
INSERT INTO sys_forbid_word VALUES ('游戲管理員');
INSERT INTO sys_forbid_word VALUES ('友好的魯德');
INSERT INTO sys_forbid_word VALUES ('幼齒');
INSERT INTO sys_forbid_word VALUES ('幼龍');
INSERT INTO sys_forbid_word VALUES ('于幼軍');
INSERT INTO sys_forbid_word VALUES ('余英時');
INSERT INTO sys_forbid_word VALUES ('漁夫菲斯曼');
INSERT INTO sys_forbid_word VALUES ('輿論');
INSERT INTO sys_forbid_word VALUES ('輿論反制');
INSERT INTO sys_forbid_word VALUES ('傴');
INSERT INTO sys_forbid_word VALUES ('宇明網');
INSERT INTO sys_forbid_word VALUES ('齬');
INSERT INTO sys_forbid_word VALUES ('飫');
INSERT INTO sys_forbid_word VALUES ('鵒');
INSERT INTO sys_forbid_word VALUES ('元老蘭提(沃德）');
INSERT INTO sys_forbid_word VALUES ('圓滿');
INSERT INTO sys_forbid_word VALUES ('緣圈圈');
INSERT INTO sys_forbid_word VALUES ('遠志明');
INSERT INTO sys_forbid_word VALUES ('月經');
INSERT INTO sys_forbid_word VALUES ('韞');
INSERT INTO sys_forbid_word VALUES ('雜種');
INSERT INTO sys_forbid_word VALUES ('鏨');
INSERT INTO sys_forbid_word VALUES ('造愛');
INSERT INTO sys_forbid_word VALUES ('則民');
INSERT INTO sys_forbid_word VALUES ('擇民');
INSERT INTO sys_forbid_word VALUES ('澤夫');
INSERT INTO sys_forbid_word VALUES ('澤民');
INSERT INTO sys_forbid_word VALUES ('賾');
INSERT INTO sys_forbid_word VALUES ('賊民');
INSERT INTO sys_forbid_word VALUES ('譖');
INSERT INTO sys_forbid_word VALUES ('扎卡維是英雄');
INSERT INTO sys_forbid_word VALUES ('驏');
INSERT INTO sys_forbid_word VALUES ('張伯笠');
INSERT INTO sys_forbid_word VALUES ('張博雅');
INSERT INTO sys_forbid_word VALUES ('張鋼');
INSERT INTO sys_forbid_word VALUES ('張健');
INSERT INTO sys_forbid_word VALUES ('張林');
INSERT INTO sys_forbid_word VALUES ('張清芳');
INSERT INTO sys_forbid_word VALUES ('張偉國');
INSERT INTO sys_forbid_word VALUES ('張溫鷹');
INSERT INTO sys_forbid_word VALUES ('張昭富');
INSERT INTO sys_forbid_word VALUES ('張志清');
INSERT INTO sys_forbid_word VALUES ('章孝嚴');
INSERT INTO sys_forbid_word VALUES ('帳號');
INSERT INTO sys_forbid_word VALUES ('賬號');
INSERT INTO sys_forbid_word VALUES ('招鶏');
INSERT INTO sys_forbid_word VALUES ('趙海青');
INSERT INTO sys_forbid_word VALUES ('趙建銘');
INSERT INTO sys_forbid_word VALUES ('趙南');
INSERT INTO sys_forbid_word VALUES ('趙品潞');
INSERT INTO sys_forbid_word VALUES ('趙曉微');
INSERT INTO sys_forbid_word VALUES ('趙紫陽');
INSERT INTO sys_forbid_word VALUES ('貞操');
INSERT INTO sys_forbid_word VALUES ('鎮壓');
INSERT INTO sys_forbid_word VALUES ('爭鳴論壇');
INSERT INTO sys_forbid_word VALUES ('正見網');
INSERT INTO sys_forbid_word VALUES ('正義黨論壇');
INSERT INTO sys_forbid_word VALUES ('鄭寶清');
INSERT INTO sys_forbid_word VALUES ('鄭麗文');
INSERT INTO sys_forbid_word VALUES ('鄭義');
INSERT INTO sys_forbid_word VALUES ('鄭餘鎮');
INSERT INTO sys_forbid_word VALUES ('鄭源');
INSERT INTO sys_forbid_word VALUES ('鄭運鵬');
INSERT INTO sys_forbid_word VALUES ('政權');
INSERT INTO sys_forbid_word VALUES ('政治反對派');
INSERT INTO sys_forbid_word VALUES ('縶');
INSERT INTO sys_forbid_word VALUES ('躑');
INSERT INTO sys_forbid_word VALUES ('指點江山論壇');
INSERT INTO sys_forbid_word VALUES ('騭');
INSERT INTO sys_forbid_word VALUES ('觶');
INSERT INTO sys_forbid_word VALUES ('躓');
INSERT INTO sys_forbid_word VALUES ('中毒的圖騰');
INSERT INTO sys_forbid_word VALUES ('中毒圖騰');
INSERT INTO sys_forbid_word VALUES ('中俄邊界');
INSERT INTO sys_forbid_word VALUES ('中國復興論壇');
INSERT INTO sys_forbid_word VALUES ('中國共産黨');
INSERT INTO sys_forbid_word VALUES ('中國孤兒院');
INSERT INTO sys_forbid_word VALUES ('中國和平');
INSERT INTO sys_forbid_word VALUES ('中國論壇');
INSERT INTO sys_forbid_word VALUES ('中國社會進步黨');
INSERT INTO sys_forbid_word VALUES ('中國社會論壇');
INSERT INTO sys_forbid_word VALUES ('中國威脅論');
INSERT INTO sys_forbid_word VALUES ('中國問題論壇');
INSERT INTO sys_forbid_word VALUES ('中國移動通信');
INSERT INTO sys_forbid_word VALUES ('中國真實內容');
INSERT INTO sys_forbid_word VALUES ('中國之春');
INSERT INTO sys_forbid_word VALUES ('中國猪');
INSERT INTO sys_forbid_word VALUES ('中華大地');
INSERT INTO sys_forbid_word VALUES ('中華大衆');
INSERT INTO sys_forbid_word VALUES ('中華講清');
INSERT INTO sys_forbid_word VALUES ('中華民國');
INSERT INTO sys_forbid_word VALUES ('中華人民實話實說');
INSERT INTO sys_forbid_word VALUES ('中華人民正邪');
INSERT INTO sys_forbid_word VALUES ('中華時事');
INSERT INTO sys_forbid_word VALUES ('中華養生益智功');
INSERT INTO sys_forbid_word VALUES ('中華真實報道');
INSERT INTO sys_forbid_word VALUES ('中央電視臺');
INSERT INTO sys_forbid_word VALUES ('鐘山風雨論壇');
INSERT INTO sys_forbid_word VALUES ('周鋒鎖');
INSERT INTO sys_forbid_word VALUES ('周守訓');
INSERT INTO sys_forbid_word VALUES ('朱鳳芝');
INSERT INTO sys_forbid_word VALUES ('朱立倫');
INSERT INTO sys_forbid_word VALUES ('朱溶劑');
INSERT INTO sys_forbid_word VALUES ('㈱');
INSERT INTO sys_forbid_word VALUES ('猪聾畸');
INSERT INTO sys_forbid_word VALUES ('主攻指揮官');
INSERT INTO sys_forbid_word VALUES ('主義');
INSERT INTO sys_forbid_word VALUES ('助手威爾特');
INSERT INTO sys_forbid_word VALUES ('專制');
INSERT INTO sys_forbid_word VALUES ('顓');
INSERT INTO sys_forbid_word VALUES ('轉化');
INSERT INTO sys_forbid_word VALUES ('諑');
INSERT INTO sys_forbid_word VALUES ('資本主義');
INSERT INTO sys_forbid_word VALUES ('鯔');
INSERT INTO sys_forbid_word VALUES ('子宮');
INSERT INTO sys_forbid_word VALUES ('自民黨');
INSERT INTO sys_forbid_word VALUES ('自由民主論壇');
INSERT INTO sys_forbid_word VALUES ('總理');
INSERT INTO sys_forbid_word VALUES ('諏');
INSERT INTO sys_forbid_word VALUES ('鯫');
INSERT INTO sys_forbid_word VALUES ('躦');
INSERT INTO sys_forbid_word VALUES ('纘');
INSERT INTO sys_forbid_word VALUES ('作愛');
INSERT INTO sys_forbid_word VALUES ('做愛');
INSERT INTO sys_forbid_word VALUES ('胡总书记');
INSERT INTO sys_forbid_word VALUES ('胡景涛');
INSERT INTO sys_forbid_word VALUES ('大纪元新闻网');
INSERT INTO sys_forbid_word VALUES ('燕玲论坛');
INSERT INTO sys_forbid_word VALUES ('urban');
INSERT INTO sys_forbid_word VALUES ('煞笔');
INSERT INTO sys_forbid_word VALUES ('urban-rivals');
INSERT INTO sys_forbid_word VALUES ('rivals');
INSERT INTO sys_forbid_word VALUES ('UR');
INSERT INTO sys_forbid_word VALUES ('她妈');
INSERT INTO sys_forbid_word VALUES ('牛逼');
INSERT INTO sys_forbid_word VALUES ('傻逼');
INSERT INTO sys_forbid_word VALUES ('装逼');
INSERT INTO sys_forbid_word VALUES ('装B');
INSERT INTO sys_forbid_word VALUES ('日你妈');
INSERT INTO sys_forbid_word VALUES ('不玩了');
INSERT INTO sys_forbid_word VALUES ('删号');
INSERT INTO sys_forbid_word VALUES ('卖号');
INSERT INTO sys_forbid_word VALUES ('删号');
INSERT INTO sys_forbid_word VALUES ('妈逼');
INSERT INTO sys_forbid_word VALUES ('草你妈');
INSERT INTO sys_forbid_word VALUES ('T.M.D');
INSERT INTO sys_forbid_word VALUES ('JB');
INSERT INTO sys_forbid_word VALUES ('出售账号');
INSERT INTO sys_forbid_word VALUES ('出售此号');
INSERT INTO sys_forbid_word VALUES ('卖号');
INSERT INTO sys_forbid_word VALUES ('U/R');
INSERT INTO sys_forbid_word VALUES ('U-R');
INSERT INTO sys_forbid_word VALUES ('吗的');
INSERT INTO sys_forbid_word VALUES ('8仙');
INSERT INTO sys_forbid_word VALUES ('狗日');
INSERT INTO sys_forbid_word VALUES ('出售神符');
INSERT INTO sys_forbid_word VALUES ('NPC');
INSERT INTO sys_forbid_word VALUES ('*法*轮*功*');
INSERT INTO sys_forbid_word VALUES ('*李*洪*志*阿扁');
INSERT INTO sys_forbid_word VALUES ('阿拉');
INSERT INTO sys_forbid_word VALUES ('安全局');
INSERT INTO sys_forbid_word VALUES ('澳洲光明网');
INSERT INTO sys_forbid_word VALUES ('八九');
INSERT INTO sys_forbid_word VALUES ('八九风波');
INSERT INTO sys_forbid_word VALUES ('办理文凭');
INSERT INTO sys_forbid_word VALUES ('办理证件');
INSERT INTO sys_forbid_word VALUES ('包皮');
INSERT INTO sys_forbid_word VALUES ('保钓');
INSERT INTO sys_forbid_word VALUES ('保监会');
INSERT INTO sys_forbid_word VALUES ('保密局');
INSERT INTO sys_forbid_word VALUES ('鸨');
INSERT INTO sys_forbid_word VALUES ('鲍岳桥');
INSERT INTO sys_forbid_word VALUES ('暴动');
INSERT INTO sys_forbid_word VALUES ('暴乱');
INSERT INTO sys_forbid_word VALUES ('暴徒');
INSERT INTO sys_forbid_word VALUES ('北京之春');
INSERT INTO sys_forbid_word VALUES ('贝肉');
INSERT INTO sys_forbid_word VALUES ('本?拉登');
INSERT INTO sys_forbid_word VALUES ('苯比');
INSERT INTO sys_forbid_word VALUES ('笨屄');
INSERT INTO sys_forbid_word VALUES ('笨逼');
INSERT INTO sys_forbid_word VALUES ('屄毛');
INSERT INTO sys_forbid_word VALUES ('逼样');
INSERT INTO sys_forbid_word VALUES ('比毛');
INSERT INTO sys_forbid_word VALUES ('婊');
INSERT INTO sys_forbid_word VALUES ('宾周');
INSERT INTO sys_forbid_word VALUES ('博讯');
INSERT INTO sys_forbid_word VALUES ('薄一波');
INSERT INTO sys_forbid_word VALUES ('布雷尔');
INSERT INTO sys_forbid_word VALUES ('财政部');
INSERT INTO sys_forbid_word VALUES ('参事室');
INSERT INTO sys_forbid_word VALUES ('操GM');
INSERT INTO sys_forbid_word VALUES ('操XX');
INSERT INTO sys_forbid_word VALUES ('操逼');
INSERT INTO sys_forbid_word VALUES ('操比');
INSERT INTO sys_forbid_word VALUES ('操蛋');
INSERT INTO sys_forbid_word VALUES ('群交');
INSERT INTO sys_forbid_word VALUES ('茉莉花革命');
INSERT INTO sys_forbid_word VALUES ('操你八辈祖宗');
INSERT INTO sys_forbid_word VALUES ('操你妈屄');
INSERT INTO sys_forbid_word VALUES ('草的你妈');
INSERT INTO sys_forbid_word VALUES ('草妈');
INSERT INTO sys_forbid_word VALUES ('测绘局');
INSERT INTO sys_forbid_word VALUES ('插GM');
INSERT INTO sys_forbid_word VALUES ('插妳');
INSERT INTO sys_forbid_word VALUES ('插深些');
INSERT INTO sys_forbid_word VALUES ('产权局');
INSERT INTO sys_forbid_word VALUES ('朝鲜');
INSERT INTO sys_forbid_word VALUES ('车臣');
INSERT INTO sys_forbid_word VALUES ('车仑');
INSERT INTO sys_forbid_word VALUES ('陈功');
INSERT INTO sys_forbid_word VALUES ('陈希同');
INSERT INTO sys_forbid_word VALUES ('陈晓宁');
INSERT INTO sys_forbid_word VALUES ('吃大便');
INSERT INTO sys_forbid_word VALUES ('吃屎');
INSERT INTO sys_forbid_word VALUES ('迟浩田');
INSERT INTO sys_forbid_word VALUES ('赤匪');
INSERT INTO sys_forbid_word VALUES ('抽插');
INSERT INTO sys_forbid_word VALUES ('抽你丫的');
INSERT INTO sys_forbid_word VALUES ('臭化西');
INSERT INTO sys_forbid_word VALUES ('出售枪支');
INSERT INTO sys_forbid_word VALUES ('出售手枪');
INSERT INTO sys_forbid_word VALUES ('粗制吗啡');
INSERT INTO sys_forbid_word VALUES ('大B');
INSERT INTO sys_forbid_word VALUES ('大逼');
INSERT INTO sys_forbid_word VALUES ('大便');
INSERT INTO sys_forbid_word VALUES ('大波波');
INSERT INTO sys_forbid_word VALUES ('大麻树脂');
INSERT INTO sys_forbid_word VALUES ('大麻油');
INSERT INTO sys_forbid_word VALUES ('大师');
INSERT INTO sys_forbid_word VALUES ('戴维教');
INSERT INTO sys_forbid_word VALUES ('大学骚乱');
INSERT INTO sys_forbid_word VALUES ('大血B');
INSERT INTO sys_forbid_word VALUES ('呆卵');
INSERT INTO sys_forbid_word VALUES ('戴海静');
INSERT INTO sys_forbid_word VALUES ('戴红');
INSERT INTO sys_forbid_word VALUES ('戴晶');
INSERT INTO sys_forbid_word VALUES ('党主席');
INSERT INTO sys_forbid_word VALUES ('档案局');
INSERT INTO sys_forbid_word VALUES ('盗窃犯');
INSERT INTO sys_forbid_word VALUES ('道教');
INSERT INTO sys_forbid_word VALUES ('帝国主义');
INSERT INTO sys_forbid_word VALUES ('电监会');
INSERT INTO sys_forbid_word VALUES ('屌7');
INSERT INTO sys_forbid_word VALUES ('屌鸠');
INSERT INTO sys_forbid_word VALUES ('屌毛');
INSERT INTO sys_forbid_word VALUES ('屌妳');
INSERT INTO sys_forbid_word VALUES ('屌七');
INSERT INTO sys_forbid_word VALUES ('屌西');
INSERT INTO sys_forbid_word VALUES ('钓鱼台');
INSERT INTO sys_forbid_word VALUES ('丁关根');
INSERT INTO sys_forbid_word VALUES ('丁子霖');
INSERT INTO sys_forbid_word VALUES ('东北独立');
INSERT INTO sys_forbid_word VALUES ('东升');
INSERT INTO sys_forbid_word VALUES ('东突');
INSERT INTO sys_forbid_word VALUES ('东突暴动和独立');
INSERT INTO sys_forbid_word VALUES ('东突组织');
INSERT INTO sys_forbid_word VALUES ('董建华');
INSERT INTO sys_forbid_word VALUES ('董贱华');
INSERT INTO sys_forbid_word VALUES ('董文华');
INSERT INTO sys_forbid_word VALUES ('懂文华');
INSERT INTO sys_forbid_word VALUES ('独立');
INSERT INTO sys_forbid_word VALUES ('独立台湾会');
INSERT INTO sys_forbid_word VALUES ('二B');
INSERT INTO sys_forbid_word VALUES ('二屄');
INSERT INTO sys_forbid_word VALUES ('二逼');
INSERT INTO sys_forbid_word VALUES ('二乙基酰胺发抡');
INSERT INTO sys_forbid_word VALUES ('发抡功');
INSERT INTO sys_forbid_word VALUES ('发伦');
INSERT INTO sys_forbid_word VALUES ('发伦功');
INSERT INTO sys_forbid_word VALUES ('发轮');
INSERT INTO sys_forbid_word VALUES ('发论');
INSERT INTO sys_forbid_word VALUES ('发论公');
INSERT INTO sys_forbid_word VALUES ('发论功');
INSERT INTO sys_forbid_word VALUES ('法(轮)功');
INSERT INTO sys_forbid_word VALUES ('法*轮*功');
INSERT INTO sys_forbid_word VALUES ('法功');
INSERT INTO sys_forbid_word VALUES ('法愣');
INSERT INTO sys_forbid_word VALUES ('法仑');
INSERT INTO sys_forbid_word VALUES ('法西斯');
INSERT INTO sys_forbid_word VALUES ('法制办');
INSERT INTO sys_forbid_word VALUES ('反动');
INSERT INTO sys_forbid_word VALUES ('发票');
INSERT INTO sys_forbid_word VALUES ('性奴');
INSERT INTO sys_forbid_word VALUES ('反华');
INSERT INTO sys_forbid_word VALUES ('反恐委员会');
INSERT INTO sys_forbid_word VALUES ('反日');
INSERT INTO sys_forbid_word VALUES ('反政府');
INSERT INTO sys_forbid_word VALUES ('分裂祖国');
INSERT INTO sys_forbid_word VALUES ('佛教');
INSERT INTO sys_forbid_word VALUES ('佛展千手法');
INSERT INTO sys_forbid_word VALUES ('佛祖');
INSERT INTO sys_forbid_word VALUES ('斧头镰刀');
INSERT INTO sys_forbid_word VALUES ('阝月');
INSERT INTO sys_forbid_word VALUES ('傅鹏');
INSERT INTO sys_forbid_word VALUES ('傅作义');
INSERT INTO sys_forbid_word VALUES ('干GM');
INSERT INTO sys_forbid_word VALUES ('干拎娘');
INSERT INTO sys_forbid_word VALUES ('干妳老母');
INSERT INTO sys_forbid_word VALUES ('干妳妈');
INSERT INTO sys_forbid_word VALUES ('干七八');
INSERT INTO sys_forbid_word VALUES ('干死你');
INSERT INTO sys_forbid_word VALUES ('肛');
INSERT INTO sys_forbid_word VALUES ('港澳办');
INSERT INTO sys_forbid_word VALUES ('高俊');
INSERT INTO sys_forbid_word VALUES ('高校暴乱');
INSERT INTO sys_forbid_word VALUES ('高校群体事件');
INSERT INTO sys_forbid_word VALUES ('高校骚乱');
INSERT INTO sys_forbid_word VALUES ('睾');
INSERT INTO sys_forbid_word VALUES ('膏药旗');
INSERT INTO sys_forbid_word VALUES ('弓虽女干');
INSERT INTO sys_forbid_word VALUES ('公安');
INSERT INTO sys_forbid_word VALUES ('公安部');
INSERT INTO sys_forbid_word VALUES ('公安局');
INSERT INTO sys_forbid_word VALUES ('共产主义');
INSERT INTO sys_forbid_word VALUES ('共狗');
INSERT INTO sys_forbid_word VALUES ('狗b');
INSERT INTO sys_forbid_word VALUES ('狗操');
INSERT INTO sys_forbid_word VALUES ('狗卵');
INSERT INTO sys_forbid_word VALUES ('狗娘');
INSERT INTO sys_forbid_word VALUES ('狗屁');
INSERT INTO sys_forbid_word VALUES ('狗日的');
INSERT INTO sys_forbid_word VALUES ('狗屎');
INSERT INTO sys_forbid_word VALUES ('观世音');
INSERT INTO sys_forbid_word VALUES ('官逼民反');
INSERT INTO sys_forbid_word VALUES ('官商勾结');
INSERT INTO sys_forbid_word VALUES ('龟儿子');
INSERT INTO sys_forbid_word VALUES ('龟公');
INSERT INTO sys_forbid_word VALUES ('龟孙子');
INSERT INTO sys_forbid_word VALUES ('鬼村');
INSERT INTO sys_forbid_word VALUES ('国安局');
INSERT INTO sys_forbid_word VALUES ('国防部');
INSERT INTO sys_forbid_word VALUES ('国防科工委');
INSERT INTO sys_forbid_word VALUES ('国管局');
INSERT INTO sys_forbid_word VALUES ('国际法院');
INSERT INTO sys_forbid_word VALUES ('国家民委');
INSERT INTO sys_forbid_word VALUES ('国家主席');
INSERT INTO sys_forbid_word VALUES ('国家主要部委');
INSERT INTO sys_forbid_word VALUES ('国民党');
INSERT INTO sys_forbid_word VALUES ('国民党万岁');
INSERT INTO sys_forbid_word VALUES ('海洋局');
INSERT INTO sys_forbid_word VALUES ('何候华');
INSERT INTO sys_forbid_word VALUES ('黑社会');
INSERT INTO sys_forbid_word VALUES ('黑手党');
INSERT INTO sys_forbid_word VALUES ('红卫兵');
INSERT INTO sys_forbid_word VALUES ('洪兴');
INSERT INTO sys_forbid_word VALUES ('洪志');
INSERT INTO sys_forbid_word VALUES ('后庭');
INSERT INTO sys_forbid_word VALUES ('胡XX');
INSERT INTO sys_forbid_word VALUES ('胡紧涛');
INSERT INTO sys_forbid_word VALUES ('胡紧掏');
INSERT INTO sys_forbid_word VALUES ('胡紧套');
INSERT INTO sys_forbid_word VALUES ('胡锦淘');
INSERT INTO sys_forbid_word VALUES ('胡乔木');
INSERT INTO sys_forbid_word VALUES ('胡主席');
INSERT INTO sys_forbid_word VALUES ('花柳');
INSERT INTO sys_forbid_word VALUES ('换妻');
INSERT INTO sys_forbid_word VALUES ('黄菊');
INSERT INTO sys_forbid_word VALUES ('黄色小电影');
INSERT INTO sys_forbid_word VALUES ('回教');
INSERT INTO sys_forbid_word VALUES ('回民暴动');
INSERT INTO sys_forbid_word VALUES ('回族人吃猪肉');
INSERT INTO sys_forbid_word VALUES ('昏药');
INSERT INTO sys_forbid_word VALUES ('火棒');
INSERT INTO sys_forbid_word VALUES ('鸡芭');
INSERT INTO sys_forbid_word VALUES ('基督');
INSERT INTO sys_forbid_word VALUES ('鸡');
INSERT INTO sys_forbid_word VALUES ('计牌软件');
INSERT INTO sys_forbid_word VALUES ('计生委');
INSERT INTO sys_forbid_word VALUES ('妓院');
INSERT INTO sys_forbid_word VALUES ('奸夫淫妇');
INSERT INTO sys_forbid_word VALUES ('贱');
INSERT INTO sys_forbid_word VALUES ('贱逼');
INSERT INTO sys_forbid_word VALUES ('江Core');
INSERT INTO sys_forbid_word VALUES ('江八');
INSERT INTO sys_forbid_word VALUES ('江八点');
INSERT INTO sys_forbid_word VALUES ('江独裁');
INSERT INTO sys_forbid_word VALUES ('江核心');
INSERT INTO sys_forbid_word VALUES ('江戏子');
INSERT INTO sys_forbid_word VALUES ('江择民');
INSERT INTO sys_forbid_word VALUES ('江贼民');
INSERT INTO sys_forbid_word VALUES ('江折民');
INSERT INTO sys_forbid_word VALUES ('江猪');
INSERT INTO sys_forbid_word VALUES ('江猪媳');
INSERT INTO sys_forbid_word VALUES ('江主席');
INSERT INTO sys_forbid_word VALUES ('僵贼民');
INSERT INTO sys_forbid_word VALUES ('酱猪媳');
INSERT INTO sys_forbid_word VALUES ('交通部');
INSERT INTO sys_forbid_word VALUES ('姣西');
INSERT INTO sys_forbid_word VALUES ('叫鸡');
INSERT INTO sys_forbid_word VALUES ('叫小姐');
INSERT INTO sys_forbid_word VALUES ('教育部');
INSERT INTO sys_forbid_word VALUES ('她妈的金日成');
INSERT INTO sys_forbid_word VALUES ('经济社会理事会');
INSERT INTO sys_forbid_word VALUES ('经社理事会');
INSERT INTO sys_forbid_word VALUES ('警匪一家');
INSERT INTO sys_forbid_word VALUES ('敬国神社');
INSERT INTO sys_forbid_word VALUES ('静坐');
INSERT INTO sys_forbid_word VALUES ('纠察员');
INSERT INTO sys_forbid_word VALUES ('鸠');
INSERT INTO sys_forbid_word VALUES ('鸠屎');
INSERT INTO sys_forbid_word VALUES ('军长发威');
INSERT INTO sys_forbid_word VALUES ('军国主义');
INSERT INTO sys_forbid_word VALUES ('军妓');
INSERT INTO sys_forbid_word VALUES ('靠');
INSERT INTO sys_forbid_word VALUES ('靠腰');
INSERT INTO sys_forbid_word VALUES ('可待因');
INSERT INTO sys_forbid_word VALUES ('可卡叶');
INSERT INTO sys_forbid_word VALUES ('恐怖份子');
INSERT INTO sys_forbid_word VALUES ('恐怖主义');
INSERT INTO sys_forbid_word VALUES ('寇晓伟');
INSERT INTO sys_forbid_word VALUES ('狂操');
INSERT INTO sys_forbid_word VALUES ('狂操你全家');
INSERT INTO sys_forbid_word VALUES ('拉登');
INSERT INTO sys_forbid_word VALUES ('懒教');
INSERT INTO sys_forbid_word VALUES ('烂B');
INSERT INTO sys_forbid_word VALUES ('烂屄');
INSERT INTO sys_forbid_word VALUES ('烂比');
INSERT INTO sys_forbid_word VALUES ('烂屌');
INSERT INTO sys_forbid_word VALUES ('烂货');
INSERT INTO sys_forbid_word VALUES ('劳+教+所');
INSERT INTO sys_forbid_word VALUES ('劳动保障部');
INSERT INTO sys_forbid_word VALUES ('老逼');
INSERT INTO sys_forbid_word VALUES ('黎阳评');
INSERT INTO sys_forbid_word VALUES ('李弘旨');
INSERT INTO sys_forbid_word VALUES ('李红志');
INSERT INTO sys_forbid_word VALUES ('李宏旨');
INSERT INTO sys_forbid_word VALUES ('李宏志');
INSERT INTO sys_forbid_word VALUES ('李鹏*');
INSERT INTO sys_forbid_word VALUES ('李山');
INSERT INTO sys_forbid_word VALUES ('李铁映');
INSERT INTO sys_forbid_word VALUES ('李先念');
INSERT INTO sys_forbid_word VALUES ('联大');
INSERT INTO sys_forbid_word VALUES ('联合国');
INSERT INTO sys_forbid_word VALUES ('联合国大会');
INSERT INTO sys_forbid_word VALUES ('联易');
INSERT INTO sys_forbid_word VALUES ('联易互动');
INSERT INTO sys_forbid_word VALUES ('粮食局');
INSERT INTO sys_forbid_word VALUES ('两腿之间');
INSERT INTO sys_forbid_word VALUES ('林业局');
INSERT INTO sys_forbid_word VALUES ('刘淇');
INSERT INTO sys_forbid_word VALUES ('刘军');
INSERT INTO sys_forbid_word VALUES ('流氓');
INSERT INTO sys_forbid_word VALUES ('六.四');
INSERT INTO sys_forbid_word VALUES ('六。四');
INSERT INTO sys_forbid_word VALUES ('六?四');
INSERT INTO sys_forbid_word VALUES ('六合彩');
INSERT INTO sys_forbid_word VALUES ('六-四');
INSERT INTO sys_forbid_word VALUES ('六四事件');
INSERT INTO sys_forbid_word VALUES ('六四真相');
INSERT INTO sys_forbid_word VALUES ('龙新民');
INSERT INTO sys_forbid_word VALUES ('旅游局');
INSERT INTO sys_forbid_word VALUES ('卵');
INSERT INTO sys_forbid_word VALUES ('轮功');
INSERT INTO sys_forbid_word VALUES ('罗干');
INSERT INTO sys_forbid_word VALUES ('骡干');
INSERT INTO sys_forbid_word VALUES ('妈卖妈屁');
INSERT INTO sys_forbid_word VALUES ('妈批');
INSERT INTO sys_forbid_word VALUES ('妈祖');
INSERT INTO sys_forbid_word VALUES ('妈B');
INSERT INTO sys_forbid_word VALUES ('麻醉钢枪');
INSERT INTO sys_forbid_word VALUES ('麻醉乙醚');
INSERT INTO sys_forbid_word VALUES ('马卖马屁');
INSERT INTO sys_forbid_word VALUES ('吗啡');
INSERT INTO sys_forbid_word VALUES ('吗啡碱');
INSERT INTO sys_forbid_word VALUES ('吗啡片');
INSERT INTO sys_forbid_word VALUES ('买财富');
INSERT INTO sys_forbid_word VALUES ('买卖枪支');
INSERT INTO sys_forbid_word VALUES ('麦角酸');
INSERT INTO sys_forbid_word VALUES ('卖.国');
INSERT INTO sys_forbid_word VALUES ('卖B');
INSERT INTO sys_forbid_word VALUES ('卖ID');
INSERT INTO sys_forbid_word VALUES ('卖QQ');
INSERT INTO sys_forbid_word VALUES ('卖比');
INSERT INTO sys_forbid_word VALUES ('卖财富');
INSERT INTO sys_forbid_word VALUES ('卖党求荣');
INSERT INTO sys_forbid_word VALUES ('卖国');
INSERT INTO sys_forbid_word VALUES ('卖国求荣');
INSERT INTO sys_forbid_word VALUES ('卖卡');
INSERT INTO sys_forbid_word VALUES ('卖软件');
INSERT INTO sys_forbid_word VALUES ('毛XX');
INSERT INTO sys_forbid_word VALUES ('毛厕洞');
INSERT INTO sys_forbid_word VALUES ('毛一鲜');
INSERT INTO sys_forbid_word VALUES ('毛贼东');
INSERT INTO sys_forbid_word VALUES ('毛主席');
INSERT INTO sys_forbid_word VALUES ('梅花网');
INSERT INTO sys_forbid_word VALUES ('美国');
INSERT INTO sys_forbid_word VALUES ('美国佬');
INSERT INTO sys_forbid_word VALUES ('美利坚');
INSERT INTO sys_forbid_word VALUES ('蒙尘药');
INSERT INTO sys_forbid_word VALUES ('蒙独');
INSERT INTO sys_forbid_word VALUES ('蒙古达子');
INSERT INTO sys_forbid_word VALUES ('蒙古独立');
INSERT INTO sys_forbid_word VALUES ('迷歼药');
INSERT INTO sys_forbid_word VALUES ('密洞');
INSERT INTO sys_forbid_word VALUES ('民航局');
INSERT INTO sys_forbid_word VALUES ('民政部');
INSERT INTO sys_forbid_word VALUES ('莫索里尼');
INSERT INTO sys_forbid_word VALUES ('穆斯林');
INSERT INTO sys_forbid_word VALUES ('妳妈的');
INSERT INTO sys_forbid_word VALUES ('妳马的');
INSERT INTO sys_forbid_word VALUES ('南联盟');
INSERT INTO sys_forbid_word VALUES ('南蛮子');
INSERT INTO sys_forbid_word VALUES ('伱妈');
INSERT INTO sys_forbid_word VALUES ('你爸');
INSERT INTO sys_forbid_word VALUES ('你大爷');
INSERT INTO sys_forbid_word VALUES ('你二大爷');
INSERT INTO sys_forbid_word VALUES ('你老母');
INSERT INTO sys_forbid_word VALUES ('你老味');
INSERT INTO sys_forbid_word VALUES ('你姥');
INSERT INTO sys_forbid_word VALUES ('你姥姥的');
INSERT INTO sys_forbid_word VALUES ('你妈');
INSERT INTO sys_forbid_word VALUES ('你妈的');
INSERT INTO sys_forbid_word VALUES ('你娘');
INSERT INTO sys_forbid_word VALUES ('你爷爷的');
INSERT INTO sys_forbid_word VALUES ('鸟GM');
INSERT INTO sys_forbid_word VALUES ('鸟你');
INSERT INTO sys_forbid_word VALUES ('农业部');
INSERT INTO sys_forbid_word VALUES ('虐待');
INSERT INTO sys_forbid_word VALUES ('拍肩神药');
INSERT INTO sys_forbid_word VALUES ('喷你');
INSERT INTO sys_forbid_word VALUES ('彭真');
INSERT INTO sys_forbid_word VALUES ('皮条');
INSERT INTO sys_forbid_word VALUES ('嫖客');
INSERT INTO sys_forbid_word VALUES ('苹果日报');
INSERT INTO sys_forbid_word VALUES ('破坏');
INSERT INTO sys_forbid_word VALUES ('气象局');
INSERT INTO sys_forbid_word VALUES ('钱其琛');
INSERT INTO sys_forbid_word VALUES ('枪决女犯');
INSERT INTO sys_forbid_word VALUES ('枪决现场');
INSERT INTO sys_forbid_word VALUES ('枪支弹药');
INSERT INTO sys_forbid_word VALUES ('强卫');
INSERT INTO sys_forbid_word VALUES ('强效失意药');
INSERT INTO sys_forbid_word VALUES ('强硬发言');
INSERT INTO sys_forbid_word VALUES ('乔石');
INSERT INTO sys_forbid_word VALUES ('侨办');
INSERT INTO sys_forbid_word VALUES ('切七');
INSERT INTO sys_forbid_word VALUES ('窃听器');
INSERT INTO sys_forbid_word VALUES ('窃听器材');
INSERT INTO sys_forbid_word VALUES ('青天白日');
INSERT INTO sys_forbid_word VALUES ('去你妈的');
INSERT INTO sys_forbid_word VALUES ('全国人大');
INSERT INTO sys_forbid_word VALUES ('人大');
INSERT INTO sys_forbid_word VALUES ('人大代表');
INSERT INTO sys_forbid_word VALUES ('人代会');
INSERT INTO sys_forbid_word VALUES ('人弹');
INSERT INTO sys_forbid_word VALUES ('人民');
INSERT INTO sys_forbid_word VALUES ('人民大会堂');
INSERT INTO sys_forbid_word VALUES ('人民广场');
INSERT INTO sys_forbid_word VALUES ('人民日报');
INSERT INTO sys_forbid_word VALUES ('人民银行');
INSERT INTO sys_forbid_word VALUES ('人体炸弹');
INSERT INTO sys_forbid_word VALUES ('日GM');
INSERT INTO sys_forbid_word VALUES ('日X妈');
INSERT INTO sys_forbid_word VALUES ('日本RING');
INSERT INTO sys_forbid_word VALUES ('日本鬼子');
INSERT INTO sys_forbid_word VALUES ('日你娘');
INSERT INTO sys_forbid_word VALUES ('日他娘');
INSERT INTO sys_forbid_word VALUES ('肉壁');
INSERT INTO sys_forbid_word VALUES ('肉缝');
INSERT INTO sys_forbid_word VALUES ('肉棍子');
INSERT INTO sys_forbid_word VALUES ('肉穴');
INSERT INTO sys_forbid_word VALUES ('乳');
INSERT INTO sys_forbid_word VALUES ('乳波臀浪');
INSERT INTO sys_forbid_word VALUES ('撒尿');
INSERT INTO sys_forbid_word VALUES ('塞白');
INSERT INTO sys_forbid_word VALUES ('塞你爸');
INSERT INTO sys_forbid_word VALUES ('塞你公');
INSERT INTO sys_forbid_word VALUES ('塞你老母');
INSERT INTO sys_forbid_word VALUES ('塞你老师');
INSERT INTO sys_forbid_word VALUES ('塞你母');
INSERT INTO sys_forbid_word VALUES ('塞你娘');
INSERT INTO sys_forbid_word VALUES ('三个呆婊');
INSERT INTO sys_forbid_word VALUES ('三个代婊');
INSERT INTO sys_forbid_word VALUES ('三民主义');
INSERT INTO sys_forbid_word VALUES ('三陪女');
INSERT INTO sys_forbid_word VALUES ('三去车仑');
INSERT INTO sys_forbid_word VALUES ('骚逼');
INSERT INTO sys_forbid_word VALUES ('色情电影');
INSERT INTO sys_forbid_word VALUES ('色情小电影');
INSERT INTO sys_forbid_word VALUES ('杀人犯');
INSERT INTO sys_forbid_word VALUES ('傻屄');
INSERT INTO sys_forbid_word VALUES ('傻吊');
INSERT INTO sys_forbid_word VALUES ('傻卵');
INSERT INTO sys_forbid_word VALUES ('煞逼');
INSERT INTO sys_forbid_word VALUES ('商务部');
INSERT INTO sys_forbid_word VALUES ('社科院');
INSERT INTO sys_forbid_word VALUES ('身份生成器');
INSERT INTO sys_forbid_word VALUES ('神通加持法');
INSERT INTO sys_forbid_word VALUES ('生鸦片');
INSERT INTO sys_forbid_word VALUES ('圣女峰');
INSERT INTO sys_forbid_word VALUES ('十八摸');
INSERT INTO sys_forbid_word VALUES ('十年动乱石进');
INSERT INTO sys_forbid_word VALUES ('食捻屎');
INSERT INTO sys_forbid_word VALUES ('食屎');
INSERT INTO sys_forbid_word VALUES ('驶你爸');
INSERT INTO sys_forbid_word VALUES ('驶你公');
INSERT INTO sys_forbid_word VALUES ('驶你老母');
INSERT INTO sys_forbid_word VALUES ('驶你老师');
INSERT INTO sys_forbid_word VALUES ('驶你母');
INSERT INTO sys_forbid_word VALUES ('驶你娘');
INSERT INTO sys_forbid_word VALUES ('是鸡');
INSERT INTO sys_forbid_word VALUES ('受虐狂');
INSERT INTO sys_forbid_word VALUES ('售ID');
INSERT INTO sys_forbid_word VALUES ('售号');
INSERT INTO sys_forbid_word VALUES ('售软件');
INSERT INTO sys_forbid_word VALUES ('双峰微颤');
INSERT INTO sys_forbid_word VALUES ('氵去');
INSERT INTO sys_forbid_word VALUES ('水利部');
INSERT INTO sys_forbid_word VALUES ('水去车仑');
INSERT INTO sys_forbid_word VALUES ('税务总局');
INSERT INTO sys_forbid_word VALUES ('司法部');
INSERT INTO sys_forbid_word VALUES ('私服');
INSERT INTO sys_forbid_word VALUES ('私/服');
INSERT INTO sys_forbid_word VALUES ('私\\服');
INSERT INTO sys_forbid_word VALUES ('私-服');
INSERT INTO sys_forbid_word VALUES ('私—服');
INSERT INTO sys_forbid_word VALUES ('死gd');
INSERT INTO sys_forbid_word VALUES ('死gm');
INSERT INTO sys_forbid_word VALUES ('死全家');
INSERT INTO sys_forbid_word VALUES ('四川独立');
INSERT INTO sys_forbid_word VALUES ('四人帮');
INSERT INTO sys_forbid_word VALUES ('宋祖英');
INSERT INTO sys_forbid_word VALUES ('他爹');
INSERT INTO sys_forbid_word VALUES ('他妈');
INSERT INTO sys_forbid_word VALUES ('他马的');
INSERT INTO sys_forbid_word VALUES ('他母亲');
INSERT INTO sys_forbid_word VALUES ('他祖宗');
INSERT INTO sys_forbid_word VALUES ('台办');
INSERT INTO sys_forbid_word VALUES ('台湾党');
INSERT INTO sys_forbid_word VALUES ('台湾帝国');
INSERT INTO sys_forbid_word VALUES ('台湾共产党');
INSERT INTO sys_forbid_word VALUES ('台湾共和国');
INSERT INTO sys_forbid_word VALUES ('台湾狗');
INSERT INTO sys_forbid_word VALUES ('太监');
INSERT INTO sys_forbid_word VALUES ('天皇陛下');
INSERT INTO sys_forbid_word VALUES ('田纪云');
INSERT INTO sys_forbid_word VALUES ('舔西');
INSERT INTO sys_forbid_word VALUES ('投毒杀人');
INSERT INTO sys_forbid_word VALUES ('透视软件');
INSERT INTO sys_forbid_word VALUES ('推油');
INSERT INTO sys_forbid_word VALUES ('外挂');
INSERT INTO sys_forbid_word VALUES ('外挂');
INSERT INTO sys_forbid_word VALUES ('外/挂');
INSERT INTO sys_forbid_word VALUES ('外\\挂');
INSERT INTO sys_forbid_word VALUES ('外_挂');
INSERT INTO sys_forbid_word VALUES ('外-挂');
INSERT INTO sys_forbid_word VALUES ('外—挂');
INSERT INTO sys_forbid_word VALUES ('外汇局');
INSERT INTO sys_forbid_word VALUES ('外交部');
INSERT INTO sys_forbid_word VALUES ('外专局');
INSERT INTO sys_forbid_word VALUES ('晚年周恩来');
INSERT INTO sys_forbid_word VALUES ('万税');
INSERT INTO sys_forbid_word VALUES ('王宝森');
INSERT INTO sys_forbid_word VALUES ('王昊');
INSERT INTO sys_forbid_word VALUES ('王太华');
INSERT INTO sys_forbid_word VALUES ('王震');
INSERT INTO sys_forbid_word VALUES ('网管');
INSERT INTO sys_forbid_word VALUES ('卫生部');
INSERT INTO sys_forbid_word VALUES ('温加宝');
INSERT INTO sys_forbid_word VALUES ('温家保');
INSERT INTO sys_forbid_word VALUES ('温馨');
INSERT INTO sys_forbid_word VALUES ('温总理');
INSERT INTO sys_forbid_word VALUES ('文化部');
INSERT INTO sys_forbid_word VALUES ('文物局');
INSERT INTO sys_forbid_word VALUES ('倭国');
INSERT INTO sys_forbid_word VALUES ('倭寇');
INSERT INTO sys_forbid_word VALUES ('我操你');
INSERT INTO sys_forbid_word VALUES ('我妳老爸');
INSERT INTO sys_forbid_word VALUES ('吴仪');
INSERT INTO sys_forbid_word VALUES ('五星红旗');
INSERT INTO sys_forbid_word VALUES ('西藏天葬');
INSERT INTO sys_forbid_word VALUES ('希望之声');
INSERT INTO sys_forbid_word VALUES ('洗脑班');
INSERT INTO sys_forbid_word VALUES ('系统');
INSERT INTO sys_forbid_word VALUES ('系统公告');
INSERT INTO sys_forbid_word VALUES ('系统讯息');
INSERT INTO sys_forbid_word VALUES ('鲜族');
INSERT INTO sys_forbid_word VALUES ('想上你');
INSERT INTO sys_forbid_word VALUES ('小鸡鸡');
INSERT INTO sys_forbid_word VALUES ('小泉纯一郎');
INSERT INTO sys_forbid_word VALUES ('小日本');
INSERT INTO sys_forbid_word VALUES ('小肉粒');
INSERT INTO sys_forbid_word VALUES ('小乳头');
INSERT INTO sys_forbid_word VALUES ('邪教');
INSERT INTO sys_forbid_word VALUES ('兴奋剂');
INSERT INTO sys_forbid_word VALUES ('性无能');
INSERT INTO sys_forbid_word VALUES ('徐光春');
INSERT INTO sys_forbid_word VALUES ('血逼');
INSERT INTO sys_forbid_word VALUES ('血腥图片');
INSERT INTO sys_forbid_word VALUES ('鸦片液');
INSERT INTO sys_forbid_word VALUES ('鸦片渣');
INSERT INTO sys_forbid_word VALUES ('烟草局');
INSERT INTO sys_forbid_word VALUES ('严方军');
INSERT INTO sys_forbid_word VALUES ('阳精');
INSERT INTO sys_forbid_word VALUES ('摇头玩');
INSERT INTO sys_forbid_word VALUES ('耶苏');
INSERT INTO sys_forbid_word VALUES ('夜情');
INSERT INTO sys_forbid_word VALUES ('一党专制');
INSERT INTO sys_forbid_word VALUES ('一国两制');
INSERT INTO sys_forbid_word VALUES ('伊拉克');
INSERT INTO sys_forbid_word VALUES ('伊朗');
INSERT INTO sys_forbid_word VALUES ('以茎至洞');
INSERT INTO sys_forbid_word VALUES ('抑制剂');
INSERT INTO sys_forbid_word VALUES ('阴水');
INSERT INTO sys_forbid_word VALUES ('阴小撕大');
INSERT INTO sys_forbid_word VALUES ('淫货');
INSERT INTO sys_forbid_word VALUES ('淫贱');
INSERT INTO sys_forbid_word VALUES ('淫叫');
INSERT INTO sys_forbid_word VALUES ('淫毛');
INSERT INTO sys_forbid_word VALUES ('淫语连连');
INSERT INTO sys_forbid_word VALUES ('淫欲');
INSERT INTO sys_forbid_word VALUES ('英雄纪念碑');
INSERT INTO sys_forbid_word VALUES ('硬挺');
INSERT INTO sys_forbid_word VALUES ('邮政局');
INSERT INTO sys_forbid_word VALUES ('游戏发奖员');
INSERT INTO sys_forbid_word VALUES ('游戏宫理员');
INSERT INTO sys_forbid_word VALUES ('游戏管理员');
INSERT INTO sys_forbid_word VALUES ('舆论钳制');
INSERT INTO sys_forbid_word VALUES ('玉杵');
INSERT INTO sys_forbid_word VALUES ('欲火焚身');
INSERT INTO sys_forbid_word VALUES ('原子能机构');
INSERT INTO sys_forbid_word VALUES ('远程偷拍');
INSERT INTO sys_forbid_word VALUES ('曰GM');
INSERT INTO sys_forbid_word VALUES ('曰你');
INSERT INTO sys_forbid_word VALUES ('月经');
INSERT INTO sys_forbid_word VALUES ('月经不调');
INSERT INTO sys_forbid_word VALUES ('扎卡维是英雄');
INSERT INTO sys_forbid_word VALUES ('杂种');
INSERT INTO sys_forbid_word VALUES ('扎卡维');
INSERT INTO sys_forbid_word VALUES ('张朝阳');
INSERT INTO sys_forbid_word VALUES ('张潮阳');
INSERT INTO sys_forbid_word VALUES ('张磊');
INSERT INTO sys_forbid_word VALUES ('张小平');
INSERT INTO sys_forbid_word VALUES ('侦探设备');
INSERT INTO sys_forbid_word VALUES ('中国恐怖组织');
INSERT INTO sys_forbid_word VALUES ('中华民国');
INSERT INTO sys_forbid_word VALUES ('中南海');
INSERT INTO sys_forbid_word VALUES ('中宣部');
INSERT INTO sys_forbid_word VALUES ('周总理');
INSERT INTO sys_forbid_word VALUES ('朱容鸡');
INSERT INTO sys_forbid_word VALUES ('朱总理');
INSERT INTO sys_forbid_word VALUES ('猪容基');
INSERT INTO sys_forbid_word VALUES ('主席');
INSERT INTO sys_forbid_word VALUES ('装屄');
INSERT INTO sys_forbid_word VALUES ('追查国际');
INSERT INTO sys_forbid_word VALUES ('子女任职名单');
INSERT INTO sys_forbid_word VALUES ('自杀指南');
INSERT INTO sys_forbid_word VALUES ('自制手枪');
INSERT INTO sys_forbid_word VALUES ('自治机关');
INSERT INTO sys_forbid_word VALUES ('宗教');
INSERT INTO sys_forbid_word VALUES ('总局');
INSERT INTO sys_forbid_word VALUES ('坐台的');
INSERT INTO sys_forbid_word VALUES ('操逼毛');
INSERT INTO sys_forbid_word VALUES ('ur');
INSERT INTO sys_forbid_word VALUES ('taobao');
INSERT INTO sys_forbid_word VALUES ('webgame.com.cn');
INSERT INTO sys_forbid_word VALUES ('垃圾游戏');
INSERT INTO sys_forbid_word VALUES ('烂游戏');
INSERT INTO sys_forbid_word VALUES ('淘宝');
INSERT INTO sys_forbid_word VALUES ('cao');
INSERT INTO sys_forbid_word VALUES ('h站');
INSERT INTO sys_forbid_word VALUES ('龙虎');
INSERT INTO sys_forbid_word VALUES ('虎门');
INSERT INTO sys_forbid_word VALUES ('龙虎门');
INSERT INTO sys_forbid_word VALUES ('WEB牌戰');
INSERT INTO sys_forbid_word VALUES ('WEB战牌');
INSERT INTO sys_forbid_word VALUES ('战牌');
INSERT INTO sys_forbid_word VALUES ('8仙');
INSERT INTO sys_forbid_word VALUES ('ＵＲ');
INSERT INTO sys_forbid_word VALUES ('街头对抗');
INSERT INTO sys_forbid_word VALUES ('混沌决');
INSERT INTO sys_forbid_word VALUES ('杀死');
INSERT INTO sys_forbid_word VALUES ('砍死');
INSERT INTO sys_forbid_word VALUES ('斩杀');
INSERT INTO sys_forbid_word VALUES ('猎杀');
INSERT INTO sys_forbid_word VALUES ('亡灵');
INSERT INTO sys_forbid_word VALUES ('亡魂');
INSERT INTO sys_forbid_word VALUES ('魂魄');
INSERT INTO sys_forbid_word VALUES ('尸体');
INSERT INTO sys_forbid_word VALUES ('骷髅');
INSERT INTO sys_forbid_word VALUES ('鬼');
INSERT INTO sys_forbid_word VALUES ('二战');
INSERT INTO sys_forbid_word VALUES ('我是主公');
INSERT INTO sys_forbid_word VALUES ('客服');
INSERT INTO sys_forbid_word VALUES ('kefu');
INSERT INTO sys_forbid_word VALUES ('GM');
INSERT INTO sys_forbid_word VALUES ('gm');
INSERT INTO sys_forbid_word VALUES ('游戏管理员');
INSERT INTO sys_forbid_word VALUES ('管理员');
INSERT INTO sys_forbid_word VALUES ('赌场');
INSERT INTO sys_forbid_word VALUES ('Gm');
INSERT INTO sys_forbid_word VALUES ('gM');

-- ----------------------------
-- Table structure for `sys_guide`
-- ----------------------------
DROP TABLE IF EXISTS `sys_guide`;
CREATE TABLE `sys_guide` (
  `id` smallint(5) unsigned NOT NULL COMMENT '引导id 一旦确立 不能改变， 只能添加或者删除',
  `trigger_condition` varchar(255) DEFAULT NULL COMMENT '触发条件',
  `pre_guild_id` smallint(5) unsigned NOT NULL DEFAULT '0' COMMENT '前置引导id 如果前置没有做完 不允许完成当前引导',
  `desc` varchar(511) NOT NULL COMMENT '该引导的描述',
  PRIMARY KEY (`id`)
) ENGINE=InnoDB DEFAULT CHARSET=utf8;

-- ----------------------------
-- Records of sys_guide
-- ----------------------------
INSERT INTO sys_guide VALUES ('1', '', '0', '开场剧情');
INSERT INTO sys_guide VALUES ('2', '', '1', '开场战斗');
INSERT INTO sys_guide VALUES ('3', '', '0', '大和开场剧情');
INSERT INTO sys_guide VALUES ('4', '', '2', '玩家设置昵称');
INSERT INTO sys_guide VALUES ('5', '', '4', '获得诸葛亮');
INSERT INTO sys_guide VALUES ('6', '', '5', '金币招募');
INSERT INTO sys_guide VALUES ('7', '', '6', '钻石招募');
INSERT INTO sys_guide VALUES ('8', '', '7', '出战');
INSERT INTO sys_guide VALUES ('9', '', '0', '装备升级');
INSERT INTO sys_guide VALUES ('10', '', '0', '装备升品');
INSERT INTO sys_guide VALUES ('11', '', '0', '技能升级');
INSERT INTO sys_guide VALUES ('12', '4-1-1-5', '0', '邮箱');
INSERT INTO sys_guide VALUES ('13', '4-1-1-3', '0', '每日和成就');
INSERT INTO sys_guide VALUES ('14', '4-1-1-12', '0', '商店');
INSERT INTO sys_guide VALUES ('15', '', '0', '英雄召唤');
INSERT INTO sys_guide VALUES ('16', '', '15', '经验药水升级');
INSERT INTO sys_guide VALUES ('17', '', '0', '英雄升星');
INSERT INTO sys_guide VALUES ('18', '', '0', '英雄突破');
INSERT INTO sys_guide VALUES ('19', '4-1-1-10', '0', '签到');
INSERT INTO sys_guide VALUES ('20', '', '0', '活动副本');
INSERT INTO sys_guide VALUES ('23', '4-1-1-20', '0', '竞技场功能');

-- ----------------------------
-- Table structure for `sys_hero`
-- ----------------------------
DROP TABLE IF EXISTS `sys_hero`;
CREATE TABLE `sys_hero` (
  `id` int(10) unsigned NOT NULL AUTO_INCREMENT,
  `hero_id` int(10) unsigned NOT NULL COMMENT '英雄id',
  `name_cn` varchar(63) NOT NULL,
  `area` tinyint(3) unsigned NOT NULL COMMENT '所属势力',
  `occupation` tinyint(3) unsigned NOT NULL,
  `star` tinyint(3) unsigned NOT NULL,
  `quality` tinyint(3) unsigned NOT NULL,
  `passive_skill1` int(10) unsigned NOT NULL,
  `passive_skill2` int(10) unsigned NOT NULL,
  `passive_skill3` int(10) unsigned NOT NULL,
  `weapon` int(10) unsigned NOT NULL,
  `necklace` int(10) unsigned NOT NULL,
  `clothes` int(10) unsigned NOT NULL,
  `belt` int(10) unsigned NOT NULL,
  `ring` int(10) unsigned NOT NULL,
  `boots` int(10) unsigned NOT NULL,
  PRIMARY KEY (`id`)
) ENGINE=InnoDB AUTO_INCREMENT=21 DEFAULT CHARSET=utf8;

-- ----------------------------
-- Records of sys_hero
-- ----------------------------
INSERT INTO sys_hero VALUES ('1', '1', '嬴政', '1', '1', '1', '1', '1', '2', '3', '1', '2021', '3021', '4021', '5021', '6021');
INSERT INTO sys_hero VALUES ('2', '2', '养由基', '1', '2', '1', '1', '4', '5', '6', '21', '2041', '3041', '4041', '5041', '6041');
INSERT INTO sys_hero VALUES ('3', '3', '唐玄奘', '1', '4', '2', '1', '7', '8', '9', '41', '2081', '3081', '4081', '5081', '6081');
INSERT INTO sys_hero VALUES ('4', '4', '诸葛亮', '1', '3', '1', '1', '10', '11', '12', '61', '2061', '3061', '4061', '5061', '6061');
INSERT INTO sys_hero VALUES ('5', '5', '吕布', '1', '1', '1', '1', '13', '14', '15', '81', '2001', '3001', '4001', '5001', '6001');
INSERT INTO sys_hero VALUES ('6', '6', '项羽', '1', '1', '1', '1', '16', '17', '18', '101', '2001', '3001', '4001', '5001', '6001');
INSERT INTO sys_hero VALUES ('7', '7', '岳飞', '1', '1', '1', '1', '19', '20', '21', '121', '2021', '3021', '4021', '5021', '6021');
INSERT INTO sys_hero VALUES ('8', '8', '郑成功', '1', '2', '3', '1', '22', '23', '24', '141', '2041', '3041', '4041', '5041', '6041');
INSERT INTO sys_hero VALUES ('9', '9', '袁天罡', '1', '3', '1', '1', '25', '26', '27', '161', '2061', '3061', '4061', '5061', '6061');
INSERT INTO sys_hero VALUES ('10', '10', '华佗', '1', '4', '1', '1', '28', '29', '30', '181', '2081', '3081', '4081', '5081', '6081');
INSERT INTO sys_hero VALUES ('11', '11', '安倍晴明', '1', '3', '1', '1', '31', '32', '33', '201', '2061', '3061', '4061', '5061', '6061');
INSERT INTO sys_hero VALUES ('12', '12', '宫本武藏', '2', '1', '1', '1', '34', '35', '36', '221', '2001', '3001', '4001', '5001', '6001');
INSERT INTO sys_hero VALUES ('13', '13', '织田信长', '2', '1', '1', '1', '37', '38', '39', '241', '2021', '3021', '4021', '5021', '6021');
INSERT INTO sys_hero VALUES ('14', '14', '服部半藏', '2', '2', '1', '1', '40', '41', '42', '261', '2001', '3001', '4001', '5001', '6001');
INSERT INTO sys_hero VALUES ('15', '15', '辉夜姬', '2', '4', '1', '1', '43', '44', '45', '281', '2081', '3081', '4081', '5081', '6081');
INSERT INTO sys_hero VALUES ('16', '16', '丰臣秀吉', '2', '1', '3', '1', '46', '47', '48', '301', '2021', '3021', '4021', '5021', '6021');
INSERT INTO sys_hero VALUES ('17', '17', '浓姬', '2', '2', '2', '1', '49', '50', '51', '321', '2041', '3041', '4041', '5041', '6041');
INSERT INTO sys_hero VALUES ('18', '18', '亚瑟王', '3', '1', '2', '1', '52', '53', '54', '341', '2001', '3001', '4001', '5001', '6001');
INSERT INTO sys_hero VALUES ('19', '21', '德古拉伯爵', '3', '1', '1', '1', '61', '62', '63', '401', '2041', '3041', '4041', '5041', '6041');
INSERT INTO sys_hero VALUES ('20', '23', '贝奥武夫', '3', '1', '1', '1', '64', '65', '66', '421', '2001', '3001', '4001', '5001', '6001');

-- ----------------------------
-- Table structure for `sys_hero_level_need`
-- ----------------------------
DROP TABLE IF EXISTS `sys_hero_level_need`;
CREATE TABLE `sys_hero_level_need` (
  `level` int(10) unsigned NOT NULL,
  `exp_for_next_level` int(10) unsigned NOT NULL,
  PRIMARY KEY (`level`)
) ENGINE=InnoDB DEFAULT CHARSET=utf8;

-- ----------------------------
-- Records of sys_hero_level_need
-- ----------------------------
INSERT INTO sys_hero_level_need VALUES ('1', '15');
INSERT INTO sys_hero_level_need VALUES ('2', '30');
INSERT INTO sys_hero_level_need VALUES ('3', '45');
INSERT INTO sys_hero_level_need VALUES ('4', '60');
INSERT INTO sys_hero_level_need VALUES ('5', '75');
INSERT INTO sys_hero_level_need VALUES ('6', '90');
INSERT INTO sys_hero_level_need VALUES ('7', '105');
INSERT INTO sys_hero_level_need VALUES ('8', '120');
INSERT INTO sys_hero_level_need VALUES ('9', '140');
INSERT INTO sys_hero_level_need VALUES ('10', '240');
INSERT INTO sys_hero_level_need VALUES ('11', '340');
INSERT INTO sys_hero_level_need VALUES ('12', '490');
INSERT INTO sys_hero_level_need VALUES ('13', '640');
INSERT INTO sys_hero_level_need VALUES ('14', '770');
INSERT INTO sys_hero_level_need VALUES ('15', '870');
INSERT INTO sys_hero_level_need VALUES ('16', '970');
INSERT INTO sys_hero_level_need VALUES ('17', '1070');
INSERT INTO sys_hero_level_need VALUES ('18', '1170');
INSERT INTO sys_hero_level_need VALUES ('19', '1270');
INSERT INTO sys_hero_level_need VALUES ('20', '1720');
INSERT INTO sys_hero_level_need VALUES ('21', '2170');
INSERT INTO sys_hero_level_need VALUES ('22', '2620');
INSERT INTO sys_hero_level_need VALUES ('23', '3070');
INSERT INTO sys_hero_level_need VALUES ('24', '3520');
INSERT INTO sys_hero_level_need VALUES ('25', '3970');
INSERT INTO sys_hero_level_need VALUES ('26', '4420');
INSERT INTO sys_hero_level_need VALUES ('27', '4870');
INSERT INTO sys_hero_level_need VALUES ('28', '5320');
INSERT INTO sys_hero_level_need VALUES ('29', '5770');
INSERT INTO sys_hero_level_need VALUES ('30', '6640');
INSERT INTO sys_hero_level_need VALUES ('31', '7510');
INSERT INTO sys_hero_level_need VALUES ('32', '8380');
INSERT INTO sys_hero_level_need VALUES ('33', '9250');
INSERT INTO sys_hero_level_need VALUES ('34', '10120');
INSERT INTO sys_hero_level_need VALUES ('35', '10990');
INSERT INTO sys_hero_level_need VALUES ('36', '11860');
INSERT INTO sys_hero_level_need VALUES ('37', '12730');
INSERT INTO sys_hero_level_need VALUES ('38', '13600');
INSERT INTO sys_hero_level_need VALUES ('39', '14470');
INSERT INTO sys_hero_level_need VALUES ('40', '15700');
INSERT INTO sys_hero_level_need VALUES ('41', '16930');
INSERT INTO sys_hero_level_need VALUES ('42', '18160');
INSERT INTO sys_hero_level_need VALUES ('43', '19390');
INSERT INTO sys_hero_level_need VALUES ('44', '20620');
INSERT INTO sys_hero_level_need VALUES ('45', '21850');
INSERT INTO sys_hero_level_need VALUES ('46', '23080');
INSERT INTO sys_hero_level_need VALUES ('47', '24310');
INSERT INTO sys_hero_level_need VALUES ('48', '25540');
INSERT INTO sys_hero_level_need VALUES ('49', '26770');
INSERT INTO sys_hero_level_need VALUES ('50', '28360');
INSERT INTO sys_hero_level_need VALUES ('51', '29950');
INSERT INTO sys_hero_level_need VALUES ('52', '31540');
INSERT INTO sys_hero_level_need VALUES ('53', '33130');
INSERT INTO sys_hero_level_need VALUES ('54', '34720');
INSERT INTO sys_hero_level_need VALUES ('55', '36310');
INSERT INTO sys_hero_level_need VALUES ('56', '37900');
INSERT INTO sys_hero_level_need VALUES ('57', '39490');
INSERT INTO sys_hero_level_need VALUES ('58', '41080');
INSERT INTO sys_hero_level_need VALUES ('59', '42670');
INSERT INTO sys_hero_level_need VALUES ('60', '44260');
INSERT INTO sys_hero_level_need VALUES ('61', '45850');
INSERT INTO sys_hero_level_need VALUES ('62', '47440');
INSERT INTO sys_hero_level_need VALUES ('63', '49030');
INSERT INTO sys_hero_level_need VALUES ('64', '50620');
INSERT INTO sys_hero_level_need VALUES ('65', '52210');
INSERT INTO sys_hero_level_need VALUES ('66', '53800');
INSERT INTO sys_hero_level_need VALUES ('67', '55390');
INSERT INTO sys_hero_level_need VALUES ('68', '56980');
INSERT INTO sys_hero_level_need VALUES ('69', '58570');
INSERT INTO sys_hero_level_need VALUES ('70', '60360');
INSERT INTO sys_hero_level_need VALUES ('71', '62150');
INSERT INTO sys_hero_level_need VALUES ('72', '63940');
INSERT INTO sys_hero_level_need VALUES ('73', '65730');
INSERT INTO sys_hero_level_need VALUES ('74', '67520');
INSERT INTO sys_hero_level_need VALUES ('75', '69310');
INSERT INTO sys_hero_level_need VALUES ('76', '71100');
INSERT INTO sys_hero_level_need VALUES ('77', '72890');
INSERT INTO sys_hero_level_need VALUES ('78', '74680');
INSERT INTO sys_hero_level_need VALUES ('79', '76470');
INSERT INTO sys_hero_level_need VALUES ('80', '0');

-- ----------------------------
-- Table structure for `sys_hero_quality`
-- ----------------------------
DROP TABLE IF EXISTS `sys_hero_quality`;
CREATE TABLE `sys_hero_quality` (
  `quality` int(10) unsigned NOT NULL AUTO_INCREMENT,
  `need_level` int(10) unsigned NOT NULL COMMENT '从上一个品质升到该品质需要的英雄等级',
  `gold` int(10) unsigned NOT NULL COMMENT '从上一个品质升到该品质需要的金币',
  `open_passive_skill` tinyint(3) unsigned NOT NULL COMMENT '此品质的英雄，技能开的数量 开放时 按照被动技能顺序开放， 比如开放2个技能 则开放的式被动技能1 被动技能2',
  PRIMARY KEY (`quality`)
) ENGINE=InnoDB AUTO_INCREMENT=12 DEFAULT CHARSET=utf8;

-- ----------------------------
-- Records of sys_hero_quality
-- ----------------------------
INSERT INTO sys_hero_quality VALUES ('1', '1', '0', '0');
INSERT INTO sys_hero_quality VALUES ('2', '1', '10000', '1');
INSERT INTO sys_hero_quality VALUES ('3', '10', '25000', '1');
INSERT INTO sys_hero_quality VALUES ('4', '20', '40000', '2');
INSERT INTO sys_hero_quality VALUES ('5', '30', '60000', '2');
INSERT INTO sys_hero_quality VALUES ('6', '40', '80000', '2');
INSERT INTO sys_hero_quality VALUES ('7', '47', '100000', '3');
INSERT INTO sys_hero_quality VALUES ('8', '54', '125000', '3');
INSERT INTO sys_hero_quality VALUES ('9', '61', '150000', '3');
INSERT INTO sys_hero_quality VALUES ('10', '68', '175000', '3');
INSERT INTO sys_hero_quality VALUES ('11', '75', '200000', '3');

-- ----------------------------
-- Table structure for `sys_hero_quality_need`
-- ----------------------------
DROP TABLE IF EXISTS `sys_hero_quality_need`;
CREATE TABLE `sys_hero_quality_need` (
  `quality` int(10) unsigned NOT NULL AUTO_INCREMENT,
  `need_level` int(10) unsigned NOT NULL,
  `gold` int(10) unsigned NOT NULL,
  PRIMARY KEY (`quality`)
) ENGINE=InnoDB AUTO_INCREMENT=12 DEFAULT CHARSET=utf8;

-- ----------------------------
-- Records of sys_hero_quality_need
-- ----------------------------
INSERT INTO sys_hero_quality_need VALUES ('1', '0', '12');
INSERT INTO sys_hero_quality_need VALUES ('2', '5', '15');
INSERT INTO sys_hero_quality_need VALUES ('3', '10', '15');
INSERT INTO sys_hero_quality_need VALUES ('4', '15', '20');
INSERT INTO sys_hero_quality_need VALUES ('5', '20', '25');
INSERT INTO sys_hero_quality_need VALUES ('6', '25', '35');
INSERT INTO sys_hero_quality_need VALUES ('7', '30', '45');
INSERT INTO sys_hero_quality_need VALUES ('8', '35', '45');
INSERT INTO sys_hero_quality_need VALUES ('9', '40', '50');
INSERT INTO sys_hero_quality_need VALUES ('10', '45', '55');
INSERT INTO sys_hero_quality_need VALUES ('11', '0', '0');

-- ----------------------------
-- Table structure for `sys_hero_star_need`
-- ----------------------------
DROP TABLE IF EXISTS `sys_hero_star_need`;
CREATE TABLE `sys_hero_star_need` (
  `star` tinyint(3) unsigned NOT NULL COMMENT '星级',
  `fragment` int(10) unsigned NOT NULL COMMENT '召唤或者升星所需要的碎片数量',
  `to_fragment` int(10) unsigned NOT NULL COMMENT '玩家已有一样英雄时，再获取到同样英雄则转化为的碎片个数',
  PRIMARY KEY (`star`)
) ENGINE=InnoDB DEFAULT CHARSET=utf8;

-- ----------------------------
-- Records of sys_hero_star_need
-- ----------------------------
INSERT INTO sys_hero_star_need VALUES ('1', '10', '8');
INSERT INTO sys_hero_star_need VALUES ('2', '40', '18');
INSERT INTO sys_hero_star_need VALUES ('3', '90', '30');
INSERT INTO sys_hero_star_need VALUES ('4', '190', '45');
INSERT INTO sys_hero_star_need VALUES ('5', '340', '60');

-- ----------------------------
-- Table structure for `sys_invoke`
-- ----------------------------
DROP TABLE IF EXISTS `sys_invoke`;
CREATE TABLE `sys_invoke` (
  `invoke_type` tinyint(3) unsigned NOT NULL COMMENT '1 免费金币单次抽取；;2 金币单次抽取（玩家消耗金币）；;3 金币十连抽普通抽取；;4 普通免费钻石抽取；;5 普通钻石抽取（玩家消耗了钻石）；;6 钻石十连抽普通抽取;7 与新手任务相关的抽取（可能会有2个，暂时未定）;8 将来会有魂匣系统，魂匣系统的相关抽取，魂匣系统的抽取可能需要一个计数器，当次数满足多少时;',
  `packet_id` int(10) unsigned NOT NULL COMMENT '普通掉落包ID',
  `first_time_packet_id` int(10) unsigned NOT NULL COMMENT '初次使用时候的包ID',
  `activity_packet_id` int(10) unsigned NOT NULL COMMENT '活动掉落包ID',
  `activity_packet_time` varchar(255) NOT NULL COMMENT '活动掉落包生效时间条件配置， 只支持 1.时间格式 condition_type - condition_sub_type(时间子类型) - min - max'
) ENGINE=InnoDB DEFAULT CHARSET=utf8;

-- ----------------------------
-- Records of sys_invoke
-- ----------------------------
INSERT INTO sys_invoke VALUES ('1', '501', '508', '0', '');
INSERT INTO sys_invoke VALUES ('2', '502', '502', '0', '');
INSERT INTO sys_invoke VALUES ('3', '503', '503', '0', '');
INSERT INTO sys_invoke VALUES ('4', '504', '509', '0', '');
INSERT INTO sys_invoke VALUES ('5', '505', '505', '0', '');
INSERT INTO sys_invoke VALUES ('6', '507', '507', '0', '');
INSERT INTO sys_invoke VALUES ('7', '505', '505', '0', '');
INSERT INTO sys_invoke VALUES ('8', '507', '507', '0', '');
INSERT INTO sys_invoke VALUES ('9', '505', '505', '0', '');

-- ----------------------------
-- Table structure for `sys_item`
-- ----------------------------
DROP TABLE IF EXISTS `sys_item`;
CREATE TABLE `sys_item` (
  `id` int(10) unsigned NOT NULL,
  `item_id` int(10) unsigned NOT NULL COMMENT '道具ID',
  `use_type` tinyint(3) unsigned NOT NULL COMMENT '使用类型1.进化材料 2.经验值道具 3.扫荡券 4.杂物 5.材料碎片 6.英雄碎片7=体力药水8=礼包9=其他（活动道具）10=头像框',
  `name_cn` varchar(255) NOT NULL DEFAULT '' COMMENT '道具名字',
  `quality` tinyint(3) unsigned NOT NULL DEFAULT '0' COMMENT '品质',
  `overlap_num` int(10) unsigned NOT NULL COMMENT '最大可堆叠数量',
  `sell_gold` int(10) unsigned NOT NULL COMMENT '卖出时价格',
  `use_output` varchar(511) NOT NULL DEFAULT '' COMMENT '使用后的产出 形如  type-id-num|type-id-num : 1-555-10|2-5864-2',
  `compose_input` varchar(511) NOT NULL DEFAULT '' COMMENT '合成此道具所需要的消耗 形如  type-id-num|type-id-num : 1-555-10|2-5864-2',
  PRIMARY KEY (`id`),
  UNIQUE KEY `item_id` (`item_id`)
) ENGINE=InnoDB DEFAULT CHARSET=utf8;

-- ----------------------------
-- Records of sys_item
-- ----------------------------
INSERT INTO sys_item VALUES ('1', '1', '1', '碎铜块+1', '2', '9999', '1500', '', '');
INSERT INTO sys_item VALUES ('2', '2', '1', '碎铜块+2', '2', '9999', '2000', '', '');
INSERT INTO sys_item VALUES ('3', '3', '1', '碎铜块+3', '3', '9999', '2500', '', '');
INSERT INTO sys_item VALUES ('4', '4', '1', '碎铜块+4', '3', '9999', '3000', '', '');
INSERT INTO sys_item VALUES ('5', '5', '1', '碎铜块+5', '3', '9999', '3500', '', '');
INSERT INTO sys_item VALUES ('6', '6', '1', '碎铜块+6', '4', '9999', '4000', '', '');
INSERT INTO sys_item VALUES ('7', '7', '1', '碎铜块+7', '4', '9999', '4500', '', '');
INSERT INTO sys_item VALUES ('8', '8', '1', '碎铜块+8', '4', '9999', '5000', '', '');
INSERT INTO sys_item VALUES ('9', '9', '1', '碎铜块+9', '4', '9999', '5500', '', '');
INSERT INTO sys_item VALUES ('10', '10', '1', '碎铜块+10', '5', '9999', '6000', '', '');
INSERT INTO sys_item VALUES ('11', '21', '1', '碎铜链+1', '2', '9999', '1500', '', '');
INSERT INTO sys_item VALUES ('12', '22', '1', '碎铜链+2', '2', '9999', '2000', '', '');
INSERT INTO sys_item VALUES ('13', '23', '1', '碎铜链+3', '3', '9999', '2500', '', '');
INSERT INTO sys_item VALUES ('14', '24', '1', '碎铜链+4', '3', '9999', '3000', '', '');
INSERT INTO sys_item VALUES ('15', '25', '1', '碎铜链+5', '3', '9999', '3500', '', '');
INSERT INTO sys_item VALUES ('16', '26', '1', '碎铜链+6', '4', '9999', '4000', '', '');
INSERT INTO sys_item VALUES ('17', '27', '1', '碎铜链+7', '4', '9999', '4500', '', '');
INSERT INTO sys_item VALUES ('18', '28', '1', '碎铜链+8', '4', '9999', '5000', '', '');
INSERT INTO sys_item VALUES ('19', '29', '1', '碎铜链+9', '4', '9999', '5500', '', '');
INSERT INTO sys_item VALUES ('20', '30', '1', '碎铜链+10', '5', '9999', '6000', '', '');
INSERT INTO sys_item VALUES ('21', '41', '1', '破铁片+1', '2', '9999', '1500', '', '');
INSERT INTO sys_item VALUES ('22', '42', '1', '破铁片+2', '2', '9999', '2000', '', '');
INSERT INTO sys_item VALUES ('23', '43', '1', '破铁片+3', '3', '9999', '2500', '', '');
INSERT INTO sys_item VALUES ('24', '44', '1', '破铁片+4', '3', '9999', '3000', '', '');
INSERT INTO sys_item VALUES ('25', '45', '1', '破铁片+5', '3', '9999', '3500', '', '');
INSERT INTO sys_item VALUES ('26', '46', '1', '破铁片+6', '4', '9999', '4000', '', '');
INSERT INTO sys_item VALUES ('27', '47', '1', '破铁片+7', '4', '9999', '4500', '', '');
INSERT INTO sys_item VALUES ('28', '48', '1', '破铁片+8', '4', '9999', '5000', '', '');
INSERT INTO sys_item VALUES ('29', '49', '1', '破铁片+9', '4', '9999', '5500', '', '');
INSERT INTO sys_item VALUES ('30', '50', '1', '破铁片+10', '5', '9999', '6000', '', '');
INSERT INTO sys_item VALUES ('31', '61', '1', '烂皮毛+1', '2', '9999', '1500', '', '');
INSERT INTO sys_item VALUES ('32', '62', '1', '烂皮毛+2', '2', '9999', '2000', '', '');
INSERT INTO sys_item VALUES ('33', '63', '1', '烂皮毛+3', '3', '9999', '2500', '', '');
INSERT INTO sys_item VALUES ('34', '64', '1', '烂皮毛+4', '3', '9999', '3000', '', '');
INSERT INTO sys_item VALUES ('35', '65', '1', '烂皮毛+5', '3', '9999', '3500', '', '');
INSERT INTO sys_item VALUES ('36', '66', '1', '烂皮毛+6', '4', '9999', '4000', '', '');
INSERT INTO sys_item VALUES ('37', '67', '1', '烂皮毛+7', '4', '9999', '4500', '', '');
INSERT INTO sys_item VALUES ('38', '68', '1', '烂皮毛+8', '4', '9999', '5000', '', '');
INSERT INTO sys_item VALUES ('39', '69', '1', '烂皮毛+9', '4', '9999', '5500', '', '');
INSERT INTO sys_item VALUES ('40', '70', '1', '烂皮毛+10', '5', '9999', '6000', '', '');
INSERT INTO sys_item VALUES ('41', '81', '1', '小珍珠+1', '2', '9999', '1500', '', '');
INSERT INTO sys_item VALUES ('42', '82', '1', '小珍珠+2', '2', '9999', '2000', '', '');
INSERT INTO sys_item VALUES ('43', '83', '1', '小珍珠+3', '3', '9999', '2500', '', '');
INSERT INTO sys_item VALUES ('44', '84', '1', '小珍珠+4', '3', '9999', '3000', '', '');
INSERT INTO sys_item VALUES ('45', '85', '1', '小珍珠+5', '3', '9999', '3500', '', '');
INSERT INTO sys_item VALUES ('46', '86', '1', '小珍珠+6', '4', '9999', '4000', '', '');
INSERT INTO sys_item VALUES ('47', '87', '1', '小珍珠+7', '4', '9999', '4500', '', '');
INSERT INTO sys_item VALUES ('48', '88', '1', '小珍珠+8', '4', '9999', '5000', '', '');
INSERT INTO sys_item VALUES ('49', '89', '1', '小珍珠+9', '4', '9999', '5500', '', '');
INSERT INTO sys_item VALUES ('50', '90', '1', '小珍珠+10', '5', '9999', '6000', '', '');
INSERT INTO sys_item VALUES ('51', '101', '1', '亚麻布+1', '2', '9999', '1500', '', '');
INSERT INTO sys_item VALUES ('52', '102', '1', '亚麻布+2', '2', '9999', '2000', '', '');
INSERT INTO sys_item VALUES ('53', '103', '1', '亚麻布+3', '3', '9999', '2500', '', '');
INSERT INTO sys_item VALUES ('54', '104', '1', '亚麻布+4', '3', '9999', '3000', '', '');
INSERT INTO sys_item VALUES ('55', '105', '1', '亚麻布+5', '3', '9999', '3500', '', '');
INSERT INTO sys_item VALUES ('56', '106', '1', '亚麻布+6', '4', '9999', '4000', '', '');
INSERT INTO sys_item VALUES ('57', '107', '1', '亚麻布+7', '4', '9999', '4500', '', '');
INSERT INTO sys_item VALUES ('58', '108', '1', '亚麻布+8', '4', '9999', '5000', '', '');
INSERT INTO sys_item VALUES ('59', '109', '1', '亚麻布+9', '4', '9999', '5500', '', '');
INSERT INTO sys_item VALUES ('60', '110', '1', '亚麻布+10', '5', '9999', '6000', '', '');
INSERT INTO sys_item VALUES ('61', '401', '1', '强化合剂（小）', '3', '9999', '1500', '', '');
INSERT INTO sys_item VALUES ('62', '402', '1', '强化合剂（中）', '4', '9999', '2000', '', '8-401-10|12-0-10000');
INSERT INTO sys_item VALUES ('63', '403', '1', '强化合剂（大）', '5', '9999', '2500', '', '8-402-10|12-0-10000');
INSERT INTO sys_item VALUES ('64', '501', '2', '经验药水（微量）', '1', '9999', '100', '11-2-50', '');
INSERT INTO sys_item VALUES ('65', '502', '2', '经验药水（小）', '2', '9999', '200', '11-2-200', '');
INSERT INTO sys_item VALUES ('66', '503', '2', '经验药水（中）', '3', '9999', '300', '11-2-500', '');
INSERT INTO sys_item VALUES ('67', '504', '2', '经验药水（大）', '4', '9999', '400', '11-2-1000', '');
INSERT INTO sys_item VALUES ('68', '505', '2', '经验药水（超大）', '5', '9999', '500', '11-2-2500', '');
INSERT INTO sys_item VALUES ('69', '601', '3', '扫荡券', '3', '9999', '100', '', '');
INSERT INTO sys_item VALUES ('70', '701', '4', '卖钱道具1', '1', '9999', '1000', '', '');
INSERT INTO sys_item VALUES ('71', '702', '4', '卖钱道具2', '2', '9999', '8888', '', '');
INSERT INTO sys_item VALUES ('72', '703', '4', '卖钱道具3', '3', '9999', '25000', '', '');
INSERT INTO sys_item VALUES ('73', '704', '4', '卖钱道具4', '4', '9999', '66666', '', '');
INSERT INTO sys_item VALUES ('74', '705', '4', '卖钱道具5', '5', '9999', '100000', '', '');
INSERT INTO sys_item VALUES ('75', '801', '7', '体力药剂', '4', '9999', '1000', '14-0-60', '');
INSERT INTO sys_item VALUES ('76', '901', '10', '默认头像框', '1', '1', '1', '', '');
INSERT INTO sys_item VALUES ('77', '902', '10', '王者之证', '1', '1', '1', '', '');
INSERT INTO sys_item VALUES ('78', '903', '10', '初入茅庐', '1', '1', '1', '', '');
INSERT INTO sys_item VALUES ('79', '904', '10', '华夏名人', '1', '1', '1', '', '');
INSERT INTO sys_item VALUES ('80', '905', '10', '华夏狂徒', '1', '1', '1', '', '');
INSERT INTO sys_item VALUES ('81', '906', '10', '不死小强', '1', '1', '1', '', '');
INSERT INTO sys_item VALUES ('82', '2001', '6', '嬴政碎片', '4', '9999', '3000', '5-1-1', '');
INSERT INTO sys_item VALUES ('83', '2002', '6', '养由基碎片', '4', '9999', '3000', '5-2-1', '');
INSERT INTO sys_item VALUES ('84', '2003', '6', '唐玄奘碎片', '4', '9999', '3000', '5-3-1', '');
INSERT INTO sys_item VALUES ('85', '2004', '6', '诸葛亮碎片', '4', '9999', '3000', '5-4-1', '');
INSERT INTO sys_item VALUES ('86', '2005', '6', '吕布碎片', '4', '9999', '3000', '5-5-1', '');
INSERT INTO sys_item VALUES ('87', '2006', '6', '项羽碎片', '4', '9999', '3000', '5-6-1', '');
INSERT INTO sys_item VALUES ('88', '2007', '6', '岳飞碎片', '4', '9999', '3000', '5-7-1', '');
INSERT INTO sys_item VALUES ('89', '2008', '6', '郑成功碎片', '4', '9999', '3000', '5-8-1', '');
INSERT INTO sys_item VALUES ('90', '2009', '6', '袁天罡碎片', '4', '9999', '3000', '5-9-1', '');
INSERT INTO sys_item VALUES ('91', '2010', '6', '华佗碎片', '4', '9999', '3000', '5-10-1', '');
INSERT INTO sys_item VALUES ('92', '2011', '6', '安倍晴明碎片', '4', '9999', '3000', '5-11-1', '');
INSERT INTO sys_item VALUES ('93', '2012', '6', '宫本武藏碎片', '4', '9999', '3000', '5-12-1', '');
INSERT INTO sys_item VALUES ('94', '2013', '6', '织田信长碎片', '4', '9999', '3000', '5-13-1', '');
INSERT INTO sys_item VALUES ('95', '2014', '6', '服部半藏碎片', '4', '9999', '3000', '5-14-1', '');
INSERT INTO sys_item VALUES ('96', '2015', '6', '辉夜姬碎片', '4', '9999', '3000', '5-15-1', '');
INSERT INTO sys_item VALUES ('97', '2016', '6', '丰臣秀吉碎片', '4', '9999', '3000', '5-16-1', '');
INSERT INTO sys_item VALUES ('98', '2017', '6', '浓姬碎片', '4', '9999', '3000', '5-17-1', '');
INSERT INTO sys_item VALUES ('99', '2018', '6', '亚瑟王碎片', '4', '9999', '3000', '5-18-1', '');
INSERT INTO sys_item VALUES ('100', '2021', '6', '德古拉伯爵碎片', '4', '9999', '3000', '5-21-1', '');
INSERT INTO sys_item VALUES ('101', '2023', '6', '贝奥武夫碎片', '4', '9999', '3000', '5-23-1', '');

-- ----------------------------
-- Table structure for `sys_marquee`
-- ----------------------------
DROP TABLE IF EXISTS `sys_marquee`;
CREATE TABLE `sys_marquee` (
  `id` int(10) unsigned NOT NULL COMMENT '1:祭坛抽取\r\n2:玩家突破\r\n3:英雄召唤\r\n4:英雄升星\r\n5:竞技场挑战',
  `value` varchar(255) NOT NULL COMMENT '判断值',
  `show_times` int(10) unsigned NOT NULL COMMENT '显示次数',
  PRIMARY KEY (`id`)
) ENGINE=InnoDB DEFAULT CHARSET=utf8;

-- ----------------------------
-- Records of sys_marquee
-- ----------------------------
INSERT INTO sys_marquee VALUES ('1', '2', '1');
INSERT INTO sys_marquee VALUES ('2', '7,8,9,10,11', '1');
INSERT INTO sys_marquee VALUES ('3', '2', '1');
INSERT INTO sys_marquee VALUES ('4', '4', '1');
INSERT INTO sys_marquee VALUES ('5', '1,2,3', '3');
INSERT INTO sys_marquee VALUES ('6', '1', '5');

-- ----------------------------
-- Table structure for `sys_mission`
-- ----------------------------
DROP TABLE IF EXISTS `sys_mission`;
CREATE TABLE `sys_mission` (
  `mission_id` int(10) unsigned NOT NULL,
  `pre_mission_id` int(10) unsigned NOT NULL COMMENT '前置任务id',
  `mission_chain_id` int(10) unsigned NOT NULL COMMENT '任务链id',
  `mission_chain_type` tinyint(3) NOT NULL,
  `mission_type` tinyint(3) unsigned NOT NULL COMMENT '任务类型 1.午餐 2.晚餐 3.夜宵· 4.月卡 5.每日 6.成就',
  `show_condition_arr` varchar(255) DEFAULT NULL COMMENT '展示条件配置：1.时间 4.前置任务id 5.等级 (sub_type:1.普通 2.vip)  格式 condition_type - condition_sub_type(等级，时间子类型) - min - max',
  `enter_condition_arr` varchar(255) DEFAULT NULL COMMENT '进入条件',
  `finish_condition_arr` varchar(255) NOT NULL DEFAULT '' COMMENT '完成条件配置：1.时间  6.无条件 7.数量 8.英雄品质 9.卡牌星级 格式 condition_type - condition_sub_type(数量子类型) - min - max',
  `mission_reward` varchar(255) NOT NULL COMMENT '任务奖励',
  PRIMARY KEY (`mission_id`)
) ENGINE=InnoDB DEFAULT CHARSET=utf8;

-- ----------------------------
-- Records of sys_mission
-- ----------------------------
INSERT INTO sys_mission VALUES ('1', '0', '1', '1', '1', '1-5-14401-50400', '1-5-43201-50400', '', '14-0-60');
INSERT INTO sys_mission VALUES ('2', '1', '1', '1', '2', '1-5-43201-72000', '1-5-64801-72000', '', '14-0-60');
INSERT INTO sys_mission VALUES ('3', '2', '1', '1', '3', '1-5-64801-86400', '1-5-75601-86400', '', '14-0-120');
INSERT INTO sys_mission VALUES ('4', '0', '0', '1', '4', '', '', '', '');
INSERT INTO sys_mission VALUES ('5', '0', '0', '1', '5', '', '', '', '');
INSERT INTO sys_mission VALUES ('6', '0', '0', '1', '6', '', '', '', '');
INSERT INTO sys_mission VALUES ('7', '0', '0', '1', '4', '', '', '', '');
INSERT INTO sys_mission VALUES ('8', '0', '0', '1', '5', '', '', '', '');
INSERT INTO sys_mission VALUES ('9', '0', '0', '1', '6', '', '', '', '');
INSERT INTO sys_mission VALUES ('101', '0', '0', '1', '7', '4-2-2-1', '', '', '8-601-30');
INSERT INTO sys_mission VALUES ('102', '0', '0', '1', '7', '4-2-2-2', '', '', '8-601-40');
INSERT INTO sys_mission VALUES ('103', '0', '0', '1', '7', '4-2-2-3', '', '', '8-601-50');
INSERT INTO sys_mission VALUES ('104', '0', '0', '1', '7', '4-2-2-4', '', '', '8-601-60');
INSERT INTO sys_mission VALUES ('105', '0', '0', '1', '7', '4-2-2-5', '', '', '8-601-70');
INSERT INTO sys_mission VALUES ('106', '0', '0', '1', '7', '4-2-2-6', '', '', '8-601-80');
INSERT INTO sys_mission VALUES ('107', '0', '0', '1', '7', '4-2-2-7', '', '', '8-601-90');
INSERT INTO sys_mission VALUES ('108', '0', '0', '1', '7', '4-2-2-8', '', '', '8-601-100');
INSERT INTO sys_mission VALUES ('109', '0', '0', '1', '7', '4-2-2-9', '', '', '8-601-110');
INSERT INTO sys_mission VALUES ('110', '0', '0', '1', '7', '4-2-2-10', '', '', '8-601-120');
INSERT INTO sys_mission VALUES ('111', '0', '0', '1', '7', '4-2-2-11', '', '', '8-601-130');
INSERT INTO sys_mission VALUES ('112', '0', '0', '1', '7', '4-2-2-12', '', '', '8-601-140');
INSERT INTO sys_mission VALUES ('113', '0', '0', '1', '7', '4-2-2-13', '', '', '8-601-150');
INSERT INTO sys_mission VALUES ('114', '0', '0', '1', '7', '4-2-2-14', '', '', '8-601-160');
INSERT INTO sys_mission VALUES ('115', '0', '0', '1', '7', '4-2-2-15', '', '', '8-601-170');
INSERT INTO sys_mission VALUES ('116', '0', '0', '1', '7', '4-2-2-16', '', '', '8-601-180');
INSERT INTO sys_mission VALUES ('117', '0', '0', '1', '7', '4-2-1-8', '', '', '12-0-100000|8-505-10|16-0-100');
INSERT INTO sys_mission VALUES ('118', '0', '0', '1', '7', '', '', '5-13-1-10', '11-1-180|12-0-27500');
INSERT INTO sys_mission VALUES ('119', '0', '0', '1', '7', '', '', '5-14-1-3', '11-1-150|12-0-17500');
INSERT INTO sys_mission VALUES ('120', '0', '0', '1', '7', '', '', '5-15-1-1', '11-1-150|12-0-12500');
INSERT INTO sys_mission VALUES ('121', '0', '0', '1', '7', '', '', '5-1-1-5', '11-1-130|12-0-12500');
INSERT INTO sys_mission VALUES ('122', '0', '0', '1', '7', '', '', '5-6-1-5', '11-1-110|12-0-12500');
INSERT INTO sys_mission VALUES ('123', '0', '0', '1', '7', '', '', '5-16-1-3', '11-1-85|12-0-12500');
INSERT INTO sys_mission VALUES ('124', '0', '0', '1', '7', '', '', '5-21-1-1', '11-1-95|12-0-9500');
INSERT INTO sys_mission VALUES ('125', '0', '0', '1', '7', '', '', '5-17-1-3', '11-1-180|12-0-12500');
INSERT INTO sys_mission VALUES ('201', '0', '2', '2', '8', '', '', '5-5-2-1', '8-2004-3');
INSERT INTO sys_mission VALUES ('202', '201', '2', '2', '8', '', '', '5-5-3-1', '8-2004-3');
INSERT INTO sys_mission VALUES ('203', '202', '2', '2', '8', '', '', '5-5-4-1', '8-2004-3');
INSERT INTO sys_mission VALUES ('204', '203', '2', '2', '8', '', '', '5-5-12-1', '8-2004-3');
INSERT INTO sys_mission VALUES ('205', '204', '2', '2', '8', '', '', '5-5-13-1', '8-2004-3');
INSERT INTO sys_mission VALUES ('206', '205', '2', '2', '8', '', '', '5-5-14-1', '8-2004-3');
INSERT INTO sys_mission VALUES ('207', '206', '2', '2', '8', '', '', '5-5-15-1', '8-2004-3');
INSERT INTO sys_mission VALUES ('208', '207', '2', '2', '8', '', '', '5-5-24-1', '8-2004-3');
INSERT INTO sys_mission VALUES ('209', '208', '2', '2', '8', '', '', '5-5-25-1', '8-2004-3');
INSERT INTO sys_mission VALUES ('210', '209', '2', '2', '8', '', '', '5-5-26-1', '8-2004-3');
INSERT INTO sys_mission VALUES ('211', '210', '2', '2', '8', '', '', '5-5-33-1', '8-2-2');
INSERT INTO sys_mission VALUES ('212', '211', '2', '2', '8', '', '', '5-5-34-1', '8-22-2');
INSERT INTO sys_mission VALUES ('213', '212', '2', '2', '8', '', '', '5-5-35-1', '8-42-2');
INSERT INTO sys_mission VALUES ('214', '213', '2', '2', '8', '', '', '5-5-48-1', '8-62-2');
INSERT INTO sys_mission VALUES ('215', '214', '2', '2', '8', '', '', '5-5-49-1', '8-82-2');
INSERT INTO sys_mission VALUES ('216', '215', '2', '2', '8', '', '', '5-5-50-1', '8-102-2');
INSERT INTO sys_mission VALUES ('217', '216', '2', '2', '8', '', '', '5-5-51-1', '8-3-3');
INSERT INTO sys_mission VALUES ('218', '217', '2', '2', '8', '', '', '5-5-60-1', '8-23-3');
INSERT INTO sys_mission VALUES ('219', '218', '2', '2', '8', '', '', '5-5-61-1', '8-43-3');
INSERT INTO sys_mission VALUES ('220', '219', '2', '2', '8', '', '', '5-5-62-1', '8-63-3');
INSERT INTO sys_mission VALUES ('221', '220', '2', '2', '8', '', '', '5-5-68-1', '8-83-3');
INSERT INTO sys_mission VALUES ('222', '221', '2', '2', '8', '', '', '5-5-69-1', '8-103-3');
INSERT INTO sys_mission VALUES ('223', '222', '2', '2', '8', '', '', '5-5-70-1', '8-3-4');
INSERT INTO sys_mission VALUES ('224', '223', '2', '2', '8', '', '', '5-5-79-1', '8-23-4');
INSERT INTO sys_mission VALUES ('225', '224', '2', '2', '8', '', '', '5-5-80-1', '8-43-4');
INSERT INTO sys_mission VALUES ('226', '225', '2', '2', '8', '', '', '5-5-81-1', '8-63-4');
INSERT INTO sys_mission VALUES ('227', '226', '2', '2', '8', '', '', '5-5-84-1', '8-83-4');
INSERT INTO sys_mission VALUES ('228', '227', '2', '2', '8', '', '', '5-5-85-1', '8-103-4');
INSERT INTO sys_mission VALUES ('229', '228', '2', '2', '8', '', '', '5-5-86-1', '8-4-5');
INSERT INTO sys_mission VALUES ('230', '229', '2', '2', '8', '', '', '5-5-87-1', '8-24-5');
INSERT INTO sys_mission VALUES ('231', '230', '2', '2', '8', '', '', '5-5-93-1', '8-44-5');
INSERT INTO sys_mission VALUES ('232', '231', '2', '2', '8', '', '', '5-5-94-1', '8-64-5');
INSERT INTO sys_mission VALUES ('233', '232', '2', '2', '8', '', '', '5-5-95-1', '8-84-5');
INSERT INTO sys_mission VALUES ('234', '233', '2', '2', '8', '', '', '5-5-96-1', '8-104-5');
INSERT INTO sys_mission VALUES ('235', '234', '2', '2', '8', '', '', '5-5-97-1', '8-4-6');
INSERT INTO sys_mission VALUES ('236', '235', '2', '2', '8', '', '', '5-5-98-1', '8-24-6');
INSERT INTO sys_mission VALUES ('237', '236', '2', '2', '8', '', '', '5-5-104-1', '8-44-6');
INSERT INTO sys_mission VALUES ('238', '237', '2', '2', '8', '', '', '5-5-105-1', '8-64-6');
INSERT INTO sys_mission VALUES ('239', '238', '2', '2', '8', '', '', '5-5-106-1', '8-84-6');
INSERT INTO sys_mission VALUES ('240', '239', '2', '2', '8', '', '', '5-5-112-1', '8-104-6');
INSERT INTO sys_mission VALUES ('241', '240', '2', '2', '8', '', '', '5-5-113-1', '8-5-6');
INSERT INTO sys_mission VALUES ('242', '241', '2', '2', '8', '', '', '5-5-114-1', '8-25-6');
INSERT INTO sys_mission VALUES ('243', '242', '2', '2', '8', '', '', '5-5-115-1', '8-45-6');
INSERT INTO sys_mission VALUES ('244', '243', '2', '2', '8', '', '', '5-5-116-1', '8-65-6');
INSERT INTO sys_mission VALUES ('245', '244', '2', '2', '8', '', '', '5-5-120-1', '8-85-6');
INSERT INTO sys_mission VALUES ('246', '245', '2', '2', '8', '', '', '5-5-121-1', '8-105-6');
INSERT INTO sys_mission VALUES ('247', '246', '2', '2', '8', '', '', '5-5-122-1', '8-5-6');
INSERT INTO sys_mission VALUES ('248', '247', '2', '2', '8', '', '', '5-5-125-1', '8-25-6');
INSERT INTO sys_mission VALUES ('249', '248', '2', '2', '8', '', '', '5-5-126-1', '8-45-6');
INSERT INTO sys_mission VALUES ('250', '249', '2', '2', '8', '', '', '5-5-127-1', '8-65-6');
INSERT INTO sys_mission VALUES ('251', '250', '2', '2', '8', '', '', '5-5-128-1', '8-85-6');
INSERT INTO sys_mission VALUES ('252', '251', '2', '2', '8', '', '', '5-5-129-1', '8-105-6');
INSERT INTO sys_mission VALUES ('253', '252', '2', '2', '8', '', '', '5-5-130-1', '8-5-6');
INSERT INTO sys_mission VALUES ('254', '253', '2', '2', '8', '', '', '5-5-136-1', '8-25-6');
INSERT INTO sys_mission VALUES ('255', '254', '2', '2', '8', '', '', '5-5-137-1', '8-45-6');
INSERT INTO sys_mission VALUES ('256', '255', '2', '2', '8', '', '', '5-5-138-1', '8-65-6');
INSERT INTO sys_mission VALUES ('257', '256', '2', '2', '8', '', '', '5-5-139-1', '8-85-6');
INSERT INTO sys_mission VALUES ('258', '257', '2', '2', '8', '', '', '5-5-140-1', '8-105-6');
INSERT INTO sys_mission VALUES ('259', '258', '2', '2', '8', '', '', '5-5-141-1', '8-6-6');
INSERT INTO sys_mission VALUES ('260', '259', '2', '2', '8', '', '', '5-5-147-1', '8-26-6');
INSERT INTO sys_mission VALUES ('261', '260', '2', '2', '8', '', '', '5-5-148-1', '8-46-6');
INSERT INTO sys_mission VALUES ('262', '261', '2', '2', '8', '', '', '5-5-149-1', '8-66-6');
INSERT INTO sys_mission VALUES ('263', '262', '2', '2', '8', '', '', '5-5-150-1', '8-86-6');
INSERT INTO sys_mission VALUES ('264', '263', '2', '2', '8', '', '', '5-5-151-1', '8-106-6');
INSERT INTO sys_mission VALUES ('265', '264', '2', '2', '8', '', '', '5-5-152-1', '8-6-6');
INSERT INTO sys_mission VALUES ('266', '265', '2', '2', '8', '', '', '5-5-158-1', '8-26-6');
INSERT INTO sys_mission VALUES ('267', '266', '2', '2', '8', '', '', '5-5-159-1', '8-46-6');
INSERT INTO sys_mission VALUES ('268', '267', '2', '2', '8', '', '', '5-5-160-1', '8-66-6');
INSERT INTO sys_mission VALUES ('269', '268', '2', '2', '8', '', '', '5-5-161-1', '8-86-6');
INSERT INTO sys_mission VALUES ('270', '269', '2', '2', '8', '', '', '5-5-162-1', '8-106-6');
INSERT INTO sys_mission VALUES ('271', '270', '2', '2', '8', '', '', '5-5-163-1', '8-6-6');
INSERT INTO sys_mission VALUES ('272', '271', '2', '2', '8', '', '', '5-5-164-1', '8-26-6');
INSERT INTO sys_mission VALUES ('273', '272', '2', '2', '8', '', '', '5-5-170-1', '8-46-6');
INSERT INTO sys_mission VALUES ('274', '273', '2', '2', '8', '', '', '5-5-171-1', '8-66-6');
INSERT INTO sys_mission VALUES ('275', '274', '2', '2', '8', '', '', '5-5-172-1', '8-86-6');
INSERT INTO sys_mission VALUES ('276', '275', '2', '2', '8', '', '', '5-5-173-1', '8-106-6');
INSERT INTO sys_mission VALUES ('277', '276', '2', '2', '8', '', '', '5-5-174-1', '13-0-20');
INSERT INTO sys_mission VALUES ('278', '277', '2', '2', '8', '', '', '5-5-175-1', '13-0-20');
INSERT INTO sys_mission VALUES ('279', '278', '2', '2', '8', '', '', '5-5-181-1', '13-0-20');
INSERT INTO sys_mission VALUES ('280', '279', '2', '2', '8', '', '', '5-5-182-1', '13-0-30');
INSERT INTO sys_mission VALUES ('281', '280', '2', '2', '8', '', '', '5-5-183-1', '13-0-30');
INSERT INTO sys_mission VALUES ('282', '281', '2', '2', '8', '', '', '5-5-184-1', '13-0-30');
INSERT INTO sys_mission VALUES ('283', '282', '2', '2', '8', '', '', '5-5-185-1', '13-0-40');
INSERT INTO sys_mission VALUES ('284', '283', '2', '2', '8', '', '', '5-5-186-1', '13-0-40');
INSERT INTO sys_mission VALUES ('285', '284', '2', '2', '8', '', '', '5-5-192-1', '13-0-40');
INSERT INTO sys_mission VALUES ('286', '285', '2', '2', '8', '', '', '5-5-193-1', '13-0-50');
INSERT INTO sys_mission VALUES ('287', '286', '2', '2', '8', '', '', '5-5-194-1', '13-0-50');
INSERT INTO sys_mission VALUES ('288', '287', '2', '2', '8', '', '', '5-5-195-1', '13-0-50');
INSERT INTO sys_mission VALUES ('289', '288', '2', '2', '8', '', '', '5-5-196-1', '13-0-50');
INSERT INTO sys_mission VALUES ('290', '289', '2', '2', '8', '', '', '5-5-197-1', '13-0-50');
INSERT INTO sys_mission VALUES ('291', '290', '2', '2', '8', '', '', '5-5-203-1', '13-0-50');
INSERT INTO sys_mission VALUES ('292', '291', '2', '2', '8', '', '', '5-5-204-1', '13-0-50');
INSERT INTO sys_mission VALUES ('293', '292', '2', '2', '8', '', '', '5-5-205-1', '13-0-50');
INSERT INTO sys_mission VALUES ('294', '293', '2', '2', '8', '', '', '5-5-206-1', '13-0-50');
INSERT INTO sys_mission VALUES ('295', '294', '2', '2', '8', '', '', '5-5-207-1', '13-0-50');
INSERT INTO sys_mission VALUES ('296', '295', '2', '2', '8', '', '', '5-5-208-1', '13-0-50');
INSERT INTO sys_mission VALUES ('297', '296', '2', '2', '8', '', '', '5-5-214-1', '13-0-50');
INSERT INTO sys_mission VALUES ('298', '297', '2', '2', '8', '', '', '5-5-215-1', '13-0-50');
INSERT INTO sys_mission VALUES ('299', '298', '2', '2', '8', '', '', '5-5-216-1', '13-0-50');
INSERT INTO sys_mission VALUES ('300', '299', '2', '2', '8', '', '', '5-5-217-1', '13-0-50');
INSERT INTO sys_mission VALUES ('301', '300', '2', '2', '8', '', '', '5-5-218-1', '13-0-50');
INSERT INTO sys_mission VALUES ('302', '301', '2', '2', '8', '', '', '5-5-219-1', '13-0-50');
INSERT INTO sys_mission VALUES ('501', '0', '3', '2', '8', '', '', '5-4-5-1', '13-0-50');
INSERT INTO sys_mission VALUES ('502', '501', '3', '2', '8', '', '', '5-4-8-1', '13-0-50');
INSERT INTO sys_mission VALUES ('503', '502', '3', '2', '8', '', '', '5-4-16-1', '13-0-50');
INSERT INTO sys_mission VALUES ('504', '503', '3', '2', '8', '', '', '5-4-19-1', '13-0-50');
INSERT INTO sys_mission VALUES ('505', '504', '3', '2', '8', '', '', '5-4-27-1', '13-0-50');
INSERT INTO sys_mission VALUES ('506', '505', '3', '2', '8', '', '', '5-4-29-1', '13-0-50');
INSERT INTO sys_mission VALUES ('507', '506', '3', '2', '8', '', '', '5-4-52-1', '13-0-50');
INSERT INTO sys_mission VALUES ('508', '507', '3', '2', '8', '', '', '5-4-55-1', '13-0-50');
INSERT INTO sys_mission VALUES ('509', '508', '3', '2', '8', '', '', '5-4-63-1', '13-0-50');
INSERT INTO sys_mission VALUES ('510', '509', '3', '2', '8', '', '', '5-4-71-1', '13-0-50');
INSERT INTO sys_mission VALUES ('511', '510', '3', '2', '8', '', '', '5-4-74-1', '13-0-50');
INSERT INTO sys_mission VALUES ('512', '511', '3', '2', '8', '', '', '5-4-88-1', '13-0-50');
INSERT INTO sys_mission VALUES ('513', '512', '3', '2', '8', '', '', '5-4-99-1', '13-0-50');
INSERT INTO sys_mission VALUES ('514', '513', '3', '2', '8', '', '', '5-4-107-1', '13-0-50');
INSERT INTO sys_mission VALUES ('515', '514', '3', '2', '8', '', '', '5-4-117-1', '13-0-50');
INSERT INTO sys_mission VALUES ('516', '515', '3', '2', '8', '', '', '5-4-131-1', '13-0-100');
INSERT INTO sys_mission VALUES ('517', '516', '3', '2', '8', '', '', '5-4-142-1', '13-0-100');
INSERT INTO sys_mission VALUES ('518', '517', '3', '2', '8', '', '', '5-4-153-1', '13-0-100');
INSERT INTO sys_mission VALUES ('519', '518', '3', '2', '8', '', '', '5-4-165-1', '13-0-100');
INSERT INTO sys_mission VALUES ('520', '519', '3', '2', '8', '', '', '5-4-176-1', '13-0-100');
INSERT INTO sys_mission VALUES ('521', '520', '3', '2', '8', '', '', '5-4-187-1', '13-0-100');
INSERT INTO sys_mission VALUES ('522', '521', '3', '2', '8', '', '', '5-4-209-1', '13-0-100');
INSERT INTO sys_mission VALUES ('523', '522', '3', '2', '8', '', '', '5-4-220-1', '13-0-100');
INSERT INTO sys_mission VALUES ('601', '0', '4', '2', '8', '', '', '5-20-6-5', '12-0-100000');
INSERT INTO sys_mission VALUES ('602', '601', '4', '2', '8', '', '', '5-20-6-10', '12-0-150000');
INSERT INTO sys_mission VALUES ('603', '602', '4', '2', '8', '', '', '5-20-6-15', '12-0-200000');
INSERT INTO sys_mission VALUES ('604', '603', '4', '2', '8', '', '', '5-20-6-20', '12-0-200000');
INSERT INTO sys_mission VALUES ('605', '604', '4', '2', '8', '', '', '5-20-6-25', '12-0-250000');
INSERT INTO sys_mission VALUES ('606', '605', '4', '2', '8', '', '', '5-20-6-30', '12-0-250000');
INSERT INTO sys_mission VALUES ('607', '606', '4', '2', '8', '', '', '5-20-6-35', '12-0-300000');
INSERT INTO sys_mission VALUES ('608', '607', '4', '2', '8', '', '', '5-20-6-40', '12-0-300000');
INSERT INTO sys_mission VALUES ('609', '608', '4', '2', '8', '', '', '5-20-6-45', '12-0-350000');
INSERT INTO sys_mission VALUES ('610', '609', '4', '2', '8', '', '', '5-20-6-50', '12-0-400000');
INSERT INTO sys_mission VALUES ('611', '610', '4', '2', '8', '', '', '5-20-6-55', '12-0-450000');
INSERT INTO sys_mission VALUES ('612', '611', '4', '2', '8', '', '', '5-20-6-60', '12-0-500000');
INSERT INTO sys_mission VALUES ('613', '612', '4', '2', '8', '', '', '5-20-6-65', '12-0-550000');
INSERT INTO sys_mission VALUES ('614', '613', '4', '2', '8', '', '', '5-20-6-70', '12-0-600000');
INSERT INTO sys_mission VALUES ('615', '614', '4', '2', '8', '', '', '5-20-6-75', '12-0-700000');
INSERT INTO sys_mission VALUES ('616', '615', '4', '2', '8', '', '', '5-20-6-80', '12-0-800000');
INSERT INTO sys_mission VALUES ('651', '0', '5', '2', '8', '', '', '5-9-1-3', '8-504-3');
INSERT INTO sys_mission VALUES ('652', '651', '5', '2', '8', '', '', '5-9-1-5', '8-504-5');
INSERT INTO sys_mission VALUES ('653', '652', '5', '2', '8', '', '', '5-9-1-6', '8-504-5');
INSERT INTO sys_mission VALUES ('654', '653', '5', '2', '8', '', '', '5-9-1-7', '8-504-6');
INSERT INTO sys_mission VALUES ('655', '654', '5', '2', '8', '', '', '5-9-1-8', '8-504-6');
INSERT INTO sys_mission VALUES ('656', '655', '5', '2', '8', '', '', '5-9-1-9', '8-504-7');
INSERT INTO sys_mission VALUES ('657', '656', '5', '2', '8', '', '', '5-9-1-10', '8-504-7');
INSERT INTO sys_mission VALUES ('658', '657', '5', '2', '8', '', '', '5-9-1-11', '8-504-8');
INSERT INTO sys_mission VALUES ('659', '658', '5', '2', '8', '', '', '5-9-1-12', '8-504-8');
INSERT INTO sys_mission VALUES ('660', '659', '5', '2', '8', '', '', '5-9-1-13', '8-504-9');
INSERT INTO sys_mission VALUES ('661', '660', '5', '2', '8', '', '', '5-9-1-14', '8-504-9');
INSERT INTO sys_mission VALUES ('662', '661', '5', '2', '8', '', '', '5-9-1-15', '8-504-10');
INSERT INTO sys_mission VALUES ('663', '662', '5', '2', '8', '', '', '5-9-1-16', '8-504-10');
INSERT INTO sys_mission VALUES ('664', '663', '5', '2', '8', '', '', '5-9-1-17', '8-504-11');
INSERT INTO sys_mission VALUES ('665', '664', '5', '2', '8', '', '', '5-9-1-18', '8-504-11');
INSERT INTO sys_mission VALUES ('666', '665', '5', '2', '8', '', '', '5-9-1-19', '8-504-12');
INSERT INTO sys_mission VALUES ('667', '666', '5', '2', '8', '', '', '5-9-1-20', '8-504-12');
INSERT INTO sys_mission VALUES ('668', '667', '5', '2', '8', '', '', '5-9-1-21', '8-504-13');
INSERT INTO sys_mission VALUES ('669', '668', '5', '2', '8', '', '', '5-9-1-22', '8-504-13');
INSERT INTO sys_mission VALUES ('670', '669', '5', '2', '8', '', '', '5-9-1-23', '8-504-14');
INSERT INTO sys_mission VALUES ('671', '670', '5', '2', '8', '', '', '5-9-1-24', '8-504-14');
INSERT INTO sys_mission VALUES ('672', '671', '5', '2', '8', '', '', '5-9-1-25', '8-504-15');
INSERT INTO sys_mission VALUES ('673', '672', '5', '2', '8', '', '', '5-9-1-26', '8-504-15');
INSERT INTO sys_mission VALUES ('674', '673', '5', '2', '8', '', '', '5-9-1-27', '8-504-16');
INSERT INTO sys_mission VALUES ('675', '674', '5', '2', '8', '', '', '5-9-1-28', '8-504-16');
INSERT INTO sys_mission VALUES ('676', '675', '5', '2', '8', '', '', '5-9-1-29', '8-504-17');
INSERT INTO sys_mission VALUES ('677', '676', '5', '2', '8', '', '', '5-9-1-30', '8-504-17');
INSERT INTO sys_mission VALUES ('678', '677', '5', '2', '8', '', '', '5-9-1-31', '8-504-18');
INSERT INTO sys_mission VALUES ('679', '678', '5', '2', '8', '', '', '5-9-1-32', '8-504-18');
INSERT INTO sys_mission VALUES ('701', '0', '6', '2', '8', '4-2-1-6', '', '5-20-6-20', '13-0-500');
INSERT INTO sys_mission VALUES ('702', '701', '6', '2', '8', '4-2-1-6', '', '5-20-6-25', '13-0-500');
INSERT INTO sys_mission VALUES ('703', '702', '6', '2', '8', '4-2-1-6', '', '5-20-6-30', '13-0-500');
INSERT INTO sys_mission VALUES ('704', '703', '6', '2', '8', '4-2-1-6', '', '5-20-6-40', '13-0-800');
INSERT INTO sys_mission VALUES ('705', '704', '6', '2', '8', '4-2-1-6', '', '5-20-6-50', '13-0-800');
INSERT INTO sys_mission VALUES ('706', '705', '6', '2', '8', '4-2-1-6', '', '5-20-6-60', '13-0-1200');
INSERT INTO sys_mission VALUES ('707', '706', '6', '2', '8', '4-2-1-6', '', '5-20-6-68', '13-0-1200');
INSERT INTO sys_mission VALUES ('708', '707', '6', '2', '8', '4-2-1-6', '', '5-20-6-75', '13-0-1500');
INSERT INTO sys_mission VALUES ('902', '0', '0', '2', '8', '', '', '5-24-1-1', '8-902-1');
INSERT INTO sys_mission VALUES ('903', '0', '0', '2', '8', '', '', '5-20-6-18', '8-903-1');
INSERT INTO sys_mission VALUES ('904', '0', '0', '2', '8', '', '', '5-23-8-1', '8-904-1');
INSERT INTO sys_mission VALUES ('905', '0', '0', '2', '8', '', '', '5-25-8-5000', '8-905-1');
INSERT INTO sys_mission VALUES ('906', '0', '0', '2', '8', '', '', '5-22-1-100', '8-906-1');
INSERT INTO sys_mission VALUES ('950', '0', '0', '2', '8', '', '', '5-4-116-1', '8-2018-50');

-- ----------------------------
-- Table structure for `sys_monster`
-- ----------------------------
DROP TABLE IF EXISTS `sys_monster`;
CREATE TABLE `sys_monster` (
  `id` int(10) unsigned NOT NULL AUTO_INCREMENT,
  `monster_id` int(10) unsigned NOT NULL,
  PRIMARY KEY (`id`)
) ENGINE=InnoDB DEFAULT CHARSET=utf8;

-- ----------------------------
-- Records of sys_monster
-- ----------------------------

-- ----------------------------
-- Table structure for `sys_setting`
-- ----------------------------
DROP TABLE IF EXISTS `sys_setting`;
CREATE TABLE `sys_setting` (
  `key` varchar(255) NOT NULL COMMENT '键，配置项名字,同一功能模块的配置值用共同的前缀。  （注意， 只允许包含 英文 下划线或者数字 但是不要以数字开头）',
  `value_type` tinyint(3) unsigned NOT NULL COMMENT '值的类型：1.整数 2.字符串 3.浮点数',
  `value` varchar(511) NOT NULL COMMENT 'key所对应的值',
  `desc` varchar(511) DEFAULT '' COMMENT '参数功能描述'
) ENGINE=InnoDB DEFAULT CHARSET=utf8;

-- ----------------------------
-- Records of sys_setting
-- ----------------------------
INSERT INTO sys_setting VALUES ('Buy_Coin_Default', '1', '20000', '钻石兑换金币初始值');
INSERT INTO sys_setting VALUES ('Buy_Skill_Point', '1', '10', '技能点购买一次获得的技能点点数');
INSERT INTO sys_setting VALUES ('Buy_Health_Point', '1', '120', '一次购买体力获得点数');
INSERT INTO sys_setting VALUES ('Buy_Coin_Grow', '1', '1000', '钻石兑换金币成长值');
INSERT INTO sys_setting VALUES ('Invoke_Gold_1', '1', '10000', '金币单抽价格');
INSERT INTO sys_setting VALUES ('Invoke_Gold_N', '1', '90000', '金币十连价格');
INSERT INTO sys_setting VALUES ('Invoke_Diamond_1', '1', '280', '钻石单抽价格');
INSERT INTO sys_setting VALUES ('Invoke_Diamond_N', '1', '2520', '钻石十连价格');
INSERT INTO sys_setting VALUES ('Invoke_Gold_Free_CD', '1', '300', '金币免费单抽cd时间 秒为单位');
INSERT INTO sys_setting VALUES ('Invoke_Gold_Free_Per_Day', '1', '5', '每日金币免费单抽次数');
INSERT INTO sys_setting VALUES ('Invoke_Diamond_Free_CD', '1', '79200', '钻石免费单抽cd时间 秒为单位');
INSERT INTO sys_setting VALUES ('Invoke_Diamond_Free_Max_num', '1', '1', '钻石免费单抽最大剩余次数');
INSERT INTO sys_setting VALUES ('Invoke_Vip_Diamond_1', '1', '420', 'VIP单抽价格');
INSERT INTO sys_setting VALUES ('Invoke_Vip_Diamond_N', '1', '3780', 'VIP十连价格');
INSERT INTO sys_setting VALUES ('Initial_Player_Belongings', '2', '8-901-1|5-4-1|12-0-50000', '初始玩家财产');
INSERT INTO sys_setting VALUES ('Initial_Player_Vip_Level', '1', '5', '初始VIP等级');
INSERT INTO sys_setting VALUES ('Initial_Player_Level', '1', '1', '初始玩家等级');
INSERT INTO sys_setting VALUES ('Vip_Level_Function_Invoke_Vip', '1', '13', 'VIP宝箱开启VIP等级');
INSERT INTO sys_setting VALUES ('Vip_Level_Function_Speed_Kill_Main_Task', '1', '1', '主线任务可扫荡VIP等级');
INSERT INTO sys_setting VALUES ('Vip_Level_Function_Speed_Kill_Free_Task', '1', '1', '自由任务可扫荡VIP等级');
INSERT INTO sys_setting VALUES ('Vip_Level_Function_Buy_Gold', '1', '1', '点金功能开启VIP等级');
INSERT INTO sys_setting VALUES ('Vip_Level_Function_Buy_Health', '1', '1', '允许玩家购买体力VIP等级');
INSERT INTO sys_setting VALUES ('Vip_Level_Function_Upgrade_All_Equip', '1', '3', '允许玩家装备全部升级VIP等级');
INSERT INTO sys_setting VALUES ('Vip_Level_Function_Buy_Skill_Point', '1', '1', '允许购买技能点VIP等级');
INSERT INTO sys_setting VALUES ('Vip_Level_Function_Speed_Kill_N', '1', '4', '十连扫荡(>1的扫荡)功能开启VIP等级');
INSERT INTO sys_setting VALUES ('Vip_Level_Function_Check_In_Cover', '1', '5', '补签功能开启VIP等级');
INSERT INTO sys_setting VALUES ('Vip_Level_Function_Speed_Kill_Activity_Task', '1', '7', '活动副本可扫荡VIP等级');
INSERT INTO sys_setting VALUES ('Vip_Level_Function_Qiwuge', '1', '9', '永久开启奇物阁VIP等级');
INSERT INTO sys_setting VALUES ('Vip_Level_Function_Yijiebaoku', '1', '11', '永久开启异界宝库VIP等级');
INSERT INTO sys_setting VALUES ('Shop_Qiwuge_Switch', '1', '1', '奇物阁系统功能开关 0关闭商店 1开启商店');
INSERT INTO sys_setting VALUES ('Shop_Qiwuge_Open_Activity_time', '2', '', '奇物阁运营活动的开启时间,配置格式参考时间条件');
INSERT INTO sys_setting VALUES ('Shop_Qiwuge_Open_Probability', '1', '1000', '开启奇物阁概率（分母为100000）');
INSERT INTO sys_setting VALUES ('Shop_Qiwuge_Open_Time_Limit', '1', '3600', '开启奇物阁时间（秒）');
INSERT INTO sys_setting VALUES ('Shop_Qiwuge_Reset_Time', '2', '75600', '奇物阁刷新时间（以凌晨00:00为基准）');
INSERT INTO sys_setting VALUES ('Shop_Yijiebaoku_Switch', '1', '1', '异界宝库系统功能开关 0关闭商店 1开启商店');
INSERT INTO sys_setting VALUES ('Shop_Yijiebaoku_Open_Activity_time', '2', '', '异界宝库运营活动的开启时间,配置格式参考时间条件');
INSERT INTO sys_setting VALUES ('Shop_Yijiebaoku_Open_Probability', '1', '1000', '开启异界宝库概率（分母为100000）');
INSERT INTO sys_setting VALUES ('Shop_Yijiebaoku_Open_Time_Limit', '1', '3600', '开启异界宝库时间（秒）');
INSERT INTO sys_setting VALUES ('Shop_Yijiebaoku_Reset_Time', '2', '75600', '异界宝库刷新时间（以凌晨00:00为基准）');
INSERT INTO sys_setting VALUES ('Shop_Common_Switch', '1', '1', '杂货店系统功能开关 0关闭商店 1开启商店');
INSERT INTO sys_setting VALUES ('Shop_Common_Reset_Time', '2', '32400|43200|64800|75600', '杂物店刷新时间（以凌晨00:00为基准）');
INSERT INTO sys_setting VALUES ('Shop_Arena_Switch', '1', '1', '竞技场商店系统功能开关 0关闭商店 1开启商店');
INSERT INTO sys_setting VALUES ('Shop_Arena_Reset_Time', '2', '75600', '竞技场商店刷新时间（以凌晨00:00为基准）');
INSERT INTO sys_setting VALUES ('Shop_Expedition_Switch', '1', '1', '远征商店系统功能开关 0关闭商店 1开启商店');
INSERT INTO sys_setting VALUES ('Shop_Expedition_Reset_Time', '2', '75600', '远征商店刷新时间（以凌晨00:00为基准）');
INSERT INTO sys_setting VALUES ('Shop_Packet_Element_base_Weight', '1', '10', '物品基础权重');
INSERT INTO sys_setting VALUES ('Shop_Packet_Element_extra_Weight_factor1', '1', '10', '额外权重系数1');
INSERT INTO sys_setting VALUES ('Shop_Packet_Element_extra_Weight_factor2', '1', '10', '额外权重系数2');
INSERT INTO sys_setting VALUES ('Global_Reset_Time', '1', '14400', '参数刷新时间（以凌晨00:00为基准），大部分的参数均以此时间刷新，包括本日已点金次数，本日精英副本已重置次数，每日任务计数参数等等');
INSERT INTO sys_setting VALUES ('Month_Card_Each_Buy_Increase_Seconds', '1', '2592000', '购买一次月卡，增加剩余秒数(30天)');
INSERT INTO sys_setting VALUES ('Month_Card_Each_Renew_Increase_Days', '1', '33', '续费一次月卡，增加剩余天数');
INSERT INTO sys_setting VALUES ('Month_Card_Buy_Less_Than_Seconds', '1', '259200', '剩余天数小于等于该值时，才可以购买新的月卡(3天)');
INSERT INTO sys_setting VALUES ('Health_Limit', '1', '500', '玩家可继续获得体力的上限，大于等于该值，玩家不能获得体力，但玩家在小于此值时进行的最后一次获取体力的操作，可以允许玩家的体力值超过这个上限');
INSERT INTO sys_setting VALUES ('Health_Initial', '1', '60', '体力回复上限初始值');
INSERT INTO sys_setting VALUES ('Health_Grow', '1', '1', '体力回复上限每级成长值');
INSERT INTO sys_setting VALUES ('Health_Present_Factor_When_User_Level_Up', '1', '2', '体力增加系数（当玩家升级时，会获得体力的奖励，该奖励为玩家升级之前的等级*该系数）');
INSERT INTO sys_setting VALUES ('Health_Recover_Time', '1', '300', '体力自动回复1点需要时间（秒）');
INSERT INTO sys_setting VALUES ('Skill_Point_Recover_Time', '1', '300', '技能点自动回复1点需要时间（秒）');
INSERT INTO sys_setting VALUES ('Speed_Kill_Diamond_Per', '1', '20', '单次扫荡需要的钻石数量');
INSERT INTO sys_setting VALUES ('Speed_Kill_Limit', '1', '10', '扫荡券单次可使用的最大数量');
INSERT INTO sys_setting VALUES ('Max_Num_Vip_Level', '1', '16', 'vip上限');
INSERT INTO sys_setting VALUES ('Max_Num_User_Level', '1', '80', '玩家等级上限（英雄等级上限受玩家等级上限的限制，因此不填）');
INSERT INTO sys_setting VALUES ('Max_Num_Hero_Star', '1', '5', '英雄星级上限');
INSERT INTO sys_setting VALUES ('Max_Num_Hero_Quality', '1', '11', '英雄品质上限');
INSERT INTO sys_setting VALUES ('User_Level_Function_Arena', '1', '15', '竞技场开放等级');
INSERT INTO sys_setting VALUES ('User_Level_Function_Shop_Common', '1', '10', '杂货店功能开放等级');
INSERT INTO sys_setting VALUES ('User_Level_Function_Shop_Qiwuge', '1', '10', '奇物阁功能开放等级');
INSERT INTO sys_setting VALUES ('User_Level_Function_Shop_Yijiebaoku', '1', '10', '异界宝库功能开放等级');
INSERT INTO sys_setting VALUES ('User_Level_Function_Shop_Arena', '1', '1', '竞技场商店开放等级, 这个变量不使用！ 判断依据User_Level_Function_Arena');
INSERT INTO sys_setting VALUES ('User_Level_Function_Shop_Expedition', '1', '1', '远征商店开放等级');
INSERT INTO sys_setting VALUES ('User_Level_Function_Invoke', '1', '1', '祭坛功能开放等级');
INSERT INTO sys_setting VALUES ('User_Level_Function_Upgrade_Hero_Skill', '1', '1', '升级技能功能开放等级');
INSERT INTO sys_setting VALUES ('User_Level_Function_Crusade', '1', '1', '远征功能开放等级');
INSERT INTO sys_setting VALUES ('User_Level_Function_Trial_Tower', '1', '1', '试炼塔功能开放等级');
INSERT INTO sys_setting VALUES ('User_Level_Function_Friend', '1', '17', '好友功能开放等级');
INSERT INTO sys_setting VALUES ('User_Level_Function_Hello_World', '1', '1', '世界频道说话功能开放等级');
INSERT INTO sys_setting VALUES ('User_Level_Function_Everyday_Mission', '1', '4', '每日任务开放等级');
INSERT INTO sys_setting VALUES ('User_Level_Function_Guild', '1', '1', '公会功能开放等级');
INSERT INTO sys_setting VALUES ('User_Level_Function_Achivement_Mission', '1', '4', '成就任务开放等级（包含头像框任务开放）');
INSERT INTO sys_setting VALUES ('User_Level_Function_Mail', '1', '5', '邮箱功能开放等级');
INSERT INTO sys_setting VALUES ('User_Level_Function_CheckIn', '1', '8', '签到功能开放等级');
INSERT INTO sys_setting VALUES ('Switch_Allow_Same_User_Enter', '1', '1', '是否允许同账户的人登陆并挤掉前一个客户端， 0允许 1不允许');
INSERT INTO sys_setting VALUES ('Month_Card1_Recharge_Num', '1', '25', '月卡任务1，需要累计充值金额');
INSERT INTO sys_setting VALUES ('Month_Card2_Recharge_Num', '1', '88', '月卡任务2，需要累计充值金额');
INSERT INTO sys_setting VALUES ('Month_Card1_Reward_Diamond', '1', '120', '月卡1每日钻石');
INSERT INTO sys_setting VALUES ('Month_Card2_Reward_Diamond', '1', '120', '月卡2每日钻石');
INSERT INTO sys_setting VALUES ('Arena_History_Rank_Prize_factor1', '1', '606000', '竞技场历史排名奖励参数a');
INSERT INTO sys_setting VALUES ('Arena_History_Rank_Prize_factor2', '1', '100', '竞技场历史排名奖励参数b');
INSERT INTO sys_setting VALUES ('Arena_Auto_Prize_Time', '1', '75600', '竞技场发奖时间 可填多个 距离凌晨的秒数');
INSERT INTO sys_setting VALUES ('Arena_Challenge_CD', '1', '300', '竞技场挑战cd时间');
INSERT INTO sys_setting VALUES ('Arena_Fight_Time_Out', '1', '300', '竞技场挑战超时时间 过了时间判负(该参数与客户端参数不同，因为奥义释放期间，倒计时暂停，所以服务器没办法得知客户端实际的倒计时时间）');
INSERT INTO sys_setting VALUES ('Arena_Challenge_CD_Reset_Consume_Diamond', '1', '20', '竞技场挑战cd时间重置 消耗钻石');
INSERT INTO sys_setting VALUES ('Arena_Challenge_Num', '1', '5', '竞技场每日初始次数及重置获得次数');
INSERT INTO sys_setting VALUES ('Arena_Fight_Win_Prize', '2', '16-0-20|12-0-10000', '竞技场单次挑战胜利奖励');
INSERT INTO sys_setting VALUES ('Arena_Fight_Lose_Prize', '2', '16-0-20', '竞技场单次挑战失败奖励');
INSERT INTO sys_setting VALUES ('Mail_UnReaded_Mail_Valid_Time', '1', '2592000', '未读邮件删除时限');
INSERT INTO sys_setting VALUES ('Mail_Max_Num', '1', '99', '邮件最大封数');
INSERT INTO sys_setting VALUES ('Mail_Guide_Attach', '2', '13-0-200', '新手引导附件');
INSERT INTO sys_setting VALUES ('Mail_Phone_Attach', '2', '13-0-200', '绑定手机邮件附件');
INSERT INTO sys_setting VALUES ('Mail_Readed_Mail_Valid_Time', '1', '604800', '已读邮件删除时限');
INSERT INTO sys_setting VALUES ('CheckIn_Retrieve_Num_Per_Month', '1', '3', '每月补签次数');
INSERT INTO sys_setting VALUES ('Chapter_Map_Born_Point', '2', '1|36', '地图出生点章节ID');
INSERT INTO sys_setting VALUES ('Guid_Send_Mail_Level', '1', '5', '引导触发发送邮件等级');
INSERT INTO sys_setting VALUES ('Friend_Del_Max_Num_Per_Day', '1', '5', '每日删除好友上限');
INSERT INTO sys_setting VALUES ('Friend_Max_Num', '1', '50', '玩家总好友上限');
INSERT INTO sys_setting VALUES ('Friend_Give', '2', '14-0-1', '好友系统赠送内容物');
INSERT INTO sys_setting VALUES ('Friend_Give_Back', '2', '26-0-100', '好友系统回馈内容物');
INSERT INTO sys_setting VALUES ('Friend_Recommend_Num', '1', '5', '推荐好友数量');
INSERT INTO sys_setting VALUES ('Friend_Invite_Max_Num', '1', '10', '邀请好友上限');
INSERT INTO sys_setting VALUES ('Friend_Confirm_Max_Num', '1', '50', '申请好友列表（待确认）上限');
INSERT INTO sys_setting VALUES ('Max_Length_Signature', '1', '40', '个性签名最大字节数');
INSERT INTO sys_setting VALUES ('Friend_Default_Signature', '2', '这个人很懒，什么都没有留下', '好友签名默认文本');
INSERT INTO sys_setting VALUES ('Invoke_Friend_Point', '1', '100', '友情抽取消耗友情点');
INSERT INTO sys_setting VALUES ('Crusade_Promote_Type', '2', '12|27', '远征提升奖励类型');
INSERT INTO sys_setting VALUES ('Crusade_Promote_Percent', '1', '20', '远征奖励提升百分比,单位为1%');
INSERT INTO sys_setting VALUES ('Guild_Create_Diamond', '1', '6', '公会创建消耗');
INSERT INTO sys_setting VALUES ('Guild_Max_Num_Apply_For_User', '1', '10', '玩家申请上限');
INSERT INTO sys_setting VALUES ('Guild_Max_Num_Apply_For_Guild', '1', '100', '公会接收申请上限');
INSERT INTO sys_setting VALUES ('Guild_Member_Num_Vice_President', '1', '3', '最多的副会长数量');
INSERT INTO sys_setting VALUES ('Guild_List_Size', '1', '10', '公会列表长度');

-- ----------------------------
-- Table structure for `sys_shop`
-- ----------------------------
DROP TABLE IF EXISTS `sys_shop`;
CREATE TABLE `sys_shop` (
  `shop_type` tinyint(10) unsigned NOT NULL COMMENT '所属的商店(1=杂货店，2=奇物阁，3=异界宝库，4=竞技场，5=远征）',
  `shop_name` varchar(63) NOT NULL COMMENT '商店的名称',
  `activity_shop_part_id` int(10) unsigned NOT NULL COMMENT '活动时额外商店组成部分',
  `activity_time_type` int(10) unsigned NOT NULL COMMENT '活动时间类型',
  `activity_time` varchar(511) NOT NULL COMMENT '活动时间段',
  PRIMARY KEY (`shop_type`)
) ENGINE=InnoDB DEFAULT CHARSET=utf8;

-- ----------------------------
-- Records of sys_shop
-- ----------------------------
INSERT INTO sys_shop VALUES ('1', '杂货店', '0', '0', '');
INSERT INTO sys_shop VALUES ('2', '奇物阁', '0', '0', '');
INSERT INTO sys_shop VALUES ('3', '异界宝库', '0', '0', '');
INSERT INTO sys_shop VALUES ('4', '竞技场商店', '0', '0', '');
INSERT INTO sys_shop VALUES ('5', '远征商店', '0', '0', '');

-- ----------------------------
-- Table structure for `sys_shop_packet`
-- ----------------------------
DROP TABLE IF EXISTS `sys_shop_packet`;
CREATE TABLE `sys_shop_packet` (
  `shop_packet_id` int(10) unsigned NOT NULL COMMENT '所属商店包id',
  `element_type_id` varchar(63) NOT NULL COMMENT '某个物体 格式：元素类型-元素id ',
  `element_num_arr` varchar(127) NOT NULL COMMENT '物品多种数量',
  `element_probability_arr` varchar(127) NOT NULL COMMENT '物品多种数量对应的概率（此处一定是N选1）',
  `element_consume_type_id_num_arr` varchar(63) NOT NULL COMMENT '物品多个数量所对应的的需要的消耗 格式： 元素类型-元素id-元素数量',
  `element_flag_arr` varchar(63) NOT NULL COMMENT '标签（0=不显示，1=热卖，2=打折，3=限时抢购） 格式 0|1|2',
  PRIMARY KEY (`shop_packet_id`,`element_type_id`)
) ENGINE=InnoDB DEFAULT CHARSET=utf8;

-- ----------------------------
-- Records of sys_shop_packet
-- ----------------------------
INSERT INTO sys_shop_packet VALUES ('1', '8-2001', '1', '100000', '13-0-60', '0');
INSERT INTO sys_shop_packet VALUES ('1', '8-2002', '1', '100000', '13-0-60', '0');
INSERT INTO sys_shop_packet VALUES ('1', '8-2004', '1', '100000', '12-0-80000', '0');
INSERT INTO sys_shop_packet VALUES ('1', '8-2005', '1', '100000', '13-0-60', '0');
INSERT INTO sys_shop_packet VALUES ('1', '8-2006', '1', '100000', '12-0-80000', '0');
INSERT INTO sys_shop_packet VALUES ('1', '8-2007', '1', '100000', '12-0-80000', '0');
INSERT INTO sys_shop_packet VALUES ('1', '8-2009', '1', '100000', '13-0-60', '0');
INSERT INTO sys_shop_packet VALUES ('1', '8-2010', '1', '100000', '12-0-80000', '0');
INSERT INTO sys_shop_packet VALUES ('1', '8-2011', '1', '100000', '13-0-60', '0');
INSERT INTO sys_shop_packet VALUES ('1', '8-2012', '1', '100000', '13-0-60', '0');
INSERT INTO sys_shop_packet VALUES ('1', '8-2013', '1', '100000', '12-0-80000', '0');
INSERT INTO sys_shop_packet VALUES ('1', '8-2014', '1', '100000', '13-0-60', '0');
INSERT INTO sys_shop_packet VALUES ('1', '8-2015', '1', '100000', '13-0-60', '0');
INSERT INTO sys_shop_packet VALUES ('2', '8-601', '3', '100000', '13-0-30', '0');
INSERT INTO sys_shop_packet VALUES ('3', '8-501', '5', '100000', '12-0-5000', '0');
INSERT INTO sys_shop_packet VALUES ('4', '8-1', '1|2|3', '70000|20000|10000', '12-0-5000|12-0-10000|12-0-15000', '0|0|0');
INSERT INTO sys_shop_packet VALUES ('4', '8-101', '1|2|3', '70000|20000|10000', '12-0-5000|12-0-10000|12-0-15000', '0|0|0');
INSERT INTO sys_shop_packet VALUES ('4', '8-21', '1|2|3', '70000|20000|10000', '12-0-5000|12-0-10000|12-0-15000', '0|0|0');
INSERT INTO sys_shop_packet VALUES ('4', '8-41', '1|2|3', '70000|20000|10000', '12-0-5000|12-0-10000|12-0-15000', '0|0|0');
INSERT INTO sys_shop_packet VALUES ('4', '8-61', '1|2|3', '70000|20000|10000', '12-0-5000|12-0-10000|12-0-15000', '0|0|0');
INSERT INTO sys_shop_packet VALUES ('4', '8-81', '1|2|3', '70000|20000|10000', '12-0-5000|12-0-10000|12-0-15000', '0|0|0');
INSERT INTO sys_shop_packet VALUES ('5', '8-102', '1|2|3', '70000|20000|10000', '12-0-8000|12-0-16000|12-0-24000', '0|0|0');
INSERT INTO sys_shop_packet VALUES ('5', '8-2', '1|2|3', '70000|20000|10000', '12-0-8000|12-0-16000|12-0-24000', '0|0|0');
INSERT INTO sys_shop_packet VALUES ('5', '8-22', '1|2|3', '70000|20000|10000', '12-0-8000|12-0-16000|12-0-24000', '0|0|0');
INSERT INTO sys_shop_packet VALUES ('5', '8-42', '1|2|3', '70000|20000|10000', '12-0-8000|12-0-16000|12-0-24000', '0|0|0');
INSERT INTO sys_shop_packet VALUES ('5', '8-62', '1|2|3', '70000|20000|10000', '12-0-8000|12-0-16000|12-0-24000', '0|0|0');
INSERT INTO sys_shop_packet VALUES ('5', '8-82', '1|2|3', '70000|20000|10000', '12-0-8000|12-0-16000|12-0-24000', '0|0|0');
INSERT INTO sys_shop_packet VALUES ('6', '8-103', '1|2|3', '70000|20000|10000', '12-0-11000|12-0-22000|12-0-33000', '0|0|0');
INSERT INTO sys_shop_packet VALUES ('6', '8-23', '1|2|3', '70000|20000|10000', '12-0-11000|12-0-22000|12-0-33000', '0|0|0');
INSERT INTO sys_shop_packet VALUES ('6', '8-3', '1|2|3', '70000|20000|10000', '12-0-11000|12-0-22000|12-0-33000', '0|0|0');
INSERT INTO sys_shop_packet VALUES ('6', '8-43', '1|2|3', '70000|20000|10000', '12-0-11000|12-0-22000|12-0-33000', '0|0|0');
INSERT INTO sys_shop_packet VALUES ('6', '8-63', '1|2|3', '70000|20000|10000', '12-0-11000|12-0-22000|12-0-33000', '0|0|0');
INSERT INTO sys_shop_packet VALUES ('6', '8-83', '1|2|3', '70000|20000|10000', '12-0-11000|12-0-22000|12-0-33000', '0|0|0');
INSERT INTO sys_shop_packet VALUES ('7', '8-104', '1|2|3', '70000|20000|10000', '12-0-14000|12-0-28000|12-0-42000', '0|0|0');
INSERT INTO sys_shop_packet VALUES ('7', '8-24', '1|2|3', '70000|20000|10000', '12-0-14000|12-0-28000|12-0-42000', '0|0|0');
INSERT INTO sys_shop_packet VALUES ('7', '8-4', '1|2|3', '70000|20000|10000', '12-0-14000|12-0-28000|12-0-42000', '0|0|0');
INSERT INTO sys_shop_packet VALUES ('7', '8-44', '1|2|3', '70000|20000|10000', '12-0-14000|12-0-28000|12-0-42000', '0|0|0');
INSERT INTO sys_shop_packet VALUES ('7', '8-64', '1|2|3', '70000|20000|10000', '12-0-14000|12-0-28000|12-0-42000', '0|0|0');
INSERT INTO sys_shop_packet VALUES ('7', '8-84', '1|2|3', '70000|20000|10000', '12-0-14000|12-0-28000|12-0-42000', '0|0|0');
INSERT INTO sys_shop_packet VALUES ('8', '8-401', '1|2|3', '70000|20000|10000', '12-0-17000|12-0-34000|12-0-51000', '0|0|0');
INSERT INTO sys_shop_packet VALUES ('9', '8-105', '1|2|3', '70000|20000|10000', '12-0-20000|12-0-40000|12-0-60000', '0|0|0');
INSERT INTO sys_shop_packet VALUES ('9', '8-25', '1|2|3', '70000|20000|10000', '12-0-20000|12-0-40000|12-0-60000', '0|0|0');
INSERT INTO sys_shop_packet VALUES ('9', '8-45', '1|2|3', '70000|20000|10000', '12-0-20000|12-0-40000|12-0-60000', '0|0|0');
INSERT INTO sys_shop_packet VALUES ('9', '8-5', '1|2|3', '70000|20000|10000', '12-0-20000|12-0-40000|12-0-60000', '0|0|0');
INSERT INTO sys_shop_packet VALUES ('9', '8-65', '1|2|3', '70000|20000|10000', '12-0-20000|12-0-40000|12-0-60000', '0|0|0');
INSERT INTO sys_shop_packet VALUES ('9', '8-85', '1|2|3', '70000|20000|10000', '12-0-20000|12-0-40000|12-0-60000', '0|0|0');
INSERT INTO sys_shop_packet VALUES ('101', '8-2001', '1', '100000', '13-0-70', '0');
INSERT INTO sys_shop_packet VALUES ('101', '8-2002', '1', '100000', '13-0-70', '0');
INSERT INTO sys_shop_packet VALUES ('101', '8-2004', '1', '100000', '13-0-60', '0');
INSERT INTO sys_shop_packet VALUES ('101', '8-2005', '1', '100000', '13-0-70', '0');
INSERT INTO sys_shop_packet VALUES ('101', '8-2006', '1', '100000', '13-0-60', '0');
INSERT INTO sys_shop_packet VALUES ('101', '8-2007', '1', '100000', '13-0-60', '0');
INSERT INTO sys_shop_packet VALUES ('101', '8-2009', '1', '100000', '13-0-70', '0');
INSERT INTO sys_shop_packet VALUES ('101', '8-2010', '1', '100000', '13-0-60', '0');
INSERT INTO sys_shop_packet VALUES ('101', '8-2011', '1', '100000', '13-0-70', '0');
INSERT INTO sys_shop_packet VALUES ('101', '8-2012', '1', '100000', '13-0-70', '0');
INSERT INTO sys_shop_packet VALUES ('101', '8-2013', '1', '100000', '13-0-60', '0');
INSERT INTO sys_shop_packet VALUES ('101', '8-2014', '1', '100000', '13-0-70', '0');
INSERT INTO sys_shop_packet VALUES ('101', '8-2015', '1', '100000', '13-0-70', '0');
INSERT INTO sys_shop_packet VALUES ('102', '8-2003', '1', '100000', '13-0-80', '0');
INSERT INTO sys_shop_packet VALUES ('102', '8-2017', '1', '100000', '13-0-80', '0');
INSERT INTO sys_shop_packet VALUES ('102', '8-2018', '1', '100000', '13-0-80', '0');
INSERT INTO sys_shop_packet VALUES ('102', '8-2021', '1', '100000', '13-0-80', '0');
INSERT INTO sys_shop_packet VALUES ('102', '8-2023', '1', '100000', '13-0-80', '0');
INSERT INTO sys_shop_packet VALUES ('103', '8-503', '3', '100000', '13-0-30', '0');
INSERT INTO sys_shop_packet VALUES ('104', '8-401', '2|3|4', '70000|20000|10000', '13-0-20|13-0-30|13-0-40', '0|0|0');
INSERT INTO sys_shop_packet VALUES ('105', '8-106', '2|3|4', '70000|20000|10000', '13-0-20|13-0-30|13-0-40', '0|0|0');
INSERT INTO sys_shop_packet VALUES ('105', '8-26', '2|3|4', '70000|20000|10000', '13-0-20|13-0-30|13-0-40', '0|0|0');
INSERT INTO sys_shop_packet VALUES ('105', '8-46', '2|3|4', '70000|20000|10000', '13-0-20|13-0-30|13-0-40', '0|0|0');
INSERT INTO sys_shop_packet VALUES ('105', '8-6', '2|3|4', '70000|20000|10000', '13-0-20|13-0-30|13-0-40', '0|0|0');
INSERT INTO sys_shop_packet VALUES ('105', '8-66', '2|3|4', '70000|20000|10000', '13-0-20|13-0-30|13-0-40', '0|0|0');
INSERT INTO sys_shop_packet VALUES ('105', '8-86', '2|3|4', '70000|20000|10000', '13-0-20|13-0-30|13-0-40', '0|0|0');
INSERT INTO sys_shop_packet VALUES ('106', '8-402', '2|3|4', '70000|20000|10000', '13-0-20|13-0-30|13-0-40', '0|0|0');
INSERT INTO sys_shop_packet VALUES ('107', '8-107', '2|3|4', '70000|20000|10000', '13-0-30|13-0-45|13-0-60', '0|0|0');
INSERT INTO sys_shop_packet VALUES ('107', '8-27', '2|3|4', '70000|20000|10000', '13-0-30|13-0-45|13-0-60', '0|0|0');
INSERT INTO sys_shop_packet VALUES ('107', '8-47', '2|3|4', '70000|20000|10000', '13-0-30|13-0-45|13-0-60', '0|0|0');
INSERT INTO sys_shop_packet VALUES ('107', '8-67', '2|3|4', '70000|20000|10000', '13-0-30|13-0-45|13-0-60', '0|0|0');
INSERT INTO sys_shop_packet VALUES ('107', '8-7', '2|3|4', '70000|20000|10000', '13-0-30|13-0-45|13-0-60', '0|0|0');
INSERT INTO sys_shop_packet VALUES ('107', '8-87', '2|3|4', '70000|20000|10000', '13-0-30|13-0-45|13-0-60', '0|0|0');
INSERT INTO sys_shop_packet VALUES ('108', '8-108', '2|3|4', '70000|20000|10000', '13-0-40|13-0-60|13-0-80', '0|0|0');
INSERT INTO sys_shop_packet VALUES ('108', '8-28', '2|3|4', '70000|20000|10000', '13-0-40|13-0-60|13-0-80', '0|0|0');
INSERT INTO sys_shop_packet VALUES ('108', '8-48', '2|3|4', '70000|20000|10000', '13-0-40|13-0-60|13-0-80', '0|0|0');
INSERT INTO sys_shop_packet VALUES ('108', '8-68', '2|3|4', '70000|20000|10000', '13-0-40|13-0-60|13-0-80', '0|0|0');
INSERT INTO sys_shop_packet VALUES ('108', '8-8', '2|3|4', '70000|20000|10000', '13-0-40|13-0-60|13-0-80', '0|0|0');
INSERT INTO sys_shop_packet VALUES ('108', '8-88', '2|3|4', '70000|20000|10000', '13-0-40|13-0-60|13-0-80', '0|0|0');
INSERT INTO sys_shop_packet VALUES ('109', '8-109', '2|3|4', '70000|20000|10000', '13-0-50|13-0-75|13-0-100', '0|0|0');
INSERT INTO sys_shop_packet VALUES ('109', '8-29', '2|3|4', '70000|20000|10000', '13-0-50|13-0-75|13-0-100', '0|0|0');
INSERT INTO sys_shop_packet VALUES ('109', '8-49', '2|3|4', '70000|20000|10000', '13-0-50|13-0-75|13-0-100', '0|0|0');
INSERT INTO sys_shop_packet VALUES ('109', '8-69', '2|3|4', '70000|20000|10000', '13-0-50|13-0-75|13-0-100', '0|0|0');
INSERT INTO sys_shop_packet VALUES ('109', '8-89', '2|3|4', '70000|20000|10000', '13-0-50|13-0-75|13-0-100', '0|0|0');
INSERT INTO sys_shop_packet VALUES ('109', '8-9', '2|3|4', '70000|20000|10000', '13-0-50|13-0-75|13-0-100', '0|0|0');
INSERT INTO sys_shop_packet VALUES ('201', '8-108', '4|6|8', '70000|20000|10000', '13-0-100|13-0-150|13-0-200', '0|0|0');
INSERT INTO sys_shop_packet VALUES ('201', '8-28', '4|6|8', '70000|20000|10000', '13-0-100|13-0-150|13-0-200', '0|0|0');
INSERT INTO sys_shop_packet VALUES ('201', '8-48', '4|6|8', '70000|20000|10000', '13-0-100|13-0-150|13-0-200', '0|0|0');
INSERT INTO sys_shop_packet VALUES ('201', '8-68', '4|6|8', '70000|20000|10000', '13-0-100|13-0-150|13-0-200', '0|0|0');
INSERT INTO sys_shop_packet VALUES ('201', '8-8', '4|6|8', '70000|20000|10000', '13-0-100|13-0-150|13-0-200', '0|0|0');
INSERT INTO sys_shop_packet VALUES ('201', '8-88', '4|6|8', '70000|20000|10000', '13-0-100|13-0-150|13-0-200', '0|0|0');
INSERT INTO sys_shop_packet VALUES ('202', '8-109', '4|6|8', '70000|20000|10000', '13-0-120|13-0-180|13-0-240', '0|0|0');
INSERT INTO sys_shop_packet VALUES ('202', '8-29', '4|6|8', '70000|20000|10000', '13-0-120|13-0-180|13-0-240', '0|0|0');
INSERT INTO sys_shop_packet VALUES ('202', '8-49', '4|6|8', '70000|20000|10000', '13-0-120|13-0-180|13-0-240', '0|0|0');
INSERT INTO sys_shop_packet VALUES ('202', '8-69', '4|6|8', '70000|20000|10000', '13-0-120|13-0-180|13-0-240', '0|0|0');
INSERT INTO sys_shop_packet VALUES ('202', '8-89', '4|6|8', '70000|20000|10000', '13-0-120|13-0-180|13-0-240', '0|0|0');
INSERT INTO sys_shop_packet VALUES ('202', '8-9', '4|6|8', '70000|20000|10000', '13-0-120|13-0-180|13-0-240', '0|0|0');
INSERT INTO sys_shop_packet VALUES ('203', '8-2008', '2|3', '50000|50000', '13-0-400|13-0-600', '0|0');
INSERT INTO sys_shop_packet VALUES ('203', '8-2016', '2|3', '50000|50000', '13-0-400|13-0-600', '0|0');
INSERT INTO sys_shop_packet VALUES ('204', '8-10', '4|6|8', '70000|20000|10000', '13-0-140|13-0-210|13-0-280', '0|0|0');
INSERT INTO sys_shop_packet VALUES ('204', '8-110', '4|6|8', '70000|20000|10000', '13-0-140|13-0-210|13-0-280', '0|0|0');
INSERT INTO sys_shop_packet VALUES ('204', '8-30', '4|6|8', '70000|20000|10000', '13-0-140|13-0-210|13-0-280', '0|0|0');
INSERT INTO sys_shop_packet VALUES ('204', '8-50', '4|6|8', '70000|20000|10000', '13-0-140|13-0-210|13-0-280', '0|0|0');
INSERT INTO sys_shop_packet VALUES ('204', '8-70', '4|6|8', '70000|20000|10000', '13-0-140|13-0-210|13-0-280', '0|0|0');
INSERT INTO sys_shop_packet VALUES ('204', '8-90', '4|6|8', '70000|20000|10000', '13-0-140|13-0-210|13-0-280', '0|0|0');
INSERT INTO sys_shop_packet VALUES ('205', '8-403', '4|6|8', '70000|20000|10000', '13-0-160|13-0-240|13-0-320', '0|0|0');
INSERT INTO sys_shop_packet VALUES ('301', '8-403', '2|3|4|5', '25000|25000|25000|25000', '16-0-140|16-0-210|16-0-280|16-0-350', '0|0|0|0');
INSERT INTO sys_shop_packet VALUES ('302', '8-402', '2|3|4|5', '25000|25000|25000|25000', '16-0-100|16-0-150|16-0-200|16-0-250', '0|0|0|0');
INSERT INTO sys_shop_packet VALUES ('303', '8-2003', '5', '100000', '16-0-700', '0');
INSERT INTO sys_shop_packet VALUES ('304', '8-2018', '5', '100000', '16-0-700', '0');
INSERT INTO sys_shop_packet VALUES ('305', '8-2017', '5', '100000', '16-0-700', '0');

-- ----------------------------
-- Table structure for `sys_shop_part`
-- ----------------------------
DROP TABLE IF EXISTS `sys_shop_part`;
CREATE TABLE `sys_shop_part` (
  `shop_part_id` int(10) unsigned NOT NULL COMMENT '各个商店的组成部分  id',
  `shop_type` tinyint(10) unsigned NOT NULL COMMENT '所属的商店',
  `shop_packet_id_arr` varchar(255) NOT NULL COMMENT '包含的 商店包id',
  `burst_num` tinyint(3) unsigned NOT NULL COMMENT '产出种类（如果大于前一个字段的种类，则先全部产出一遍，然后再判断）',
  PRIMARY KEY (`shop_part_id`)
) ENGINE=InnoDB DEFAULT CHARSET=utf8;

-- ----------------------------
-- Records of sys_shop_part
-- ----------------------------
INSERT INTO sys_shop_part VALUES ('1', '1', '1', '1');
INSERT INTO sys_shop_part VALUES ('2', '1', '2', '1');
INSERT INTO sys_shop_part VALUES ('3', '1', '3', '1');
INSERT INTO sys_shop_part VALUES ('4', '1', '4|5|6|7', '3');
INSERT INTO sys_shop_part VALUES ('5', '1', '8|8|8|9', '2');
INSERT INTO sys_shop_part VALUES ('6', '2', '101|101|101|102', '2');
INSERT INTO sys_shop_part VALUES ('7', '2', '103', '1');
INSERT INTO sys_shop_part VALUES ('8', '2', '106|106|106|104|105', '2');
INSERT INTO sys_shop_part VALUES ('9', '2', '107|108', '3');
INSERT INTO sys_shop_part VALUES ('10', '3', '201|202|203', '4');
INSERT INTO sys_shop_part VALUES ('11', '3', '204|205', '3');
INSERT INTO sys_shop_part VALUES ('12', '3', '203', '1');
INSERT INTO sys_shop_part VALUES ('13', '4', '303|304|305', '6');
INSERT INTO sys_shop_part VALUES ('14', '4', '301', '1');
INSERT INTO sys_shop_part VALUES ('15', '4', '302', '1');
INSERT INTO sys_shop_part VALUES ('16', '5', '201|202|203', '4');
INSERT INTO sys_shop_part VALUES ('17', '5', '204|205', '3');
INSERT INTO sys_shop_part VALUES ('18', '5', '203', '1');

-- ----------------------------
-- Table structure for `sys_sign`
-- ----------------------------
DROP TABLE IF EXISTS `sys_sign`;
CREATE TABLE `sys_sign` (
  `id` int(10) unsigned NOT NULL COMMENT 'id',
  `time` varchar(255) NOT NULL COMMENT '签到 格式：年|月',
  `sign_reward_1` varchar(511) NOT NULL COMMENT '签到奖励',
  `sign_reward_n` varchar(255) NOT NULL COMMENT '累计签到奖励',
  PRIMARY KEY (`id`)
) ENGINE=InnoDB DEFAULT CHARSET=utf8;

-- ----------------------------
-- Records of sys_sign
-- ----------------------------
INSERT INTO sys_sign VALUES ('1', '2015|8', '8-1-1|8-1-2|8-1-3|8-1-4|8-1-5|8-1-6|8-1-7|8-1-8|8-1-9|8-1-10|8-1-11|8-1-12|8-1-13|8-1-14|8-1-15|8-1-16|8-1-17|8-1-18|8-1-19|8-1-20|8-1-21|8-1-22|8-1-23|8-1-24|8-1-25|8-1-26|8-1-27|8-1-28|8-1-29|8-1-30|8-1-31', '8-2001-20|8-2001-30|8-2001-40|8-2001-50');
INSERT INTO sys_sign VALUES ('2', '2015|9', '12-0-100000|12-0-200000|12-0-200000|13-0-300|8-2013-10|13-0-300|8-2013-15|8-401-40|13-0-600|13-0-1000|8-2013-30|8-401-40|13-0-600|13-0-1000|8-2013-30|8-401-40|13-0-600|13-0-1000|8-2013-30|8-401-40|13-0-600|13-0-1000|8-2013-30|8-401-40|13-0-600|13-0-1000|8-2013-30|8-401-40|13-0-600|13-0-1000', '8-2013-15|8-2013-15|8-2013-15|8-2013-15');
INSERT INTO sys_sign VALUES ('3', '2015|10', '12-0-100000|12-0-200000|12-0-200000|13-0-300|8-2013-10|13-0-300|8-2013-15|8-401-40|13-0-600|13-0-1000|8-2013-30|8-401-40|13-0-600|13-0-1000|8-2013-30|8-401-40|13-0-600|13-0-1000|8-2013-30|8-401-40|13-0-600|13-0-1000|8-2013-30|8-401-40|13-0-600|13-0-1000|8-2013-30|8-401-40|13-0-600|13-0-1000|13-0-1000', '8-2013-15|8-2013-15|8-2013-15|8-2013-15');
INSERT INTO sys_sign VALUES ('4', '2015|11', '12-0-100000|12-0-200000|12-0-200000|13-0-300|8-2013-10|13-0-300|8-2013-15|8-401-40|13-0-600|13-0-1000|8-2013-30|8-401-40|13-0-600|13-0-1000|8-2013-30|8-401-40|13-0-600|13-0-1000|8-2013-30|8-401-40|13-0-600|13-0-1000|8-2013-30|8-401-40|13-0-600|13-0-1000|8-2013-30|8-401-40|13-0-600|13-0-1000', '8-2013-15|8-2013-15|8-2013-15|8-2013-15');
INSERT INTO sys_sign VALUES ('5', '2015|12', '12-0-100000|12-0-200000|12-0-200000|13-0-300|8-2013-10|13-0-300|8-2013-15|8-401-40|13-0-600|13-0-1000|8-2013-30|8-401-40|13-0-600|13-0-1000|8-2013-30|8-401-40|13-0-600|13-0-1000|8-2013-30|8-401-40|13-0-600|13-0-1000|8-2013-30|8-401-40|13-0-600|13-0-1000|8-2013-30|8-401-40|13-0-600|13-0-1000|13-0-1000', '8-2013-15|8-2013-15|8-2013-15|8-2013-15');
INSERT INTO sys_sign VALUES ('6', '2016|1', '12-0-100000|12-0-200000|12-0-200000|13-0-300|8-2013-10|13-0-300|8-2013-15|8-401-40|13-0-600|13-0-1000|8-2013-30|8-401-40|13-0-600|13-0-1000|8-2013-30|8-401-40|13-0-600|13-0-1000|8-2013-30|8-401-40|13-0-600|13-0-1000|8-2013-30|8-401-40|13-0-600|13-0-1000|8-2013-30|8-401-40|13-0-600|13-0-1000|13-0-1000', '8-2013-15|8-2013-15|8-2013-15|8-2013-15');
INSERT INTO sys_sign VALUES ('7', '2016|2', '12-0-100000|12-0-200000|12-0-200000|13-0-300|8-2013-10|13-0-300|8-2013-15|8-401-40|13-0-600|13-0-1000|8-2013-30|8-401-40|13-0-600|13-0-1000|8-2013-30|8-401-40|13-0-600|13-0-1000|8-2013-30|8-401-40|13-0-600|13-0-1000|8-2013-30|8-401-40|13-0-600|13-0-1000|8-2013-30|8-401-40|13-0-600|13-0-1000', '8-2013-15|8-2013-15|8-2013-15|8-2013-15');

-- ----------------------------
-- Table structure for `sys_skill_level_gold`
-- ----------------------------
DROP TABLE IF EXISTS `sys_skill_level_gold`;
CREATE TABLE `sys_skill_level_gold` (
  `level` int(10) unsigned NOT NULL AUTO_INCREMENT,
  `bisha` int(10) unsigned NOT NULL,
  `aoyi` int(10) unsigned NOT NULL,
  `passive1` int(10) unsigned NOT NULL,
  `passive2` int(10) unsigned NOT NULL,
  `passive3` int(10) unsigned NOT NULL,
  PRIMARY KEY (`level`)
) ENGINE=InnoDB AUTO_INCREMENT=81 DEFAULT CHARSET=utf8;

-- ----------------------------
-- Records of sys_skill_level_gold
-- ----------------------------
INSERT INTO sys_skill_level_gold VALUES ('1', '350', '525', '700', '875', '1050');
INSERT INTO sys_skill_level_gold VALUES ('2', '700', '1050', '1400', '1750', '2100');
INSERT INTO sys_skill_level_gold VALUES ('3', '1050', '1575', '2100', '2625', '3150');
INSERT INTO sys_skill_level_gold VALUES ('4', '1400', '2100', '2800', '3500', '4200');
INSERT INTO sys_skill_level_gold VALUES ('5', '1750', '2625', '3500', '4375', '5250');
INSERT INTO sys_skill_level_gold VALUES ('6', '2100', '3150', '4200', '5250', '6300');
INSERT INTO sys_skill_level_gold VALUES ('7', '2450', '3675', '4900', '6125', '7350');
INSERT INTO sys_skill_level_gold VALUES ('8', '2800', '4200', '5600', '7000', '8400');
INSERT INTO sys_skill_level_gold VALUES ('9', '3150', '4725', '6300', '7875', '9450');
INSERT INTO sys_skill_level_gold VALUES ('10', '3500', '5250', '7000', '8750', '10500');
INSERT INTO sys_skill_level_gold VALUES ('11', '3850', '5775', '7700', '9625', '11550');
INSERT INTO sys_skill_level_gold VALUES ('12', '4200', '6300', '8400', '10500', '12600');
INSERT INTO sys_skill_level_gold VALUES ('13', '4550', '6825', '9100', '11375', '13650');
INSERT INTO sys_skill_level_gold VALUES ('14', '4900', '7350', '9800', '12250', '14700');
INSERT INTO sys_skill_level_gold VALUES ('15', '5250', '7875', '10500', '13125', '15750');
INSERT INTO sys_skill_level_gold VALUES ('16', '5600', '8400', '11200', '14000', '16800');
INSERT INTO sys_skill_level_gold VALUES ('17', '5950', '8925', '11900', '14875', '17850');
INSERT INTO sys_skill_level_gold VALUES ('18', '6300', '9450', '12600', '15750', '18900');
INSERT INTO sys_skill_level_gold VALUES ('19', '6650', '9975', '13300', '16625', '19950');
INSERT INTO sys_skill_level_gold VALUES ('20', '7000', '10500', '14000', '17500', '21000');
INSERT INTO sys_skill_level_gold VALUES ('21', '7350', '11025', '14700', '18375', '22050');
INSERT INTO sys_skill_level_gold VALUES ('22', '7700', '11550', '15400', '19250', '23100');
INSERT INTO sys_skill_level_gold VALUES ('23', '8050', '12075', '16100', '20125', '24150');
INSERT INTO sys_skill_level_gold VALUES ('24', '8400', '12600', '16800', '21000', '25200');
INSERT INTO sys_skill_level_gold VALUES ('25', '8750', '13125', '17500', '21875', '26250');
INSERT INTO sys_skill_level_gold VALUES ('26', '9100', '13650', '18200', '22750', '27300');
INSERT INTO sys_skill_level_gold VALUES ('27', '9450', '14175', '18900', '23625', '28350');
INSERT INTO sys_skill_level_gold VALUES ('28', '9800', '14700', '19600', '24500', '29400');
INSERT INTO sys_skill_level_gold VALUES ('29', '10150', '15225', '20300', '25375', '30450');
INSERT INTO sys_skill_level_gold VALUES ('30', '10500', '15750', '21000', '26250', '31500');
INSERT INTO sys_skill_level_gold VALUES ('31', '10850', '16275', '21700', '27125', '32550');
INSERT INTO sys_skill_level_gold VALUES ('32', '11200', '16800', '22400', '28000', '33600');
INSERT INTO sys_skill_level_gold VALUES ('33', '11550', '17325', '23100', '28875', '34650');
INSERT INTO sys_skill_level_gold VALUES ('34', '11900', '17850', '23800', '29750', '35700');
INSERT INTO sys_skill_level_gold VALUES ('35', '12250', '18375', '24500', '30625', '36750');
INSERT INTO sys_skill_level_gold VALUES ('36', '12600', '18900', '25200', '31500', '37800');
INSERT INTO sys_skill_level_gold VALUES ('37', '12950', '19425', '25900', '32375', '38850');
INSERT INTO sys_skill_level_gold VALUES ('38', '13300', '19950', '26600', '33250', '39900');
INSERT INTO sys_skill_level_gold VALUES ('39', '13650', '20475', '27300', '34125', '40950');
INSERT INTO sys_skill_level_gold VALUES ('40', '14000', '21000', '28000', '35000', '42000');
INSERT INTO sys_skill_level_gold VALUES ('41', '14350', '21525', '28700', '35875', '43050');
INSERT INTO sys_skill_level_gold VALUES ('42', '14700', '22050', '29400', '36750', '44100');
INSERT INTO sys_skill_level_gold VALUES ('43', '15050', '22575', '30100', '37625', '45150');
INSERT INTO sys_skill_level_gold VALUES ('44', '15400', '23100', '30800', '38500', '46200');
INSERT INTO sys_skill_level_gold VALUES ('45', '15750', '23625', '31500', '39375', '47250');
INSERT INTO sys_skill_level_gold VALUES ('46', '16100', '24150', '32200', '40250', '48300');
INSERT INTO sys_skill_level_gold VALUES ('47', '16450', '24675', '32900', '41125', '49350');
INSERT INTO sys_skill_level_gold VALUES ('48', '16800', '25200', '33600', '42000', '50400');
INSERT INTO sys_skill_level_gold VALUES ('49', '17150', '25725', '34300', '42875', '51450');
INSERT INTO sys_skill_level_gold VALUES ('50', '17500', '26250', '35000', '43750', '52500');
INSERT INTO sys_skill_level_gold VALUES ('51', '17850', '26775', '35700', '44625', '53550');
INSERT INTO sys_skill_level_gold VALUES ('52', '18200', '27300', '36400', '45500', '54600');
INSERT INTO sys_skill_level_gold VALUES ('53', '18550', '27825', '37100', '46375', '55650');
INSERT INTO sys_skill_level_gold VALUES ('54', '18900', '28350', '37800', '47250', '56700');
INSERT INTO sys_skill_level_gold VALUES ('55', '19250', '28875', '38500', '48125', '57750');
INSERT INTO sys_skill_level_gold VALUES ('56', '19600', '29400', '39200', '49000', '58800');
INSERT INTO sys_skill_level_gold VALUES ('57', '19950', '29925', '39900', '49875', '59850');
INSERT INTO sys_skill_level_gold VALUES ('58', '20300', '30450', '40600', '50750', '60900');
INSERT INTO sys_skill_level_gold VALUES ('59', '20650', '30975', '41300', '51625', '61950');
INSERT INTO sys_skill_level_gold VALUES ('60', '21000', '31500', '42000', '52500', '63000');
INSERT INTO sys_skill_level_gold VALUES ('61', '21350', '32025', '42700', '53375', '64050');
INSERT INTO sys_skill_level_gold VALUES ('62', '21700', '32550', '43400', '54250', '65100');
INSERT INTO sys_skill_level_gold VALUES ('63', '22050', '33075', '44100', '55125', '66150');
INSERT INTO sys_skill_level_gold VALUES ('64', '22400', '33600', '44800', '56000', '67200');
INSERT INTO sys_skill_level_gold VALUES ('65', '22750', '34125', '45500', '56875', '68250');
INSERT INTO sys_skill_level_gold VALUES ('66', '23100', '34650', '46200', '57750', '69300');
INSERT INTO sys_skill_level_gold VALUES ('67', '23450', '35175', '46900', '58625', '70350');
INSERT INTO sys_skill_level_gold VALUES ('68', '23800', '35700', '47600', '59500', '71400');
INSERT INTO sys_skill_level_gold VALUES ('69', '24150', '36225', '48300', '60375', '72450');
INSERT INTO sys_skill_level_gold VALUES ('70', '24500', '36750', '49000', '61250', '73500');
INSERT INTO sys_skill_level_gold VALUES ('71', '24850', '37275', '49700', '62125', '74550');
INSERT INTO sys_skill_level_gold VALUES ('72', '25200', '37800', '50400', '63000', '75600');
INSERT INTO sys_skill_level_gold VALUES ('73', '25550', '38325', '51100', '63875', '76650');
INSERT INTO sys_skill_level_gold VALUES ('74', '25900', '38850', '51800', '64750', '77700');
INSERT INTO sys_skill_level_gold VALUES ('75', '26250', '39375', '52500', '65625', '78750');
INSERT INTO sys_skill_level_gold VALUES ('76', '26600', '39900', '53200', '66500', '79800');
INSERT INTO sys_skill_level_gold VALUES ('77', '26950', '40425', '53900', '67375', '80850');
INSERT INTO sys_skill_level_gold VALUES ('78', '27300', '40950', '54600', '68250', '81900');
INSERT INTO sys_skill_level_gold VALUES ('79', '27650', '41475', '55300', '69125', '82950');
INSERT INTO sys_skill_level_gold VALUES ('80', '0', '0', '0', '0', '0');

-- ----------------------------
-- Table structure for `sys_skill_passive`
-- ----------------------------
DROP TABLE IF EXISTS `sys_skill_passive`;
CREATE TABLE `sys_skill_passive` (
  `passive_skill_id` int(10) unsigned NOT NULL,
  `name` varchar(255) NOT NULL,
  PRIMARY KEY (`passive_skill_id`)
) ENGINE=InnoDB DEFAULT CHARSET=utf8;

-- ----------------------------
-- Records of sys_skill_passive
-- ----------------------------
INSERT INTO sys_skill_passive VALUES ('1', '测试技能1');
INSERT INTO sys_skill_passive VALUES ('2', '测试技能2');
INSERT INTO sys_skill_passive VALUES ('3', '测试技能3');
INSERT INTO sys_skill_passive VALUES ('4', '测试技能4');
INSERT INTO sys_skill_passive VALUES ('5', '测试技能5');
INSERT INTO sys_skill_passive VALUES ('6', '测试技能6');
INSERT INTO sys_skill_passive VALUES ('7', '测试技能7');
INSERT INTO sys_skill_passive VALUES ('8', '测试技能8');
INSERT INTO sys_skill_passive VALUES ('9', '测试技能9');
INSERT INTO sys_skill_passive VALUES ('10', '测试技能10');
INSERT INTO sys_skill_passive VALUES ('11', '测试技能11');
INSERT INTO sys_skill_passive VALUES ('12', '测试技能12');
INSERT INTO sys_skill_passive VALUES ('13', '测试技能13');
INSERT INTO sys_skill_passive VALUES ('14', '测试技能14');
INSERT INTO sys_skill_passive VALUES ('15', '测试技能15');
INSERT INTO sys_skill_passive VALUES ('16', '测试技能16');
INSERT INTO sys_skill_passive VALUES ('17', '测试技能17');
INSERT INTO sys_skill_passive VALUES ('18', '测试技能18');
INSERT INTO sys_skill_passive VALUES ('19', '测试技能19');
INSERT INTO sys_skill_passive VALUES ('20', '测试技能20');
INSERT INTO sys_skill_passive VALUES ('21', '测试技能21');
INSERT INTO sys_skill_passive VALUES ('22', '测试技能22');
INSERT INTO sys_skill_passive VALUES ('23', '测试技能23');
INSERT INTO sys_skill_passive VALUES ('24', '测试技能24');
INSERT INTO sys_skill_passive VALUES ('25', '测试技能25');
INSERT INTO sys_skill_passive VALUES ('26', '测试技能26');
INSERT INTO sys_skill_passive VALUES ('27', '测试技能27');
INSERT INTO sys_skill_passive VALUES ('28', '测试技能28');
INSERT INTO sys_skill_passive VALUES ('29', '测试技能29');
INSERT INTO sys_skill_passive VALUES ('30', '测试技能30');
INSERT INTO sys_skill_passive VALUES ('31', '测试技能31');
INSERT INTO sys_skill_passive VALUES ('32', '测试技能32');
INSERT INTO sys_skill_passive VALUES ('33', '测试技能33');
INSERT INTO sys_skill_passive VALUES ('34', '测试技能34');
INSERT INTO sys_skill_passive VALUES ('35', '测试技能35');
INSERT INTO sys_skill_passive VALUES ('36', '测试技能36');
INSERT INTO sys_skill_passive VALUES ('37', '测试技能37');
INSERT INTO sys_skill_passive VALUES ('38', '测试技能38');
INSERT INTO sys_skill_passive VALUES ('39', '测试技能39');
INSERT INTO sys_skill_passive VALUES ('40', '测试技能40');
INSERT INTO sys_skill_passive VALUES ('41', '测试技能41');
INSERT INTO sys_skill_passive VALUES ('42', '测试技能42');
INSERT INTO sys_skill_passive VALUES ('43', '测试技能43');
INSERT INTO sys_skill_passive VALUES ('44', '测试技能44');
INSERT INTO sys_skill_passive VALUES ('45', '测试技能45');
INSERT INTO sys_skill_passive VALUES ('46', '测试技能46');
INSERT INTO sys_skill_passive VALUES ('47', '测试技能47');
INSERT INTO sys_skill_passive VALUES ('48', '测试技能48');
INSERT INTO sys_skill_passive VALUES ('49', '测试技能49');
INSERT INTO sys_skill_passive VALUES ('50', '测试技能50');
INSERT INTO sys_skill_passive VALUES ('51', '测试技能51');
INSERT INTO sys_skill_passive VALUES ('52', '测试技能52');
INSERT INTO sys_skill_passive VALUES ('53', '测试技能53');
INSERT INTO sys_skill_passive VALUES ('54', '测试技能54');
INSERT INTO sys_skill_passive VALUES ('55', '测试技能55');
INSERT INTO sys_skill_passive VALUES ('56', '测试技能56');
INSERT INTO sys_skill_passive VALUES ('57', '测试技能57');
INSERT INTO sys_skill_passive VALUES ('58', '测试技能58');
INSERT INTO sys_skill_passive VALUES ('59', '测试技能59');
INSERT INTO sys_skill_passive VALUES ('60', '测试技能60');
INSERT INTO sys_skill_passive VALUES ('61', '测试技能61');
INSERT INTO sys_skill_passive VALUES ('62', '测试技能62');
INSERT INTO sys_skill_passive VALUES ('63', '测试技能63');
INSERT INTO sys_skill_passive VALUES ('64', '测试技能64');
INSERT INTO sys_skill_passive VALUES ('65', '测试技能65');
INSERT INTO sys_skill_passive VALUES ('66', '测试技能66');

-- ----------------------------
-- Table structure for `sys_sub_task`
-- ----------------------------
DROP TABLE IF EXISTS `sys_sub_task`;
CREATE TABLE `sys_sub_task` (
  `id` int(10) unsigned NOT NULL AUTO_INCREMENT,
  `sub_task_id` int(10) unsigned NOT NULL COMMENT '子任务ID，全局唯一',
  `task_id` int(10) unsigned NOT NULL COMMENT '所属父任务，可以没有。 比如 小点上没有父任务 所以这里为空',
  `priority` float unsigned NOT NULL COMMENT '优先级， 数字越大 任务越后',
  `spend_health` int(10) unsigned NOT NULL COMMENT '消耗体力值',
  `total_enter_num_per_day` int(10) unsigned NOT NULL COMMENT '父任务为主线（type=1）或自由（支线 type=2）任务时有效： 单个子任务每日允许进入次数',
  `normal_packet_id` int(10) unsigned NOT NULL COMMENT '普通战斗时的爆落包ID',
  `auto_battle_packet_id` int(10) unsigned NOT NULL COMMENT '扫荡时的爆落包ID',
  `extra_packet_id` int(10) unsigned NOT NULL DEFAULT '0' COMMENT '某时间条件时的 额外爆落包id',
  `extra_packet_time` varchar(255) NOT NULL COMMENT '时间条件配置， 只支持 1.时间格式 condition_type - condition_sub_type(时间子类型) - min - max',
  PRIMARY KEY (`id`)
) ENGINE=InnoDB AUTO_INCREMENT=223 DEFAULT CHARSET=utf8;

-- ----------------------------
-- Records of sys_sub_task
-- ----------------------------
INSERT INTO sys_sub_task VALUES ('1', '1', '1', '1', '6', '0', '2001', '3001', '0', '');
INSERT INTO sys_sub_task VALUES ('2', '2', '2', '1', '6', '0', '2002', '3002', '0', '');
INSERT INTO sys_sub_task VALUES ('3', '3', '2', '2', '6', '0', '2003', '3003', '0', '');
INSERT INTO sys_sub_task VALUES ('4', '4', '2', '3', '6', '0', '2004', '3004', '0', '');
INSERT INTO sys_sub_task VALUES ('5', '5', '3', '1', '12', '3', '2005', '3005', '0', '');
INSERT INTO sys_sub_task VALUES ('6', '6', '3', '2', '12', '3', '2006', '3006', '0', '');
INSERT INTO sys_sub_task VALUES ('7', '7', '3', '3', '12', '3', '2007', '3007', '0', '');
INSERT INTO sys_sub_task VALUES ('8', '8', '4', '1', '12', '3', '2008', '3008', '0', '');
INSERT INTO sys_sub_task VALUES ('9', '9', '4', '2', '12', '3', '2009', '3009', '0', '');
INSERT INTO sys_sub_task VALUES ('10', '10', '5', '1', '6', '0', '2010', '3010', '0', '');
INSERT INTO sys_sub_task VALUES ('11', '11', '6', '1', '6', '0', '2011', '3011', '0', '');
INSERT INTO sys_sub_task VALUES ('12', '12', '7', '1', '6', '0', '2012', '3012', '0', '');
INSERT INTO sys_sub_task VALUES ('13', '13', '7', '2', '6', '0', '2013', '3013', '0', '');
INSERT INTO sys_sub_task VALUES ('14', '14', '8', '1', '6', '0', '2014', '3014', '0', '');
INSERT INTO sys_sub_task VALUES ('15', '15', '8', '2', '6', '0', '2015', '3015', '0', '');
INSERT INTO sys_sub_task VALUES ('16', '16', '9', '1', '12', '3', '2016', '3016', '0', '');
INSERT INTO sys_sub_task VALUES ('17', '17', '9', '2', '12', '3', '2017', '3017', '0', '');
INSERT INTO sys_sub_task VALUES ('18', '18', '9', '3', '12', '3', '2018', '3018', '0', '');
INSERT INTO sys_sub_task VALUES ('19', '19', '10', '1', '12', '3', '2019', '3019', '0', '');
INSERT INTO sys_sub_task VALUES ('20', '20', '10', '2', '12', '3', '2020', '3020', '0', '');
INSERT INTO sys_sub_task VALUES ('21', '21', '10', '3', '12', '3', '2021', '3021', '0', '');
INSERT INTO sys_sub_task VALUES ('22', '22', '11', '1', '6', '0', '2022', '3022', '0', '');
INSERT INTO sys_sub_task VALUES ('23', '23', '12', '1', '6', '0', '2023', '3023', '0', '');
INSERT INTO sys_sub_task VALUES ('24', '24', '13', '1', '6', '0', '2024', '3024', '0', '');
INSERT INTO sys_sub_task VALUES ('25', '25', '13', '2', '6', '0', '2025', '3025', '0', '');
INSERT INTO sys_sub_task VALUES ('26', '26', '13', '3', '6', '0', '2026', '3026', '0', '');
INSERT INTO sys_sub_task VALUES ('27', '27', '14', '1', '12', '3', '2027', '3027', '0', '');
INSERT INTO sys_sub_task VALUES ('28', '28', '14', '2', '12', '3', '2028', '3028', '0', '');
INSERT INTO sys_sub_task VALUES ('29', '29', '15', '1', '12', '3', '2029', '3029', '0', '');
INSERT INTO sys_sub_task VALUES ('30', '30', '15', '2', '12', '3', '2030', '3030', '0', '');
INSERT INTO sys_sub_task VALUES ('31', '31', '16', '1', '6', '0', '2031', '3031', '0', '');
INSERT INTO sys_sub_task VALUES ('32', '32', '17', '1', '6', '0', '2032', '3032', '0', '');
INSERT INTO sys_sub_task VALUES ('33', '33', '18', '1', '6', '0', '2033', '3033', '0', '');
INSERT INTO sys_sub_task VALUES ('34', '34', '18', '2', '6', '0', '2034', '3034', '0', '');
INSERT INTO sys_sub_task VALUES ('35', '35', '18', '3', '6', '0', '2035', '3035', '0', '');
INSERT INTO sys_sub_task VALUES ('36', '36', '19', '1', '6', '0', '2036', '3036', '0', '');
INSERT INTO sys_sub_task VALUES ('37', '37', '19', '2', '6', '0', '2037', '3037', '0', '');
INSERT INTO sys_sub_task VALUES ('38', '38', '19', '3', '6', '0', '2038', '3038', '0', '');
INSERT INTO sys_sub_task VALUES ('39', '39', '19', '4', '6', '0', '2039', '3039', '0', '');
INSERT INTO sys_sub_task VALUES ('40', '40', '19', '5', '6', '0', '2040', '3040', '0', '');
INSERT INTO sys_sub_task VALUES ('41', '41', '20', '1', '6', '0', '2041', '3041', '0', '');
INSERT INTO sys_sub_task VALUES ('42', '42', '20', '2', '6', '0', '2042', '3042', '0', '');
INSERT INTO sys_sub_task VALUES ('43', '43', '20', '3', '6', '0', '2043', '3043', '0', '');
INSERT INTO sys_sub_task VALUES ('44', '44', '20', '4', '6', '0', '2044', '3044', '0', '');
INSERT INTO sys_sub_task VALUES ('45', '45', '20', '5', '6', '0', '2045', '3045', '0', '');
INSERT INTO sys_sub_task VALUES ('46', '46', '21', '1', '6', '0', '2046', '3046', '0', '');
INSERT INTO sys_sub_task VALUES ('47', '47', '22', '1', '6', '0', '2047', '3047', '0', '');
INSERT INTO sys_sub_task VALUES ('48', '48', '23', '1', '6', '0', '2048', '3048', '0', '');
INSERT INTO sys_sub_task VALUES ('49', '49', '23', '2', '6', '0', '2049', '3049', '0', '');
INSERT INTO sys_sub_task VALUES ('50', '50', '24', '1', '6', '0', '2050', '3050', '0', '');
INSERT INTO sys_sub_task VALUES ('51', '51', '24', '2', '6', '0', '2051', '3051', '0', '');
INSERT INTO sys_sub_task VALUES ('52', '52', '25', '1', '12', '3', '2052', '3052', '0', '');
INSERT INTO sys_sub_task VALUES ('53', '53', '25', '2', '12', '3', '2053', '3053', '0', '');
INSERT INTO sys_sub_task VALUES ('54', '54', '25', '3', '12', '3', '2054', '3054', '0', '');
INSERT INTO sys_sub_task VALUES ('55', '55', '26', '1', '12', '3', '2055', '3055', '0', '');
INSERT INTO sys_sub_task VALUES ('56', '56', '26', '2', '12', '3', '2056', '3056', '0', '');
INSERT INTO sys_sub_task VALUES ('57', '57', '26', '3', '12', '3', '2057', '3057', '0', '');
INSERT INTO sys_sub_task VALUES ('58', '58', '27', '1', '6', '0', '2058', '3058', '0', '');
INSERT INTO sys_sub_task VALUES ('59', '59', '28', '1', '6', '0', '2059', '3059', '0', '');
INSERT INTO sys_sub_task VALUES ('60', '60', '29', '1', '6', '0', '2060', '3060', '0', '');
INSERT INTO sys_sub_task VALUES ('61', '61', '29', '2', '6', '0', '2061', '3061', '0', '');
INSERT INTO sys_sub_task VALUES ('62', '62', '29', '3', '6', '0', '2062', '3062', '0', '');
INSERT INTO sys_sub_task VALUES ('63', '63', '30', '1', '12', '3', '2063', '3063', '0', '');
INSERT INTO sys_sub_task VALUES ('64', '64', '30', '2', '12', '3', '2064', '3064', '0', '');
INSERT INTO sys_sub_task VALUES ('65', '65', '30', '3', '12', '3', '2065', '3065', '0', '');
INSERT INTO sys_sub_task VALUES ('66', '66', '31', '1', '6', '0', '2066', '3066', '0', '');
INSERT INTO sys_sub_task VALUES ('67', '67', '32', '1', '6', '0', '2067', '3067', '0', '');
INSERT INTO sys_sub_task VALUES ('68', '68', '33', '1', '6', '0', '2068', '3068', '0', '');
INSERT INTO sys_sub_task VALUES ('69', '69', '33', '2', '6', '0', '2069', '3069', '0', '');
INSERT INTO sys_sub_task VALUES ('70', '70', '33', '3', '6', '0', '2070', '3070', '0', '');
INSERT INTO sys_sub_task VALUES ('71', '71', '34', '1', '12', '3', '2071', '3071', '0', '');
INSERT INTO sys_sub_task VALUES ('72', '72', '34', '2', '12', '3', '2072', '3072', '0', '');
INSERT INTO sys_sub_task VALUES ('73', '73', '34', '3', '12', '3', '2073', '3073', '0', '');
INSERT INTO sys_sub_task VALUES ('74', '74', '35', '1', '12', '3', '2074', '3074', '0', '');
INSERT INTO sys_sub_task VALUES ('75', '75', '35', '2', '12', '3', '2075', '3075', '0', '');
INSERT INTO sys_sub_task VALUES ('76', '76', '35', '3', '12', '3', '2076', '3076', '0', '');
INSERT INTO sys_sub_task VALUES ('77', '77', '36', '1', '6', '0', '2077', '3077', '0', '');
INSERT INTO sys_sub_task VALUES ('78', '78', '37', '1', '6', '0', '2078', '3078', '0', '');
INSERT INTO sys_sub_task VALUES ('79', '79', '38', '1', '6', '0', '2079', '3079', '0', '');
INSERT INTO sys_sub_task VALUES ('80', '80', '38', '2', '6', '0', '2080', '3080', '0', '');
INSERT INTO sys_sub_task VALUES ('81', '81', '38', '3', '6', '0', '2081', '3081', '0', '');
INSERT INTO sys_sub_task VALUES ('82', '82', '39', '1', '6', '0', '2082', '3082', '0', '');
INSERT INTO sys_sub_task VALUES ('83', '83', '40', '1', '6', '0', '2083', '3083', '0', '');
INSERT INTO sys_sub_task VALUES ('84', '84', '41', '1', '6', '0', '2084', '3084', '0', '');
INSERT INTO sys_sub_task VALUES ('85', '85', '41', '2', '6', '0', '2085', '3085', '0', '');
INSERT INTO sys_sub_task VALUES ('86', '86', '42', '1', '6', '0', '2086', '3086', '0', '');
INSERT INTO sys_sub_task VALUES ('87', '87', '42', '2', '6', '0', '2087', '3087', '0', '');
INSERT INTO sys_sub_task VALUES ('88', '88', '43', '1', '12', '3', '2088', '3088', '0', '');
INSERT INTO sys_sub_task VALUES ('89', '89', '43', '2', '12', '3', '2089', '3089', '0', '');
INSERT INTO sys_sub_task VALUES ('90', '90', '43', '3', '12', '3', '2090', '3090', '0', '');
INSERT INTO sys_sub_task VALUES ('91', '91', '44', '1', '6', '0', '2091', '3091', '0', '');
INSERT INTO sys_sub_task VALUES ('92', '92', '45', '1', '6', '0', '2092', '3092', '0', '');
INSERT INTO sys_sub_task VALUES ('93', '93', '46', '1', '6', '0', '2093', '3093', '0', '');
INSERT INTO sys_sub_task VALUES ('94', '94', '46', '2', '6', '0', '2094', '3094', '0', '');
INSERT INTO sys_sub_task VALUES ('95', '95', '46', '3', '6', '0', '2095', '3095', '0', '');
INSERT INTO sys_sub_task VALUES ('96', '96', '47', '1', '6', '0', '2096', '3096', '0', '');
INSERT INTO sys_sub_task VALUES ('97', '97', '47', '2', '6', '0', '2097', '3097', '0', '');
INSERT INTO sys_sub_task VALUES ('98', '98', '47', '3', '6', '0', '2098', '3098', '0', '');
INSERT INTO sys_sub_task VALUES ('99', '99', '48', '1', '12', '3', '2099', '3099', '0', '');
INSERT INTO sys_sub_task VALUES ('100', '100', '48', '2', '12', '3', '2100', '3100', '0', '');
INSERT INTO sys_sub_task VALUES ('101', '101', '48', '3', '12', '3', '2101', '3101', '0', '');
INSERT INTO sys_sub_task VALUES ('102', '102', '49', '1', '6', '0', '2102', '3102', '0', '');
INSERT INTO sys_sub_task VALUES ('103', '103', '50', '1', '6', '0', '2103', '3103', '0', '');
INSERT INTO sys_sub_task VALUES ('104', '104', '51', '1', '6', '0', '2104', '3104', '0', '');
INSERT INTO sys_sub_task VALUES ('105', '105', '51', '2', '6', '0', '2105', '3105', '0', '');
INSERT INTO sys_sub_task VALUES ('106', '106', '51', '3', '6', '0', '2106', '3106', '0', '');
INSERT INTO sys_sub_task VALUES ('107', '107', '52', '1', '12', '3', '2107', '3107', '0', '');
INSERT INTO sys_sub_task VALUES ('108', '108', '52', '2', '12', '3', '2108', '3108', '0', '');
INSERT INTO sys_sub_task VALUES ('109', '109', '52', '3', '12', '3', '2109', '3109', '0', '');
INSERT INTO sys_sub_task VALUES ('110', '110', '53', '1', '6', '0', '2110', '3110', '0', '');
INSERT INTO sys_sub_task VALUES ('111', '111', '54', '1', '6', '0', '2111', '3111', '0', '');
INSERT INTO sys_sub_task VALUES ('112', '112', '55', '1', '6', '0', '2112', '3112', '0', '');
INSERT INTO sys_sub_task VALUES ('113', '113', '55', '2', '6', '0', '2113', '3113', '0', '');
INSERT INTO sys_sub_task VALUES ('114', '114', '55', '3', '6', '0', '2114', '3114', '0', '');
INSERT INTO sys_sub_task VALUES ('115', '115', '56', '1', '6', '0', '2115', '3115', '0', '');
INSERT INTO sys_sub_task VALUES ('116', '116', '56', '2', '6', '0', '2116', '3116', '0', '');
INSERT INTO sys_sub_task VALUES ('117', '117', '57', '1', '12', '3', '2117', '3117', '0', '');
INSERT INTO sys_sub_task VALUES ('118', '118', '57', '2', '12', '3', '2118', '3118', '0', '');
INSERT INTO sys_sub_task VALUES ('119', '119', '57', '3', '12', '3', '2119', '3119', '0', '');
INSERT INTO sys_sub_task VALUES ('120', '120', '58', '1', '6', '0', '2120', '3120', '0', '');
INSERT INTO sys_sub_task VALUES ('121', '121', '58', '2', '6', '0', '2121', '3121', '0', '');
INSERT INTO sys_sub_task VALUES ('122', '122', '58', '3', '6', '0', '2122', '3122', '0', '');
INSERT INTO sys_sub_task VALUES ('123', '123', '59', '1', '6', '0', '2123', '3123', '0', '');
INSERT INTO sys_sub_task VALUES ('124', '124', '60', '1', '6', '0', '2124', '3124', '0', '');
INSERT INTO sys_sub_task VALUES ('125', '125', '61', '1', '6', '0', '2125', '3125', '0', '');
INSERT INTO sys_sub_task VALUES ('126', '126', '61', '2', '6', '0', '2126', '3126', '0', '');
INSERT INTO sys_sub_task VALUES ('127', '127', '61', '3', '6', '0', '2127', '3127', '0', '');
INSERT INTO sys_sub_task VALUES ('128', '128', '62', '1', '6', '0', '2128', '3128', '0', '');
INSERT INTO sys_sub_task VALUES ('129', '129', '62', '2', '6', '0', '2129', '3129', '0', '');
INSERT INTO sys_sub_task VALUES ('130', '130', '62', '3', '6', '0', '2130', '3130', '0', '');
INSERT INTO sys_sub_task VALUES ('131', '131', '63', '1', '12', '3', '2131', '3131', '0', '');
INSERT INTO sys_sub_task VALUES ('132', '132', '63', '2', '12', '3', '2132', '3132', '0', '');
INSERT INTO sys_sub_task VALUES ('133', '133', '63', '3', '12', '3', '2133', '3133', '0', '');
INSERT INTO sys_sub_task VALUES ('134', '134', '64', '1', '6', '0', '2134', '3134', '0', '');
INSERT INTO sys_sub_task VALUES ('135', '135', '65', '1', '6', '0', '2135', '3135', '0', '');
INSERT INTO sys_sub_task VALUES ('136', '136', '66', '1', '6', '0', '2136', '3136', '0', '');
INSERT INTO sys_sub_task VALUES ('137', '137', '66', '2', '6', '0', '2137', '3137', '0', '');
INSERT INTO sys_sub_task VALUES ('138', '138', '66', '3', '6', '0', '2138', '3138', '0', '');
INSERT INTO sys_sub_task VALUES ('139', '139', '67', '1', '6', '0', '2139', '3139', '0', '');
INSERT INTO sys_sub_task VALUES ('140', '140', '67', '2', '6', '0', '2140', '3140', '0', '');
INSERT INTO sys_sub_task VALUES ('141', '141', '67', '3', '6', '0', '2141', '3141', '0', '');
INSERT INTO sys_sub_task VALUES ('142', '142', '68', '1', '12', '3', '2142', '3142', '0', '');
INSERT INTO sys_sub_task VALUES ('143', '143', '68', '2', '12', '3', '2143', '3143', '0', '');
INSERT INTO sys_sub_task VALUES ('144', '144', '68', '3', '12', '3', '2144', '3144', '0', '');
INSERT INTO sys_sub_task VALUES ('145', '145', '69', '1', '6', '0', '2145', '3145', '0', '');
INSERT INTO sys_sub_task VALUES ('146', '146', '70', '1', '6', '0', '2146', '3146', '0', '');
INSERT INTO sys_sub_task VALUES ('147', '147', '71', '1', '6', '0', '2147', '3147', '0', '');
INSERT INTO sys_sub_task VALUES ('148', '148', '71', '2', '6', '0', '2148', '3148', '0', '');
INSERT INTO sys_sub_task VALUES ('149', '149', '71', '3', '6', '0', '2149', '3149', '0', '');
INSERT INTO sys_sub_task VALUES ('150', '150', '72', '1', '6', '0', '2150', '3150', '0', '');
INSERT INTO sys_sub_task VALUES ('151', '151', '72', '2', '6', '0', '2151', '3151', '0', '');
INSERT INTO sys_sub_task VALUES ('152', '152', '72', '3', '6', '0', '2152', '3152', '0', '');
INSERT INTO sys_sub_task VALUES ('153', '153', '73', '1', '12', '3', '2153', '3153', '0', '');
INSERT INTO sys_sub_task VALUES ('154', '154', '73', '2', '12', '3', '2154', '3154', '0', '');
INSERT INTO sys_sub_task VALUES ('155', '155', '73', '3', '12', '3', '2155', '3155', '0', '');
INSERT INTO sys_sub_task VALUES ('156', '156', '74', '1', '6', '0', '2156', '3156', '0', '');
INSERT INTO sys_sub_task VALUES ('157', '157', '75', '1', '6', '0', '2157', '3157', '0', '');
INSERT INTO sys_sub_task VALUES ('158', '158', '76', '1', '6', '0', '2158', '3158', '0', '');
INSERT INTO sys_sub_task VALUES ('159', '159', '76', '2', '6', '0', '2159', '3159', '0', '');
INSERT INTO sys_sub_task VALUES ('160', '160', '76', '3', '6', '0', '2160', '3160', '0', '');
INSERT INTO sys_sub_task VALUES ('161', '161', '76', '4', '6', '0', '2161', '3161', '0', '');
INSERT INTO sys_sub_task VALUES ('162', '162', '77', '1', '6', '0', '2162', '3162', '0', '');
INSERT INTO sys_sub_task VALUES ('163', '163', '77', '2', '6', '0', '2163', '3163', '0', '');
INSERT INTO sys_sub_task VALUES ('164', '164', '77', '3', '6', '0', '2164', '3164', '0', '');
INSERT INTO sys_sub_task VALUES ('165', '165', '78', '1', '12', '3', '2165', '3165', '0', '');
INSERT INTO sys_sub_task VALUES ('166', '166', '78', '2', '12', '3', '2166', '3166', '0', '');
INSERT INTO sys_sub_task VALUES ('167', '167', '78', '3', '12', '3', '2167', '3167', '0', '');
INSERT INTO sys_sub_task VALUES ('168', '168', '79', '1', '6', '0', '2168', '3168', '0', '');
INSERT INTO sys_sub_task VALUES ('169', '169', '80', '1', '6', '0', '2169', '3169', '0', '');
INSERT INTO sys_sub_task VALUES ('170', '170', '81', '1', '6', '0', '2170', '3170', '0', '');
INSERT INTO sys_sub_task VALUES ('171', '171', '81', '2', '6', '0', '2171', '3171', '0', '');
INSERT INTO sys_sub_task VALUES ('172', '172', '81', '3', '6', '0', '2172', '3172', '0', '');
INSERT INTO sys_sub_task VALUES ('173', '173', '82', '1', '6', '0', '2173', '3173', '0', '');
INSERT INTO sys_sub_task VALUES ('174', '174', '82', '2', '6', '0', '2174', '3174', '0', '');
INSERT INTO sys_sub_task VALUES ('175', '175', '82', '3', '6', '0', '2175', '3175', '0', '');
INSERT INTO sys_sub_task VALUES ('176', '176', '83', '1', '12', '3', '2176', '3176', '0', '');
INSERT INTO sys_sub_task VALUES ('177', '177', '83', '2', '12', '3', '2177', '3177', '0', '');
INSERT INTO sys_sub_task VALUES ('178', '178', '83', '3', '12', '3', '2178', '3178', '0', '');
INSERT INTO sys_sub_task VALUES ('179', '179', '84', '1', '6', '0', '2179', '3179', '0', '');
INSERT INTO sys_sub_task VALUES ('180', '180', '85', '1', '6', '0', '2180', '3180', '0', '');
INSERT INTO sys_sub_task VALUES ('181', '181', '86', '1', '6', '0', '2181', '3181', '0', '');
INSERT INTO sys_sub_task VALUES ('182', '182', '86', '2', '6', '0', '2182', '3182', '0', '');
INSERT INTO sys_sub_task VALUES ('183', '183', '86', '3', '6', '0', '2183', '3183', '0', '');
INSERT INTO sys_sub_task VALUES ('184', '184', '87', '1', '6', '0', '2184', '3184', '0', '');
INSERT INTO sys_sub_task VALUES ('185', '185', '87', '2', '6', '0', '2185', '3185', '0', '');
INSERT INTO sys_sub_task VALUES ('186', '186', '87', '3', '6', '0', '2186', '3186', '0', '');
INSERT INTO sys_sub_task VALUES ('187', '187', '88', '1', '12', '3', '2187', '3187', '0', '');
INSERT INTO sys_sub_task VALUES ('188', '188', '88', '2', '12', '3', '2188', '3188', '0', '');
INSERT INTO sys_sub_task VALUES ('189', '189', '88', '3', '12', '3', '2189', '3189', '0', '');
INSERT INTO sys_sub_task VALUES ('190', '190', '89', '1', '6', '0', '2190', '3190', '0', '');
INSERT INTO sys_sub_task VALUES ('191', '191', '90', '1', '6', '0', '2191', '3191', '0', '');
INSERT INTO sys_sub_task VALUES ('192', '192', '91', '1', '6', '0', '2192', '3192', '0', '');
INSERT INTO sys_sub_task VALUES ('193', '193', '91', '2', '6', '0', '2193', '3193', '0', '');
INSERT INTO sys_sub_task VALUES ('194', '194', '91', '3', '6', '0', '2194', '3194', '0', '');
INSERT INTO sys_sub_task VALUES ('195', '195', '92', '1', '6', '0', '2195', '3195', '0', '');
INSERT INTO sys_sub_task VALUES ('196', '196', '92', '2', '6', '0', '2196', '3196', '0', '');
INSERT INTO sys_sub_task VALUES ('197', '197', '92', '3', '6', '0', '2197', '3197', '0', '');
INSERT INTO sys_sub_task VALUES ('198', '198', '93', '1', '12', '3', '2198', '3198', '0', '');
INSERT INTO sys_sub_task VALUES ('199', '199', '93', '2', '12', '3', '2199', '3199', '0', '');
INSERT INTO sys_sub_task VALUES ('200', '200', '93', '3', '12', '3', '2200', '3200', '0', '');
INSERT INTO sys_sub_task VALUES ('201', '201', '94', '1', '6', '0', '2201', '3201', '0', '');
INSERT INTO sys_sub_task VALUES ('202', '202', '95', '1', '6', '0', '2202', '3202', '0', '');
INSERT INTO sys_sub_task VALUES ('203', '203', '96', '1', '6', '0', '2203', '3203', '0', '');
INSERT INTO sys_sub_task VALUES ('204', '204', '96', '2', '6', '0', '2204', '3204', '0', '');
INSERT INTO sys_sub_task VALUES ('205', '205', '96', '3', '6', '0', '2205', '3205', '0', '');
INSERT INTO sys_sub_task VALUES ('206', '206', '97', '1', '6', '0', '2206', '3206', '0', '');
INSERT INTO sys_sub_task VALUES ('207', '207', '97', '2', '6', '0', '2207', '3207', '0', '');
INSERT INTO sys_sub_task VALUES ('208', '208', '97', '3', '6', '0', '2208', '3208', '0', '');
INSERT INTO sys_sub_task VALUES ('209', '209', '98', '1', '12', '3', '2209', '3209', '0', '');
INSERT INTO sys_sub_task VALUES ('210', '210', '98', '2', '12', '3', '2210', '3210', '0', '');
INSERT INTO sys_sub_task VALUES ('211', '211', '98', '3', '12', '3', '2211', '3211', '0', '');
INSERT INTO sys_sub_task VALUES ('212', '212', '99', '1', '6', '0', '2212', '3212', '0', '');
INSERT INTO sys_sub_task VALUES ('213', '213', '100', '1', '6', '0', '2213', '3213', '0', '');
INSERT INTO sys_sub_task VALUES ('214', '214', '101', '1', '6', '0', '2214', '3214', '0', '');
INSERT INTO sys_sub_task VALUES ('215', '215', '101', '2', '6', '0', '2215', '3215', '0', '');
INSERT INTO sys_sub_task VALUES ('216', '216', '101', '3', '6', '0', '2216', '3216', '0', '');
INSERT INTO sys_sub_task VALUES ('217', '217', '102', '1', '6', '0', '2217', '3217', '0', '');
INSERT INTO sys_sub_task VALUES ('218', '218', '102', '2', '6', '0', '2218', '3218', '0', '');
INSERT INTO sys_sub_task VALUES ('219', '219', '102', '3', '6', '0', '2219', '3219', '0', '');
INSERT INTO sys_sub_task VALUES ('220', '220', '103', '1', '12', '3', '2220', '3220', '0', '');
INSERT INTO sys_sub_task VALUES ('221', '221', '103', '2', '12', '3', '2221', '3221', '0', '');
INSERT INTO sys_sub_task VALUES ('222', '222', '103', '3', '12', '3', '2222', '3222', '0', '');

-- ----------------------------
-- Table structure for `sys_synthetic_formula`
-- ----------------------------
DROP TABLE IF EXISTS `sys_synthetic_formula`;
CREATE TABLE `sys_synthetic_formula` (
  `id` int(10) unsigned NOT NULL AUTO_INCREMENT,
  `synthetic_formula_id` int(10) unsigned NOT NULL,
  `target_element_type` tinyint(3) unsigned NOT NULL COMMENT '合成物品类型 英雄  道具 装备 等等',
  `target_element_id` int(10) unsigned NOT NULL COMMENT '合成元素id',
  `src_element_type_id_num_arr` varchar(1023) NOT NULL COMMENT '元素类型-id-数量 如：1-234-1|1-555-5',
  PRIMARY KEY (`id`),
  UNIQUE KEY `synthetic_formula_id` (`synthetic_formula_id`)
) ENGINE=InnoDB DEFAULT CHARSET=utf8;

-- ----------------------------
-- Records of sys_synthetic_formula
-- ----------------------------

-- ----------------------------
-- Table structure for `sys_task`
-- ----------------------------
DROP TABLE IF EXISTS `sys_task`;
CREATE TABLE `sys_task` (
  `id` int(10) unsigned NOT NULL AUTO_INCREMENT,
  `task_id` int(10) unsigned NOT NULL COMMENT '任务id，全局唯一',
  `type` tinyint(2) unsigned NOT NULL COMMENT '类型 1.主线 2.支线 3.活动 4.经验 5.金币',
  `name` varchar(63) NOT NULL COMMENT '名字',
  `desc` varchar(255) DEFAULT NULL COMMENT '描述',
  `mappoint_id` int(10) unsigned DEFAULT NULL COMMENT '任务所属的据点，有的有，有的没有',
  `priority` float unsigned DEFAULT NULL COMMENT '任务优先级， 值越小越在前。控制 主线任务的顺序，支线任务的显示顺序 如:某城市中有多个任务；活动任务列表 ',
  `total_enter_num_per_day` int(10) unsigned NOT NULL COMMENT '有且仅有type = 3 活动任务时有效（金币和经验活动次数配置在vip表）： 活动任务所属所有子任务每日允许进入次数总和',
  `enter_condition_arr` varchar(255) NOT NULL COMMENT '进入条件配置：1.时间 2.职业 3.势力  格式 condition_type - condition_sub_type(时间子类型 或 职业 或 势力) - min - max',
  `prize_element_type_id_num_arr` varchar(1023) DEFAULT NULL COMMENT '所有子任务完成后的奖励物品类型-id-数量',
  `unlock_mappoint_id_arr` varchar(63) NOT NULL DEFAULT '' COMMENT '任务完成时解锁的据点ID',
  `background_img` varchar(63) NOT NULL DEFAULT '',
  `hidden` tinyint(1) unsigned NOT NULL DEFAULT '0' COMMENT '是否隐藏 0否 1是',
  PRIMARY KEY (`id`),
  UNIQUE KEY `instance_id` (`task_id`),
  KEY `type` (`type`),
  KEY `mappoint_id` (`mappoint_id`)
) ENGINE=InnoDB AUTO_INCREMENT=104 DEFAULT CHARSET=utf8;

-- ----------------------------
-- Records of sys_task
-- ----------------------------
INSERT INTO sys_task VALUES ('1', '1', '1', '逐鹿', '', '1', '1', '0', '', '', '2', '', '0');
INSERT INTO sys_task VALUES ('2', '2', '1', '心结', '', '2', '2', '0', '', '8-2006-10', '3', '', '0');
INSERT INTO sys_task VALUES ('3', '3', '2', '破釜沉舟', '', '2', '0', '0', '', '13-0-20', '', '', '0');
INSERT INTO sys_task VALUES ('4', '4', '2', '鸿门宴', '', '2', '1', '0', '', '8-2006-5', '', '', '0');
INSERT INTO sys_task VALUES ('5', '5', '1', '平原', '', '3', '3', '0', '', '', '4', '', '0');
INSERT INTO sys_task VALUES ('6', '6', '1', '北海', '', '4', '4', '0', '', '', '5', '', '0');
INSERT INTO sys_task VALUES ('7', '7', '1', '反间计', '', '5', '5', '0', '', '12-0-10000', '', '', '0');
INSERT INTO sys_task VALUES ('8', '8', '1', '徐州攻防战', '', '5', '6', '0', '', '12-0-20000', '6', '', '0');
INSERT INTO sys_task VALUES ('9', '9', '2', '辕门射戟', '', '5', '0', '0', '', '13-0-30', '', '', '0');
INSERT INTO sys_task VALUES ('10', '10', '2', '群英战吕布', '', '5', '1', '0', '', '8-2005-5', '', '', '0');
INSERT INTO sys_task VALUES ('11', '11', '1', '小沛', '', '6', '7', '0', '', '', '7', '', '0');
INSERT INTO sys_task VALUES ('12', '12', '1', '许昌', '', '7', '8', '0', '', '', '8', '', '0');
INSERT INTO sys_task VALUES ('13', '13', '1', '净化冤魂', '', '8', '9', '0', '', '12-0-30000', '9', '', '0');
INSERT INTO sys_task VALUES ('14', '14', '2', '大战朱仙镇', '', '8', '0', '0', '', '13-0-100', '', '', '0');
INSERT INTO sys_task VALUES ('15', '15', '2', '精忠报国', '', '8', '1', '0', '', '8-2007-5', '', '', '0');
INSERT INTO sys_task VALUES ('16', '16', '1', '函谷关', '', '9', '10', '0', '', '', '10', '', '0');
INSERT INTO sys_task VALUES ('17', '17', '1', '潼关', '', '10', '11', '0', '', '', '11', '', '0');
INSERT INTO sys_task VALUES ('18', '18', '1', '双雄争霸', '', '11', '12', '0', '', '13-0-30', '12', '', '0');
INSERT INTO sys_task VALUES ('19', '19', '4', '野性的力量', '', '11', '0', '0', '1-4-0-100800|1-4-187200-273600|1-4-360000-446400|1-4-532800-604799', '8-505-50', '', '', '0');
INSERT INTO sys_task VALUES ('20', '20', '5', '金钱抢夺战', '', '11', '0', '0', '1-4-0-14400|1-4-100800-187200|1-4-273600-360000|1-4-446400-604799', '8-705-5', '', '', '0');
INSERT INTO sys_task VALUES ('21', '21', '1', '渭南', '', '12', '13', '0', '', '', '13', '', '0');
INSERT INTO sys_task VALUES ('22', '22', '1', '泾阳', '', '13', '14', '0', '', '', '14', '', '0');
INSERT INTO sys_task VALUES ('23', '23', '1', '消失的国都', '', '14', '15', '0', '', '12-0-40000', '', '', '0');
INSERT INTO sys_task VALUES ('24', '24', '1', '傲气女王', '', '14', '16', '0', '', '13-0-40', '15', '', '0');
INSERT INTO sys_task VALUES ('25', '25', '2', '倒长城之战', '', '14', '0', '0', '', '8-2018-5', '', '', '0');
INSERT INTO sys_task VALUES ('26', '26', '2', '刺秦', '', '14', '1', '0', '', '8-2011-5', '', '', '0');
INSERT INTO sys_task VALUES ('27', '27', '1', '汉中', '', '15', '17', '0', '', '', '16', '', '0');
INSERT INTO sys_task VALUES ('28', '28', '1', '剑阁', '', '16', '18', '0', '', '', '17', '', '0');
INSERT INTO sys_task VALUES ('29', '29', '1', '破灭的执念', '', '17', '19', '0', '', '13-0-40', '18', '', '0');
INSERT INTO sys_task VALUES ('30', '30', '2', '梦想破碎', '', '17', '0', '0', '', '8-2004-5', '', '', '0');
INSERT INTO sys_task VALUES ('31', '31', '1', '昆仑关', '', '18', '20', '0', '', '', '19', '', '0');
INSERT INTO sys_task VALUES ('32', '32', '1', '神农架', '', '19', '21', '0', '', '', '20', '', '0');
INSERT INTO sys_task VALUES ('33', '33', '1', '实力的比拼', '', '20', '22', '0', '', '13-0-50', '21', '', '0');
INSERT INTO sys_task VALUES ('34', '34', '2', '百步穿杨', '', '20', '0', '0', '', '8-2013-5', '', '', '0');
INSERT INTO sys_task VALUES ('35', '35', '2', '三箭定天下', '', '20', '1', '0', '', '8-2002-5', '', '', '0');
INSERT INTO sys_task VALUES ('36', '36', '1', '乌林', '', '21', '23', '0', '', '', '22', '', '0');
INSERT INTO sys_task VALUES ('37', '37', '1', '洞庭', '', '22', '24', '0', '', '', '23', '', '0');
INSERT INTO sys_task VALUES ('38', '38', '1', '鬼踪魔影', '', '23', '25', '0', '', '13-0-50', '24', '', '0');
INSERT INTO sys_task VALUES ('39', '39', '1', '赤壁', '', '24', '26', '0', '', '', '25', '', '0');
INSERT INTO sys_task VALUES ('40', '40', '1', '庐陵', '', '25', '27', '0', '', '', '26', '', '0');
INSERT INTO sys_task VALUES ('41', '41', '1', '神秘预言', '', '26', '28', '0', '', '12-0-50000', '', '', '0');
INSERT INTO sys_task VALUES ('42', '42', '1', '迷信的后果', '', '26', '29', '0', '', '13-0-100', '27', '', '0');
INSERT INTO sys_task VALUES ('43', '43', '2', '龙王的报复', '', '26', '0', '0', '', '8-2009-5', '', '', '0');
INSERT INTO sys_task VALUES ('44', '44', '1', '钱塘', '', '27', '30', '0', '', '', '28', '', '0');
INSERT INTO sys_task VALUES ('45', '45', '1', '澎湖', '', '28', '31', '0', '', '', '29', '', '0');
INSERT INTO sys_task VALUES ('46', '46', '1', '远方的来客', '', '29', '32', '0', '', '12-0-50000', '', '', '0');
INSERT INTO sys_task VALUES ('47', '47', '1', '海洋的野望', '', '29', '33', '0', '', '13-0-80', '30', '', '0');
INSERT INTO sys_task VALUES ('48', '48', '2', '宝岛守卫战', '', '29', '0', '0', '', '8-2010-5', '', '', '0');
INSERT INTO sys_task VALUES ('49', '49', '1', '钓鱼岛', '', '30', '34', '0', '', '', '31', '', '0');
INSERT INTO sys_task VALUES ('50', '50', '1', '蓬莱', '', '31', '35', '0', '', '', '32', '', '0');
INSERT INTO sys_task VALUES ('51', '51', '1', '远征', '', '32', '36', '0', '', '13-0-100', '33', '', '0');
INSERT INTO sys_task VALUES ('52', '52', '2', '半岛攻势', '', '32', '0', '0', '', '13-0-100', '', '', '0');
INSERT INTO sys_task VALUES ('53', '53', '1', '辽东', '', '33', '37', '0', '', '', '34', '', '0');
INSERT INTO sys_task VALUES ('54', '54', '1', '山海关', '', '34', '38', '0', '', '', '35', '', '0');
INSERT INTO sys_task VALUES ('55', '55', '1', '强势的突击', '', '35', '39', '0', '', '12-0-50000', '', '', '0');
INSERT INTO sys_task VALUES ('56', '56', '1', '一战定乾坤', '', '35', '40', '0', '', '13-0-80', '36', '', '0');
INSERT INTO sys_task VALUES ('57', '57', '2', '问鼎天下', '', '35', '0', '0', '', '8-401-10', '', '', '0');
INSERT INTO sys_task VALUES ('58', '58', '1', '巨蛇的袭击', '', '36', '41', '0', '', '12-0-50000', '37', '', '0');
INSERT INTO sys_task VALUES ('59', '59', '1', '壹岐', '', '37', '42', '0', '', '', '38', '', '0');
INSERT INTO sys_task VALUES ('60', '60', '1', '长崎', '', '38', '43', '0', '', '', '39', '', '0');
INSERT INTO sys_task VALUES ('61', '61', '1', '女王的威慑', '', '39', '44', '0', '', '12-0-80000', '', '', '0');
INSERT INTO sys_task VALUES ('62', '62', '1', '破坏盟约', '', '39', '45', '0', '', '13-0-100', '40', '', '0');
INSERT INTO sys_task VALUES ('63', '63', '2', '佛见竹山', '', '39', '0', '0', '', '8-2015-5', '', '', '0');
INSERT INTO sys_task VALUES ('64', '64', '1', '日向', '', '40', '46', '0', '', '', '41', '', '0');
INSERT INTO sys_task VALUES ('65', '65', '1', '北九州', '', '41', '47', '0', '', '', '42', '', '0');
INSERT INTO sys_task VALUES ('66', '66', '1', '小人物的奋斗', '', '42', '48', '0', '', '12-0-80000', '', '', '0');
INSERT INTO sys_task VALUES ('67', '67', '1', '天命太阁', '', '42', '49', '0', '', '13-0-100', '43', '', '0');
INSERT INTO sys_task VALUES ('68', '68', '2', '水淹高松城', '', '42', '0', '0', '', '13-0-100', '', '', '0');
INSERT INTO sys_task VALUES ('69', '69', '1', '松山', '', '43', '50', '0', '', '', '44', '', '0');
INSERT INTO sys_task VALUES ('70', '70', '1', '南国', '', '44', '51', '0', '', '', '45', '', '0');
INSERT INTO sys_task VALUES ('71', '71', '1', '阴阳梦境', '', '45', '52', '0', '', '12-0-100000', '', '', '0');
INSERT INTO sys_task VALUES ('72', '72', '1', '因果轮回', '', '45', '53', '0', '', '13-0-100', '46', '', '0');
INSERT INTO sys_task VALUES ('73', '73', '2', '晴明物语', '', '45', '0', '0', '', '8-2011-5', '', '', '0');
INSERT INTO sys_task VALUES ('74', '74', '1', '神户', '', '46', '54', '0', '', '', '47', '', '0');
INSERT INTO sys_task VALUES ('75', '75', '1', '冈山', '', '47', '55', '0', '', '', '48', '', '0');
INSERT INTO sys_task VALUES ('76', '76', '1', '风林火山', '', '48', '56', '0', '', '12-0-100000', '', '', '0');
INSERT INTO sys_task VALUES ('77', '77', '1', '京都之殇', '', '48', '57', '0', '', '13-0-100', '49', '', '0');
INSERT INTO sys_task VALUES ('78', '78', '2', '忍术一隐', '', '48', '0', '0', '', '8-2014-5', '', '', '0');
INSERT INTO sys_task VALUES ('79', '79', '1', '甲贺', '', '49', '58', '0', '', '', '50', '', '0');
INSERT INTO sys_task VALUES ('80', '80', '1', '伊贺', '', '50', '59', '0', '', '', '51', '', '0');
INSERT INTO sys_task VALUES ('81', '81', '1', '疯狂的织田', '', '51', '60', '0', '', '12-0-120000', '', '', '0');
INSERT INTO sys_task VALUES ('82', '82', '1', '失陷的名古屋', '', '51', '61', '0', '', '13-0-100', '52', '', '0');
INSERT INTO sys_task VALUES ('83', '83', '2', '信长的野望', '', '51', '0', '0', '', '13-0-100', '', '', '0');
INSERT INTO sys_task VALUES ('84', '84', '1', '长野', '', '52', '62', '0', '', '', '53', '', '0');
INSERT INTO sys_task VALUES ('85', '85', '1', '静冈', '', '53', '63', '0', '', '', '54', '', '0');
INSERT INTO sys_task VALUES ('86', '86', '1', '五方道馆', '', '54', '64', '0', '', '12-0-120000', '', '', '0');
INSERT INTO sys_task VALUES ('87', '87', '1', '沉没的东京', '', '54', '65', '0', '', '13-0-100', '55', '', '0');
INSERT INTO sys_task VALUES ('88', '88', '2', '武道', '', '54', '0', '0', '', '8-2012-5', '', '', '0');
INSERT INTO sys_task VALUES ('89', '89', '1', '千叶', '', '55', '66', '0', '', '', '56', '', '0');
INSERT INTO sys_task VALUES ('90', '90', '1', '相马', '', '56', '67', '0', '', '', '57', '', '0');
INSERT INTO sys_task VALUES ('91', '91', '1', '邪恶的恐怖', '', '57', '68', '0', '', '12-0-150000', '', '', '0');
INSERT INTO sys_task VALUES ('92', '92', '1', '破碎的信仰', '', '57', '69', '0', '', '13-0-100', '58', '', '0');
INSERT INTO sys_task VALUES ('93', '93', '3', '活动副本', '', '57', '0', '5', '', '8-2021-5', '', '', '0');
INSERT INTO sys_task VALUES ('94', '94', '1', '青森', '', '58', '70', '0', '', '', '59', '', '0');
INSERT INTO sys_task VALUES ('95', '95', '1', '秋田', '', '59', '71', '0', '', '', '60', '', '0');
INSERT INTO sys_task VALUES ('96', '96', '1', '公主的傲然', '', '60', '72', '0', '', '12-0-150000', '', '', '0');
INSERT INTO sys_task VALUES ('97', '97', '1', '时代的终结', '', '60', '73', '0', '', '13-0-100', '61', '', '0');
INSERT INTO sys_task VALUES ('98', '98', '2', '浓姬归蝶', '', '60', '0', '0', '', '8-2023-5', '', '', '0');
INSERT INTO sys_task VALUES ('99', '99', '1', '富山', '', '61', '74', '0', '', '', '62', '', '0');
INSERT INTO sys_task VALUES ('100', '100', '1', '七尾', '', '62', '75', '0', '', '', '63', '', '0');
INSERT INTO sys_task VALUES ('101', '101', '1', '魔焰滔天', '', '63', '76', '0', '', '12-0-180000', '', '', '0');
INSERT INTO sys_task VALUES ('102', '102', '1', '八岐大蛇的末日', '', '63', '77', '0', '', '13-0-100', '', '', '0');
INSERT INTO sys_task VALUES ('103', '103', '2', '大蛇的真相', '', '63', '0', '0', '', '8-402-10', '', '', '0');

-- ----------------------------
-- Table structure for `sys_user_level`
-- ----------------------------
DROP TABLE IF EXISTS `sys_user_level`;
CREATE TABLE `sys_user_level` (
  `level` int(10) unsigned NOT NULL COMMENT '当前等级',
  `exp_for_next_level` int(10) unsigned NOT NULL COMMENT '下一级所需要的经验',
  PRIMARY KEY (`level`)
) ENGINE=InnoDB DEFAULT CHARSET=utf8;

-- ----------------------------
-- Records of sys_user_level
-- ----------------------------
INSERT INTO sys_user_level VALUES ('1', '6');
INSERT INTO sys_user_level VALUES ('2', '12');
INSERT INTO sys_user_level VALUES ('3', '18');
INSERT INTO sys_user_level VALUES ('4', '38');
INSERT INTO sys_user_level VALUES ('5', '55');
INSERT INTO sys_user_level VALUES ('6', '65');
INSERT INTO sys_user_level VALUES ('7', '75');
INSERT INTO sys_user_level VALUES ('8', '85');
INSERT INTO sys_user_level VALUES ('9', '95');
INSERT INTO sys_user_level VALUES ('10', '105');
INSERT INTO sys_user_level VALUES ('11', '115');
INSERT INTO sys_user_level VALUES ('12', '125');
INSERT INTO sys_user_level VALUES ('13', '135');
INSERT INTO sys_user_level VALUES ('14', '145');
INSERT INTO sys_user_level VALUES ('15', '155');
INSERT INTO sys_user_level VALUES ('16', '165');
INSERT INTO sys_user_level VALUES ('17', '175');
INSERT INTO sys_user_level VALUES ('18', '185');
INSERT INTO sys_user_level VALUES ('19', '195');
INSERT INTO sys_user_level VALUES ('20', '221');
INSERT INTO sys_user_level VALUES ('21', '247');
INSERT INTO sys_user_level VALUES ('22', '273');
INSERT INTO sys_user_level VALUES ('23', '299');
INSERT INTO sys_user_level VALUES ('24', '325');
INSERT INTO sys_user_level VALUES ('25', '351');
INSERT INTO sys_user_level VALUES ('26', '377');
INSERT INTO sys_user_level VALUES ('27', '403');
INSERT INTO sys_user_level VALUES ('28', '429');
INSERT INTO sys_user_level VALUES ('29', '455');
INSERT INTO sys_user_level VALUES ('30', '575');
INSERT INTO sys_user_level VALUES ('31', '695');
INSERT INTO sys_user_level VALUES ('32', '815');
INSERT INTO sys_user_level VALUES ('33', '935');
INSERT INTO sys_user_level VALUES ('34', '1055');
INSERT INTO sys_user_level VALUES ('35', '1175');
INSERT INTO sys_user_level VALUES ('36', '1295');
INSERT INTO sys_user_level VALUES ('37', '1415');
INSERT INTO sys_user_level VALUES ('38', '1535');
INSERT INTO sys_user_level VALUES ('39', '1655');
INSERT INTO sys_user_level VALUES ('40', '1785');
INSERT INTO sys_user_level VALUES ('41', '1915');
INSERT INTO sys_user_level VALUES ('42', '2045');
INSERT INTO sys_user_level VALUES ('43', '2175');
INSERT INTO sys_user_level VALUES ('44', '2305');
INSERT INTO sys_user_level VALUES ('45', '2435');
INSERT INTO sys_user_level VALUES ('46', '2565');
INSERT INTO sys_user_level VALUES ('47', '2695');
INSERT INTO sys_user_level VALUES ('48', '2825');
INSERT INTO sys_user_level VALUES ('49', '2955');
INSERT INTO sys_user_level VALUES ('50', '3095');
INSERT INTO sys_user_level VALUES ('51', '3235');
INSERT INTO sys_user_level VALUES ('52', '3375');
INSERT INTO sys_user_level VALUES ('53', '3515');
INSERT INTO sys_user_level VALUES ('54', '3655');
INSERT INTO sys_user_level VALUES ('55', '3795');
INSERT INTO sys_user_level VALUES ('56', '3935');
INSERT INTO sys_user_level VALUES ('57', '4075');
INSERT INTO sys_user_level VALUES ('58', '4215');
INSERT INTO sys_user_level VALUES ('59', '4355');
INSERT INTO sys_user_level VALUES ('60', '4505');
INSERT INTO sys_user_level VALUES ('61', '4655');
INSERT INTO sys_user_level VALUES ('62', '4805');
INSERT INTO sys_user_level VALUES ('63', '4955');
INSERT INTO sys_user_level VALUES ('64', '5105');
INSERT INTO sys_user_level VALUES ('65', '5255');
INSERT INTO sys_user_level VALUES ('66', '5405');
INSERT INTO sys_user_level VALUES ('67', '5555');
INSERT INTO sys_user_level VALUES ('68', '5705');
INSERT INTO sys_user_level VALUES ('69', '5855');
INSERT INTO sys_user_level VALUES ('70', '6015');
INSERT INTO sys_user_level VALUES ('71', '6175');
INSERT INTO sys_user_level VALUES ('72', '6335');
INSERT INTO sys_user_level VALUES ('73', '6495');
INSERT INTO sys_user_level VALUES ('74', '6655');
INSERT INTO sys_user_level VALUES ('75', '6815');
INSERT INTO sys_user_level VALUES ('76', '6975');
INSERT INTO sys_user_level VALUES ('77', '7135');
INSERT INTO sys_user_level VALUES ('78', '7295');
INSERT INTO sys_user_level VALUES ('79', '7455');
INSERT INTO sys_user_level VALUES ('80', '0');

-- ----------------------------
-- Table structure for `sys_vip`
-- ----------------------------
DROP TABLE IF EXISTS `sys_vip`;
CREATE TABLE `sys_vip` (
  `vip_level` int(10) unsigned NOT NULL COMMENT 'vip等级',
  `rmb` int(10) unsigned NOT NULL COMMENT '达到此等级需要达到的累计充值金额',
  `buy_num_health` int(10) unsigned NOT NULL COMMENT '可购买体力次数',
  `buy_num_instance` int(10) unsigned NOT NULL COMMENT '控制购买精英副本次数',
  `buy_num_arena` int(10) unsigned NOT NULL COMMENT '控制购买竞技场挑战次数',
  `buy_num_gold` int(10) unsigned NOT NULL COMMENT '控制可点金次数',
  `max_num_skill_point` int(10) unsigned NOT NULL COMMENT '玩家每次回复技能点',
  `max_num_exp_battle` int(10) unsigned NOT NULL COMMENT '每日经验活动副本次数',
  `max_num_gold_battle` int(10) unsigned NOT NULL COMMENT '每日金币活动副本次数',
  `max_num_tower` int(10) unsigned NOT NULL COMMENT '每日爬塔次数',
  `max_num_crusade` int(10) unsigned NOT NULL COMMENT '每日远征次数',
  `max_times_buy_skill_point` int(10) unsigned NOT NULL COMMENT '购买技能点次数上限'
) ENGINE=InnoDB DEFAULT CHARSET=utf8;

-- ----------------------------
-- Records of sys_vip
-- ----------------------------
INSERT INTO sys_vip VALUES ('1', '0', '1', '0', '0', '3', '10', '3', '3', '1', '1', '3');
INSERT INTO sys_vip VALUES ('2', '1', '2', '1', '0', '4', '10', '3', '3', '1', '1', '4');
INSERT INTO sys_vip VALUES ('3', '10', '3', '2', '1', '5', '10', '3', '3', '1', '1', '5');
INSERT INTO sys_vip VALUES ('4', '30', '4', '3', '2', '6', '10', '3', '3', '1', '1', '6');
INSERT INTO sys_vip VALUES ('5', '50', '5', '4', '3', '8', '20', '3', '3', '1', '1', '8');
INSERT INTO sys_vip VALUES ('6', '100', '6', '5', '4', '10', '20', '3', '3', '1', '1', '10');
INSERT INTO sys_vip VALUES ('7', '200', '7', '6', '5', '12', '20', '6', '6', '1', '1', '12');
INSERT INTO sys_vip VALUES ('8', '300', '8', '7', '6', '14', '20', '6', '6', '1', '1', '14');
INSERT INTO sys_vip VALUES ('9', '500', '9', '8', '7', '16', '20', '6', '6', '1', '1', '16');
INSERT INTO sys_vip VALUES ('10', '700', '10', '9', '8', '18', '20', '6', '6', '2', '1', '18');
INSERT INTO sys_vip VALUES ('11', '1000', '11', '10', '9', '20', '20', '6', '6', '2', '1', '20');
INSERT INTO sys_vip VALUES ('12', '1500', '12', '11', '10', '22', '20', '6', '6', '2', '2', '25');
INSERT INTO sys_vip VALUES ('13', '2000', '13', '12', '11', '24', '20', '6', '6', '2', '2', '30');
INSERT INTO sys_vip VALUES ('14', '5000', '14', '13', '12', '26', '20', '6', '6', '2', '2', '35');
INSERT INTO sys_vip VALUES ('15', '10000', '15', '14', '13', '28', '20', '6', '6', '2', '2', '40');
INSERT INTO sys_vip VALUES ('16', '15000', '16', '15', '14', '30', '20', '6', '6', '2', '2', '50');

-- ----------------------------
-- Table structure for `sys_vip_buy`
-- ----------------------------
DROP TABLE IF EXISTS `sys_vip_buy`;
CREATE TABLE `sys_vip_buy` (
  `buy_type` int(10) unsigned NOT NULL COMMENT '购买的东西：1.体力 2.点金 3.技能点4.自由任务重置5.商店刷新6.竞技场购买',
  `no_less_than_buy_num` int(10) unsigned NOT NULL COMMENT '>=此购买次数的时候',
  `diamond` int(10) unsigned NOT NULL COMMENT '>=no_less_than_buy_num购买次数的时候需要花费的钻石数'
) ENGINE=InnoDB DEFAULT CHARSET=utf8;

-- ----------------------------
-- Records of sys_vip_buy
-- ----------------------------
INSERT INTO sys_vip_buy VALUES ('1', '1', '50');
INSERT INTO sys_vip_buy VALUES ('1', '3', '100');
INSERT INTO sys_vip_buy VALUES ('1', '6', '200');
INSERT INTO sys_vip_buy VALUES ('1', '9', '400');
INSERT INTO sys_vip_buy VALUES ('2', '1', '10');
INSERT INTO sys_vip_buy VALUES ('2', '2', '20');
INSERT INTO sys_vip_buy VALUES ('2', '7', '40');
INSERT INTO sys_vip_buy VALUES ('2', '11', '60');
INSERT INTO sys_vip_buy VALUES ('2', '16', '80');
INSERT INTO sys_vip_buy VALUES ('3', '1', '10');
INSERT INTO sys_vip_buy VALUES ('3', '2', '20');
INSERT INTO sys_vip_buy VALUES ('3', '4', '30');
INSERT INTO sys_vip_buy VALUES ('3', '6', '40');
INSERT INTO sys_vip_buy VALUES ('3', '8', '50');
INSERT INTO sys_vip_buy VALUES ('4', '1', '50');
INSERT INTO sys_vip_buy VALUES ('4', '2', '100');
INSERT INTO sys_vip_buy VALUES ('4', '5', '150');
INSERT INTO sys_vip_buy VALUES ('4', '9', '200');
INSERT INTO sys_vip_buy VALUES ('5', '1', '20');
INSERT INTO sys_vip_buy VALUES ('5', '2', '40');
INSERT INTO sys_vip_buy VALUES ('5', '3', '60');
INSERT INTO sys_vip_buy VALUES ('5', '4', '80');
INSERT INTO sys_vip_buy VALUES ('5', '5', '100');
INSERT INTO sys_vip_buy VALUES ('6', '1', '50');
INSERT INTO sys_vip_buy VALUES ('6', '2', '100');
INSERT INTO sys_vip_buy VALUES ('6', '5', '150');
INSERT INTO sys_vip_buy VALUES ('6', '9', '200');
INSERT INTO sys_vip_buy VALUES ('7', '1', '50');
INSERT INTO sys_vip_buy VALUES ('7', '2', '100');
INSERT INTO sys_vip_buy VALUES ('7', '5', '150');
INSERT INTO sys_vip_buy VALUES ('7', '9', '200');
INSERT INTO sys_vip_buy VALUES ('8', '1', '50');
INSERT INTO sys_vip_buy VALUES ('8', '2', '100');
INSERT INTO sys_vip_buy VALUES ('8', '5', '150');
INSERT INTO sys_vip_buy VALUES ('8', '9', '200');
INSERT INTO sys_vip_buy VALUES ('9', '1', '50');
INSERT INTO sys_vip_buy VALUES ('9', '2', '100');
INSERT INTO sys_vip_buy VALUES ('9', '5', '150');
INSERT INTO sys_vip_buy VALUES ('9', '9', '200');
